{"type":"Topology","bbox":[-73.507239199792,41.23908260581605,-69.92871308883089,42.88653880213395],"objects":{"cd-1":{"type":"GeometryCollection","geometries":[{"type":"MultiPolygon","arcs":[[[0,1,2,3]],[[4,5]],[[6,7]],[[8,9]],[[10,11]],[[12,13]],[[14,15]],[[16,17]],[[18,19]],[[20,21]]],"id":"25011","properties":{"name":"Franklin"}},{"type":"Polygon","arcs":[[22,23,-4,24]],"id":"25003","properties":{"name":"Berkshire"}},{"type":"Polygon","arcs":[[25,26,27,-23]],"id":"25013","properties":{"name":"Hampden"}},{"type":"MultiPolygon","arcs":[[[28,29]],[[30,31,32,-27]],[[33,34]],[[35,36]]],"id":"25027","properties":{"name":"Worcester"}},{"type":"Polygon","arcs":[[-28,-33,37,-37,38,-34,39,-29,40,-21,41,-19,42,-10,43,-12,44,-14,45,-16,46,-18,47,-7,48,-5,49,-1,-24]],"id":"25015","properties":{"name":"Hampshire"}}]},"cd-2":{"type":"GeometryCollection","geometries":[{"type":"Polygon","arcs":[[50,-6,51,-8,52,-17,53,-15,54,-13,55,-11,56,-9,57,-20,58,-22,59,60,61,-2]],"id":"25011","properties":{"name":"Franklin"}},{"type":"Polygon","arcs":[[62,63]],"id":"25021","properties":{"name":"Norfolk"}},{"type":"MultiPolygon","arcs":[[[64,-30,65,-35,66,-36,67,-32,68,69,70,71,72,73,74,75,76,77,78,-61]],[[79,80]],[[81,82]]],"id":"25027","properties":{"name":"Worcester"}},{"type":"MultiPolygon","arcs":[[[-53,-48]],[[-50,-51]],[[-52,-49]],[[-57,-44]],[[-54,-47]],[[-55,-46]],[[-56,-45]],[[-43,-58]],[[-42,-59]],[[-41,-65,-60]],[[-40,-66]],[[-68,-38]],[[-67,-39]]],"id":"25015","properties":{"name":"Hampshire"}},{"type":"MultiPolygon","arcs":[[[83,-77]],[[-75,84]],[[85,-81,86,-83,87,-63,88,89,-71]],[[-73,90,91]]],"id":"25017","properties":{"name":"Middlesex"}}]},"cd-3":{"type":"GeometryCollection","geometries":[{"type":"MultiPolygon","arcs":[[[92,93,94]],[[95,96]]],"id":"25009","properties":{"name":"Essex"}},{"type":"MultiPolygon","arcs":[[[97,98,-78]],[[99,-76]],[[100,-74]]],"id":"25027","properties":{"name":"Worcester"}},{"type":"Polygon","arcs":[[-98,-84,-100,-85,-101,-92,101,102,-97,103,-93,104]],"id":"25017","properties":{"name":"Middlesex"}}]},"cd-4":{"type":"GeometryCollection","geometries":[{"type":"MultiPolygon","arcs":[[[105,106,107]],[[108,109,110]],[[111,112,113]],[[114,115,116]]],"id":"25025","properties":{"name":"Suffolk"}},{"type":"MultiPolygon","arcs":[[[117,118]],[[119,120]]],"id":"25023","properties":{"name":"Plymouth"}},{"type":"Polygon","arcs":[[121,-119,122,-120,123,124,125,126]],"id":"25005","properties":{"name":"Bristol"}},{"type":"MultiPolygon","arcs":[[[127,-126,128,-106,129,130,131,132,133,-64,134,135]],[[136,137]],[[138,139]],[[140,141]],[[-110,142,-117,143,-113,144]]],"id":"25021","properties":{"name":"Norfolk"}},{"type":"Polygon","arcs":[[145,-136,146,-82,147,-80,148,-70]],"id":"25027","properties":{"name":"Worcester"}},{"type":"MultiPolygon","arcs":[[[-149,-86]],[[-148,-87]],[[-147,-135,-88]],[[-134,149,-89]],[[-132,150]],[[-138,151,-140,152,-142,153,-130,-108,154,-111,-145,-112,155,156,157]]],"id":"25017","properties":{"name":"Middlesex"}}]},"cd-5":{"type":"GeometryCollection","geometries":[{"type":"MultiPolygon","arcs":[[[158,159]],[[160,161]],[[162,163,164,165,166,167,168,169,170]]],"id":"25025","properties":{"name":"Suffolk"}},{"type":"MultiPolygon","arcs":[[[-133,171]],[[-131,172,-141,173,-139,174,-137,175]]],"id":"25021","properties":{"name":"Norfolk"}},{"type":"MultiPolygon","arcs":[[[176,-170,177]],[[-168,178]],[[-166,179,180]]],"id":"25009","properties":{"name":"Essex"}},{"type":"Polygon","arcs":[[-72,181]],"id":"25027","properties":{"name":"Worcester"}},{"type":"MultiPolygon","arcs":[[[-150,-172,-151,-176,-158,182,183,-160,184,-162,185,-171,-177,186,-102,-91,-182,-90]],[[-175,-152]],[[-174,-153]],[[-173,-154]]],"id":"25017","properties":{"name":"Middlesex"}}]},"cd-6":{"type":"GeometryCollection","geometries":[{"type":"MultiPolygon","arcs":[[[-169,187]],[[-167,188]]],"id":"25025","properties":{"name":"Suffolk"}},{"type":"Polygon","arcs":[[-178,-188,-179,-189,-181,189,-94,190,-96,191]],"id":"25009","properties":{"name":"Essex"}},{"type":"MultiPolygon","arcs":[[[-187,-192,-103]],[[-191,-104]]],"id":"25017","properties":{"name":"Middlesex"}}]},"cd-7":{"type":"GeometryCollection","geometries":[{"type":"MultiPolygon","arcs":[[[-114,192,-116,193,194,195,196,197,198,-161,199,-159,200]],[[201,202,203,-163,204]]],"id":"25025","properties":{"name":"Suffolk"}},{"type":"MultiPolygon","arcs":[[[205,-195]],[[206,-197]],[[-193,-144]]],"id":"25021","properties":{"name":"Norfolk"}},{"type":"MultiPolygon","arcs":[[[-201,-184,207,-156]],[[-199,208,-205,-186]],[[-200,-185]]],"id":"25017","properties":{"name":"Middlesex"}}]},"cd-8":{"type":"GeometryCollection","geometries":[{"type":"MultiPolygon","arcs":[[[209,-194,-115,210,-109,211,-107]],[[212,-196]],[[213,214,-202,215,-198]],[[216,-164,-204]]],"id":"25025","properties":{"name":"Suffolk"}},{"type":"Polygon","arcs":[[217,218,219,220,221,222]],"id":"25023","properties":{"name":"Plymouth"}},{"type":"Polygon","arcs":[[223,-218,224,-125]],"id":"25005","properties":{"name":"Bristol"}},{"type":"MultiPolygon","arcs":[[[-225,-223,225,-214,-207,-213,-206,-210,-129]],[[-211,-143]],[[226,-220]]],"id":"25021","properties":{"name":"Norfolk"}},{"type":"MultiPolygon","arcs":[[[-212,-155]],[[-216,-209]]],"id":"25017","properties":{"name":"Middlesex"}}]},"cd-9":{"type":"GeometryCollection","geometries":[{"type":"MultiPolygon","arcs":[[[227,-121,228,-118,229,230,231,232,233,-219]],[[234,235,-221]]],"id":"25023","properties":{"name":"Plymouth"}},{"type":"MultiPolygon","arcs":[[[236,-230,-122]],[[-228,-224,-124]],[[-229,-123]]],"id":"25005","properties":{"name":"Bristol"}},{"type":"Polygon","arcs":[[-234,237,-235,-227]],"id":"25021","properties":{"name":"Norfolk"}},{"type":"Polygon","arcs":[[238]],"id":"25019","properties":{"name":"Nantucket"}},{"type":"MultiPolygon","arcs":[[[239]],[[240]]],"id":"25007","properties":{"name":"Dukes"}},{"type":"Polygon","arcs":[[241,-232,242]],"id":"25001","properties":{"name":"Barnstable"}}]}},"arcs":[[[-72.97602368883689,42.55602111150111],[-72.87685394390583,42.54161043412477]],[[-72.87685394390583,42.54161043412477],[-72.877026,42.555425],[-72.848454,42.559069],[-72.831748,42.616627],[-72.82248,42.618798],[-72.81565,42.616807],[-72.802915,42.61666],[-72.783541,42.621296],[-72.764282,42.619428],[-72.754864,42.620925],[-72.74554,42.619374],[-72.743953,42.626817],[-72.736889,42.627021],[-72.735114,42.633108],[-72.766092,42.62926],[-72.772647,42.658334],[-72.821506,42.636877],[-72.835707,42.63507],[-72.842793,42.638098],[-72.842273,42.646614],[-72.851206,42.647145],[-72.854215,42.664652],[-72.855425,42.664615],[-72.859584,42.683087],[-72.854034,42.683207],[-72.86422076321247,42.737334603734666]],[[-72.86422076321247,42.737334603734666],[-72.92936286692867,42.73900082559825],[-73.02268451074511,42.74071894497944]],[[-73.02268451074511,42.74071894497944],[-73.02268451074511,42.70292031859318],[-72.94730933689337,42.704638437974374],[-72.99397015880159,42.673712289112885],[-72.95448792487925,42.66512169220692],[-72.9508986308863,42.6410680208702],[-72.97602368883689,42.55602111150111]],[[-72.8745473342715,42.52576424211259],[-72.87372431295576,42.512566483065164]],[[-72.87372431295576,42.512566483065164],[-72.87032,42.52515],[-72.8745473342715,42.52576424211259]],[[-72.87240001364631,42.49133035848564],[-72.87193416304163,42.48386009749097],[-72.85770339772893,42.4813371465996]],[[-72.85770339772893,42.4813371465996],[-72.871136,42.484041],[-72.87240001364631,42.49133035848564]],[[-72.35217682638654,42.30642217504936],[-72.35507582805828,42.30477818042472]],[[-72.35507582805828,42.30477818042472],[-72.35217682638654,42.30642217504936]],[[-72.35507582805828,42.31479189032433],[-72.35507582805828,42.31640445553881]],[[-72.35507582805828,42.31640445553881],[-72.35507582805828,42.31479189032433]],[[-72.35507582805828,42.31687980024622],[-72.35507582805828,42.31809721870552]],[[-72.35507582805828,42.31809721870552],[-72.35507582805828,42.31687980024622]],[[-72.35507582805828,42.318427747188274],[-72.35507582805828,42.31900994314662]],[[-72.35507582805828,42.31900994314662],[-72.35507582805828,42.318427747188274]],[[-72.35507582805828,42.31954611600177],[-72.351178,42.324884],[-72.351045,42.335166],[-72.35507582805828,42.3404062137342]],[[-72.35507582805828,42.3404062137342],[-72.35507582805828,42.31954611600177]],[[-72.3511313157282,42.3074913479596],[-72.3506726447614,42.30796039967944]],[[-72.3506726447614,42.30796039967944],[-72.3511313157282,42.3074913479596]],[[-72.34985349110244,42.308798092623555],[-72.34922214482846,42.3094437276802]],[[-72.34922214482846,42.3094437276802],[-72.34985349110244,42.308798092623555]],[[-73.05504996956988,42.03991264517106],[-73.07293462664626,42.09384699795997],[-73.06934533265333,42.14796775846758],[-73.03345239272393,42.14367246001459],[-73.00473804078041,42.250195861648606],[-73.00114874678746,42.31290721906218]],[[-73.00114874678746,42.31290721906218],[-73.06216674466745,42.32922935318352],[-73.06575603866038,42.389363531525305],[-73.01191662876629,42.37991387492874],[-72.96884510085101,42.539698977379764],[-72.97602368883689,42.55602111150111]],[[-73.02268451074511,42.74071894497944],[-73.26318705106173,42.74582106233458],[-73.34202343644623,42.53826582426733],[-73.37556931993414,42.44742482047303],[-73.507239199792,42.0861154607446],[-73.49647131781317,42.050034953739534],[-73.43186402594026,42.050894013430124],[-73.340723,42.048365],[-73.233362,42.045055],[-73.13537,42.042379],[-73.05504996956988,42.03991264517106]],[[-73.05504996956988,42.03991264517106],[-73.00832733477334,42.03886717776177],[-72.94899649851739,42.03807827718477],[-72.873327,42.037676],[-72.813784,42.036744],[-72.81704842699264,41.9977396385295],[-72.76772589538963,42.00315612571297],[-72.75707675526755,42.03628999868998],[-72.69933,42.036957],[-72.673032,42.035195],[-72.64417061458514,42.032429585135034],[-72.60632640756407,42.031135640546395],[-72.54220311471776,42.033409304896686],[-72.531549,42.034578],[-72.460119,42.034357],[-72.42084764342077,42.03355275547031],[-72.13612889448895,42.030276580855805]],[[-72.13612889448895,42.030276580855805],[-72.13612889448895,42.161712713517126],[-72.20073618636187,42.161712713517126],[-72.26534347823478,42.18404826547265],[-72.2222719503195,42.24504150350503]],[[-72.2222719503195,42.24504150350503],[-72.3658437100371,42.207242877118766],[-72.39455806198062,42.18576638485384],[-72.40532594395944,42.23215560814607],[-72.59196923159232,42.21153817557175],[-72.62427287752877,42.23387372752727],[-72.59914781957819,42.26823611515115],[-72.63504075950759,42.27424953298532],[-72.65657652346523,42.22786030969309],[-72.6888801694017,42.21325629495294],[-72.68529087540875,42.18318920578205],[-72.78220181321814,42.199511339903395],[-72.79296969519694,42.23645090659906],[-72.85757698706986,42.24074620505204],[-72.87193416304163,42.21669253371533],[-72.91141639696397,42.23902808567085],[-72.8791127510275,42.265658936079355],[-72.88629133901338,42.33266559194591],[-72.95448792487925,42.34383336792367],[-73.00114874678746,42.31290721906218]],[[-72.29036955852682,42.352074548252425],[-72.2761113602136,42.30173944308442],[-72.26164750982034,42.3038549692939]],[[-72.26164750982034,42.3038549692939],[-72.274639,42.301963],[-72.280003,42.329091],[-72.277079,42.329405],[-72.278491,42.336465],[-72.281382,42.336127],[-72.284231,42.35201],[-72.29036955852682,42.352074548252425]],[[-72.13612889448895,42.030276580855805],[-72.0878226694873,42.02828488657087],[-71.98768,42.026884],[-71.95616734074956,42.0260341497528],[-71.8458359703095,42.02414796041266]],[[-71.8458359703095,42.02414796041266],[-71.855733,42.033731],[-71.86146,42.045992],[-71.873105,42.050975],[-71.874371,42.055693],[-71.880387,42.055507],[-71.881771,42.06289],[-71.878978,42.067758],[-71.881509,42.075893],[-71.811328,42.098871],[-71.809217,42.095363],[-71.797177,42.099172],[-71.817956,42.133264],[-71.82953,42.129391],[-71.831942,42.143775],[-71.824853,42.155332],[-71.834485,42.157257],[-71.825488,42.15992],[-71.825959,42.16582],[-71.834924,42.159829],[-71.858096,42.160706],[-71.875802,42.17012],[-71.895135,42.192425],[-71.939356,42.189238],[-71.967291,42.310682],[-72.041168,42.308697],[-72.123667,42.36393],[-72.126627,42.35975],[-72.133476,42.358411],[-72.137178,42.348002],[-72.141155,42.344301],[-72.152521,42.345479],[-72.158586,42.342968],[-72.162393,42.333892],[-72.172308,42.325939],[-72.177172,42.316386],[-72.185221,42.310352],[-72.187294,42.304711],[-72.194226,42.306121],[-72.194031,42.30921],[-72.207183,42.311522],[-72.20499,42.306237],[-72.21426372905441,42.294236376496116]],[[-72.21426372905441,42.294236376496116],[-72.2222719503195,42.24504150350503]],[[-72.21858431462299,42.31015352158992],[-72.21156145163704,42.31083659144201]],[[-72.21156145163704,42.31083659144201],[-72.21858431462299,42.31015352158992]],[[-72.21312137690859,42.30125389847312],[-72.21278303445463,42.30333235178994]],[[-72.21278303445463,42.30333235178994],[-72.21312137690859,42.30125389847312]],[[-72.21426372905441,42.294236376496116],[-72.21312137690859,42.30125389847312]],[[-72.21278303445463,42.30333235178994],[-72.21156145163704,42.31083659144201]],[[-72.21858431462299,42.31015352158992],[-72.261545,42.303331],[-72.26164750982034,42.3038549692939]],[[-72.29036955852682,42.352074548252425],[-72.312176,42.342802],[-72.314778,42.343496],[-72.328219,42.325248],[-72.327223,42.320467],[-72.335246,42.315142],[-72.342091,42.314331],[-72.34922214482846,42.3094437276802]],[[-72.34985349110244,42.308798092623555],[-72.3506726447614,42.30796039967944]],[[-72.3511313157282,42.3074913479596],[-72.35217682638654,42.30642217504936]],[[-72.35507582805828,42.30477818042472],[-72.360632,42.307654],[-72.35507582805828,42.31479189032433]],[[-72.35507582805828,42.31640445553881],[-72.35507582805828,42.31687980024622]],[[-72.35507582805828,42.31809721870552],[-72.35507582805828,42.318427747188274]],[[-72.35507582805828,42.31900994314662],[-72.35507582805828,42.31954611600177]],[[-72.35507582805828,42.3404062137342],[-72.380368,42.340614],[-72.393708,42.339296],[-72.405455,42.336437],[-72.409417,42.358762],[-72.472287,42.351458],[-72.464195,42.308053],[-72.47886,42.307041],[-72.493586,42.302268],[-72.499117,42.306263],[-72.506665,42.306388],[-72.521421,42.302182],[-72.544658,42.305683],[-72.564951,42.303833],[-72.569306,42.304489],[-72.587961,42.300358],[-72.602124,42.288045],[-72.609948,42.285224],[-72.614701,42.290199],[-72.619752,42.290002],[-72.629293,42.285146],[-72.64208,42.288174],[-72.648766,42.291824],[-72.660216,42.289254],[-72.672091,42.291887],[-72.736726,42.284241],[-72.735758,42.266518],[-72.814405,42.256819],[-72.821122,42.33863],[-72.826115,42.34225],[-72.833483,42.341748],[-72.843723,42.344653],[-72.885635,42.340036],[-72.90458,42.430385],[-72.847905,42.43649],[-72.855633,42.48092],[-72.85770339772893,42.4813371465996]],[[-72.87240001364631,42.49133035848564],[-72.875155,42.507249],[-72.87372431295576,42.512566483065164]],[[-72.8745473342715,42.52576424211259],[-72.87685394390583,42.54161043412477]],[[-72.87685394390583,42.54161043412477],[-72.87552345703457,42.54141709676096],[-72.8745473342715,42.52576424211259]],[[-72.87372431295576,42.512566483065164],[-72.87240001364631,42.49133035848564]],[[-72.85770339772893,42.4813371465996],[-72.77502322523225,42.46667890367903],[-72.75707675526755,42.446061471104706],[-72.6996480513805,42.45293394862948],[-72.70323734537345,42.40568566564665],[-72.49146899979,42.43403463543635],[-72.48429041180411,42.407403785027846],[-72.37661159201592,42.42114874007739],[-72.35507582805828,42.36616891987919],[-72.35507582805828,42.3404062137342]],[[-72.35507582805828,42.31954611600177],[-72.35507582805828,42.31900994314662]],[[-72.35507582805828,42.318427747188274],[-72.35507582805828,42.31809721870552]],[[-72.35507582805828,42.31687980024622],[-72.35507582805828,42.31640445553881]],[[-72.35507582805828,42.31479189032433],[-72.35507582805828,42.30477818042472]],[[-72.35217682638654,42.30642217504936],[-72.3511313157282,42.3074913479596]],[[-72.3506726447614,42.30796039967944],[-72.34985349110244,42.308798092623555]],[[-72.34922214482846,42.3094437276802],[-72.31559359413593,42.34383336792367]],[[-72.31559359413593,42.34383336792367],[-72.30482571215713,42.420289680386794],[-72.28328994819948,42.44090711296112],[-72.29046853618536,42.47956479903798],[-72.24380771427714,42.51306812697126],[-72.26893277222771,42.53368555954559],[-72.26534347823478,42.600692215412145],[-72.22945053830539,42.616155289842894],[-72.22945053830539,42.662544513135124],[-72.27252206622066,42.67457134880348],[-72.28324436415771,42.72161961401962]],[[-72.28324436415771,42.72161961401962],[-72.430091,42.725858],[-72.48528663980359,42.72764212705277],[-72.86422076321247,42.737334603734666]],[[-71.40384062837927,42.185783687074455],[-71.42903797787977,42.17975296701967],[-71.47811452252617,42.15710005620359]],[[-71.47811452252617,42.15710005620359],[-71.478522,42.131378],[-71.442693,42.135784],[-71.435596,42.134208],[-71.430418,42.138979],[-71.415193,42.138246],[-71.413909,42.133853],[-71.408951,42.134139],[-71.402343,42.139543],[-71.379326,42.133245],[-71.375618,42.135454],[-71.402295,42.178794],[-71.40384062837927,42.185783687074455]],[[-72.31559359413593,42.34383336792367],[-72.29036955852682,42.352074548252425]],[[-72.26164750982034,42.3038549692939],[-72.21858431462299,42.31015352158992]],[[-72.21156145163704,42.31083659144201],[-72.21278303445463,42.30333235178994]],[[-72.21312137690859,42.30125389847312],[-72.21426372905441,42.294236376496116]],[[-71.8458359703095,42.02414796041266],[-71.800671,42.023514],[-71.79876629248014,42.00807472389838],[-71.771427,42.009481],[-71.6925181088704,42.01127009450485],[-71.59111982649259,42.01444812680312]],[[-71.59111982649259,42.01444812680312],[-71.592748,42.121648],[-71.570005,42.139184],[-71.571402,42.151845],[-71.560954,42.158315],[-71.564463,42.165096],[-71.559809,42.167108],[-71.563269,42.17197],[-71.562017,42.178614],[-71.552695,42.177456],[-71.55520325760226,42.182747693641694]],[[-71.55520325760226,42.182747693641694],[-71.6013240895409,42.21841065309653],[-71.55825256162561,42.26823611515115],[-71.50800244572446,42.26394081669816],[-71.48664652917519,42.32953600740729]],[[-71.48664652917519,42.32953600740729],[-71.48676265195773,42.330030693555116]],[[-71.48676265195773,42.330030693555116],[-71.5833776195762,42.31118909968099],[-71.58393100211384,42.311696810414986]],[[-71.58393100211384,42.311696810414986],[-71.58521,42.310952],[-71.597363,42.321016],[-71.60466089876765,42.3307158258877]],[[-71.60466089876765,42.3307158258877],[-71.61656458978358,42.34163708070124]],[[-71.61656458978358,42.34163708070124],[-71.62556558421812,42.34989520447674]],[[-71.62556558421812,42.34989520447674],[-71.62574804740085,42.35133289098407]],[[-71.62574804740085,42.35133289098407],[-71.633942,42.358398],[-71.677794,42.365154],[-71.670551,42.386665],[-71.701017,42.395808],[-71.725979,42.390289],[-71.721578,42.409239],[-71.718362,42.41022],[-71.718699,42.473374],[-71.728385,42.475128],[-71.71676,42.51889],[-71.712384,42.521329],[-71.702236,42.533895],[-71.711231,42.535354],[-71.720417,42.552329],[-71.745072,42.57386],[-71.76295,42.563924],[-71.754096,42.559456],[-71.747769,42.549935],[-71.749679,42.545202],[-71.760362,42.547622],[-71.764276,42.555022],[-71.771342,42.559248],[-71.786023,42.551047],[-71.799244,42.552494],[-71.806546,42.547472],[-71.820735,42.546518],[-71.837123,42.548551],[-71.842004,42.514679],[-71.856837,42.519083],[-71.864531,42.516933],[-71.874865,42.50952],[-71.88015,42.514582],[-71.89174,42.519718],[-71.896517,42.531825],[-71.902439,42.535679],[-71.908208,42.526901],[-71.914489,42.523301],[-71.920466,42.529876],[-71.926256,42.523206],[-71.929694,42.528948],[-71.949314,42.524045],[-71.950298,42.512255],[-71.979686,42.53231],[-72.02701,42.563241],[-72.014999,42.567943],[-72.019495,42.57101],[-72.017889,42.576465],[-72.023801,42.573526],[-72.031357,42.574436],[-72.031713,42.57821],[-72.040663,42.578794],[-72.038829,42.58622],[-72.041811,42.591978],[-72.035983,42.593857],[-72.075749,42.625235],[-72.116631,42.626607],[-72.111059,42.717206]],[[-72.111059,42.717206],[-72.28324436415771,42.72161961401962]],[[-71.51810912821605,42.18920424097612],[-71.506894,42.188927],[-71.50370508439988,42.19078720174496]],[[-71.50370508439988,42.19078720174496],[-71.51810912821605,42.18920424097612]],[[-71.50200304146198,42.18840120065463],[-71.497378,42.166643],[-71.48606083550331,42.16605269231072]],[[-71.48606083550331,42.16605269231072],[-71.50200304146198,42.18840120065463]],[[-71.62556558421812,42.34989520447674],[-71.62574804740085,42.35133289098407]],[[-71.60466089876765,42.3307158258877],[-71.604099,42.336769],[-71.61656458978358,42.34163708070124]],[[-71.55520325760226,42.182747693641694],[-71.539498,42.189734],[-71.51810912821605,42.18920424097612]],[[-71.50370508439988,42.19078720174496],[-71.50200304146198,42.18840120065463]],[[-71.48606083550331,42.16605269231072],[-71.478027,42.165871],[-71.47811452252617,42.15710005620359]],[[-71.40384062837927,42.185783687074455],[-71.404427,42.188433],[-71.384765,42.192014],[-71.380182,42.201759],[-71.388206,42.204303],[-71.391706,42.209742],[-71.393923,42.207089],[-71.410022,42.218749],[-71.408631,42.221718],[-71.413551,42.234815],[-71.420075,42.238123],[-71.418303,42.246504],[-71.419298,42.257281]],[[-71.419298,42.257281],[-71.460756,42.279063],[-71.497046,42.289829],[-71.485948,42.311228],[-71.485109,42.323164],[-71.48664652917519,42.32953600740729]],[[-71.48676265195773,42.330030693555116],[-71.486797,42.330189]],[[-71.486797,42.330189],[-71.508216,42.327928],[-71.516527,42.330336],[-71.551126,42.326395],[-71.569085,42.320373],[-71.58393100211384,42.311696810414986]],[[-71.25649013854533,42.735446435065256],[-71.23880539625397,42.6694169906599],[-71.25096318827275,42.660687472484014]],[[-71.25096318827275,42.660687472484014],[-71.242144,42.662627],[-71.240397,42.66673],[-71.229367,42.6782],[-71.226074,42.684432],[-71.224807,42.69343],[-71.221174,42.698496],[-71.214948,42.701261],[-71.195366,42.698475],[-71.188862,42.696268],[-71.185503,42.675868],[-71.151213,42.681707],[-71.134452,42.676778],[-71.139219,42.684376],[-71.137936,42.692507],[-71.14579,42.698261],[-71.133454,42.71248],[-71.134823,42.720358],[-71.115579,42.741104],[-71.108632,42.735281],[-71.092467,42.737],[-71.08191,42.736685],[-71.072111,42.732668],[-71.058883,42.732463],[-71.048341,42.746145],[-71.044524,42.749034],[-71.042567,42.757041],[-71.037633,42.759289],[-71.021904,42.779633],[-71.019595,42.790082],[-71.014982,42.794884],[-71.003435,42.801101],[-70.99875,42.806965],[-70.999611,42.810545],[-71.04793233214643,42.830735365093666]],[[-71.04793233214643,42.830735365093666],[-71.0629299905999,42.80600748146481],[-71.13158262671777,42.82120859392365],[-71.18496598635986,42.79054440703406],[-71.18137669236692,42.73728270621706],[-71.24564824790356,42.74241027937602],[-71.25649013854533,42.735446435065256]],[[-71.25519664190449,42.65764777494945],[-71.2542555527358,42.658323494273375]],[[-71.2542555527358,42.658323494273375],[-71.25519664190449,42.65764777494945]],[[-71.62574804740085,42.35133289098407],[-71.55825256162561,42.411699083480826],[-71.54389538565385,42.46667890367903],[-71.56184185561855,42.4744104408944],[-71.5295382096821,42.519940604496036],[-71.54030609166091,42.543135216142154],[-71.6192705595056,42.55258487273872],[-71.63721702947029,42.52423590294902],[-71.68028855738557,42.5302493207832],[-71.66593138141381,42.611859991389906],[-71.77719949519495,42.64450425963259],[-71.85975325703257,42.63419554334543],[-71.85616396303963,42.67457134880348],[-71.89901094267903,42.71131833547204]],[[-71.89901094267903,42.71131833547204],[-71.981578,42.713232],[-72.111059,42.717206]],[[-71.61656458978358,42.34163708070124],[-71.62556558421812,42.34989520447674]],[[-71.58393100211384,42.311696810414986],[-71.60466089876765,42.3307158258877]],[[-71.486797,42.330189],[-71.483294,42.353146],[-71.469443,42.402593],[-71.478382,42.437104],[-71.464349,42.4503],[-71.430389,42.436937],[-71.36634,42.41272],[-71.364416,42.420441],[-71.357084,42.419826],[-71.35256,42.426923],[-71.335379,42.437776],[-71.313618,42.455023],[-71.304804,42.45276],[-71.302282,42.46201],[-71.289302,42.464557],[-71.289676,42.466182]],[[-71.289676,42.466182],[-71.29872,42.472909],[-71.309465,42.476404],[-71.313768,42.474182],[-71.32077,42.482256],[-71.319303,42.486289],[-71.317708,42.504796],[-71.306195,42.515079],[-71.303508,42.520069],[-71.278107,42.526713],[-71.264098,42.524081],[-71.25249,42.524078],[-71.260424,42.530936],[-71.258693,42.537567],[-71.263627,42.539623],[-71.273587,42.53748],[-71.276395,42.544383],[-71.266556,42.544627],[-71.267835,42.554594],[-71.264154,42.552873],[-71.251295,42.559763],[-71.254273,42.562899],[-71.241733,42.573737],[-71.225669,42.580036],[-71.296319,42.612667],[-71.283427,42.615299],[-71.277791,42.620847],[-71.271188,42.644242],[-71.275154,42.656216],[-71.25519664190449,42.65764777494945]],[[-71.2542555527358,42.658323494273375],[-71.25096318827275,42.660687472484014]],[[-71.25649013854533,42.735446435065256],[-71.26111049558658,42.73162496330448],[-71.29264480614806,42.696906900759004],[-71.352198,42.697919],[-71.386012,42.698918],[-71.511418,42.701954],[-71.601599,42.703951],[-71.696505,42.705722],[-71.784706,42.708405],[-71.89901094267903,42.71131833547204]],[[-71.19214457434575,42.28284012989129],[-71.18872437606677,42.279758385275706]],[[-71.18872437606677,42.279758385275706],[-71.18856387849776,42.285411135336936]],[[-71.18856387849776,42.285411135336936],[-71.19214457434575,42.28284012989129]],[[-71.16381685302878,42.30317995456801],[-71.15461701837309,42.29642640411774]],[[-71.15461701837309,42.29642640411774],[-71.16343022240223,42.30345756246562]],[[-71.16343022240223,42.30345756246562],[-71.16381685302878,42.30317995456801]],[[-71.15669130620354,42.3305935207558],[-71.15625163441634,42.33008841287412]],[[-71.15625163441634,42.33008841287412],[-71.1068775698488,42.34865823889632]],[[-71.1068775698488,42.34865823889632],[-71.10657,42.349912],[-71.122855,42.351861],[-71.133381,42.347122],[-71.15669130620354,42.3305935207558]],[[-71.15259654845188,42.2949432760786],[-71.140096,42.302173],[-71.124269,42.321856],[-71.119539,42.322745]],[[-71.119539,42.322745],[-71.116772,42.32377],[-71.110517,42.335403],[-71.110579,42.340443],[-71.105516,42.343812],[-71.10706665320379,42.34775230206415]],[[-71.10706665320379,42.34775230206415],[-71.15259654845188,42.2949432760786]],[[-70.92102057579403,41.789797685031914],[-70.921792,41.791264],[-70.8964,41.79432],[-70.898644,41.814877],[-70.893973,41.828881],[-70.918705,41.851943],[-70.914318,41.862004],[-70.916742,41.867362],[-70.913182,41.869937],[-70.919205,41.879023],[-70.963344,41.896386],[-70.967133,41.901254],[-70.976661,41.901382],[-70.985165,41.907454],[-70.98984211750668,41.906569594307484]],[[-70.98984211750668,41.906569594307484],[-70.9731976407764,41.861041821808215],[-71.03780493264932,41.81637071789717],[-71.0270370506705,41.77857209151091],[-70.92294752487524,41.791457986869865],[-70.92102057579403,41.789797685031914]],[[-70.99346311823989,41.916474147047275],[-70.9910169823275,41.909783211602054]],[[-70.9910169823275,41.909783211602054],[-70.99346311823989,41.916474147047275]],[[-71.13012534433209,41.64492488956155],[-71.118795,41.68114],[-71.114407,41.692804],[-71.105693,41.692804],[-71.06663,41.685619],[-70.943305,41.744515],[-70.922222,41.754841],[-70.926104,41.758907],[-70.907184,41.763543],[-70.92102057579403,41.789797685031914]],[[-70.98984211750668,41.906569594307484],[-70.9910169823275,41.909783211602054]],[[-70.99346311823989,41.916474147047275],[-71.001089,41.918806],[-71.005319,41.91493],[-71.004629,41.910583],[-71.011188,41.907001],[-71.018837,41.92426],[-71.027961,41.922554],[-71.035648,41.923657],[-71.038087,41.92679],[-71.034721,41.932361],[-71.046191,41.936162],[-71.051081,41.933829],[-71.053409,41.940489],[-71.059535,41.944756],[-71.072894,41.948995],[-71.07981,41.938455],[-71.08549,41.941743],[-71.07476,41.947207],[-71.073508,41.954854],[-71.070324,41.954069],[-71.067907,41.963195],[-71.061447,41.964403],[-71.063727,41.973254],[-71.061028,41.978883],[-71.069742,41.981111],[-71.070345,41.987841]],[[-71.070345,41.987841],[-71.10203,41.993348],[-71.15645,42.001042],[-71.168681,42.061161],[-71.13869598532636,42.07314325379539]],[[-71.13869598532636,42.07314325379539],[-71.36443068600686,41.98560547694476],[-71.3813281860937,41.984796629231255]],[[-71.3813281860937,41.984796629231255],[-71.381463,41.893546],[-71.338787,41.898593],[-71.34089,41.881804],[-71.33404,41.862604],[-71.34255,41.844656],[-71.335417,41.835645],[-71.34563606280688,41.8268497049602],[-71.31788432707089,41.776203803173225],[-71.2603411602116,41.7519412411024],[-71.2244482202822,41.710706375953755],[-71.19573386833868,41.67548492863928],[-71.13112657646576,41.66002185420854],[-71.13012534433209,41.64492488956155]],[[-71.49723456374564,42.01739068549685],[-71.38237715597155,42.019108804878044],[-71.381401,42.018798],[-71.3813281860937,41.984796629231255]],[[-71.13869598532636,42.07314325379539],[-71.139323,42.085169],[-71.13129,42.10074],[-71.132028,42.1075],[-71.139102,42.120235],[-71.148364,42.128455],[-71.149166,42.138612],[-71.163542,42.141457],[-71.162198,42.145279],[-71.175763,42.155599],[-71.177899,42.165567],[-71.188691,42.161127],[-71.186885,42.153264],[-71.22599,42.13541],[-71.23201,42.131458],[-71.233293,42.123412],[-71.239898,42.12083],[-71.238804,42.106401],[-71.253302,42.105344],[-71.271736,42.098445],[-71.280268,42.088492],[-71.295901,42.116614],[-71.300223,42.12591],[-71.301713,42.136368],[-71.299031,42.138948],[-71.300118,42.147176],[-71.303751,42.1495],[-71.275025,42.148623],[-71.275671,42.181667],[-71.269569,42.200499],[-71.258213,42.204071],[-71.251416,42.202613],[-71.232237,42.256898],[-71.229173,42.264148],[-71.219739,42.263622],[-71.217973,42.268678],[-71.211174,42.267298],[-71.196694,42.269224],[-71.18872437606677,42.279758385275706]],[[-71.19214457434575,42.28284012989129],[-71.22803751427514,42.318920636896365],[-71.2487847859915,42.32347247432877]],[[-71.2487847859915,42.32347247432877],[-71.24663,42.31573],[-71.260518,42.31411],[-71.273228,42.314096],[-71.278588,42.308308],[-71.26437,42.30018],[-71.279256,42.29884],[-71.27526,42.29473],[-71.27917,42.29205],[-71.28797,42.295978],[-71.294222,42.285532],[-71.309496,42.275704],[-71.302922,42.248274],[-71.33218569728122,42.249070061238555]],[[-71.33218569728122,42.249070061238555],[-71.33246804581485,42.24778609546589]],[[-71.33246804581485,42.24778609546589],[-71.33247835817868,42.24773920050944]],[[-71.33247835817868,42.24773920050944],[-71.34289492204923,42.200370399593986],[-71.40384062837927,42.185783687074455]],[[-71.47811452252617,42.15710005620359],[-71.47928809378094,42.15655835537355]],[[-71.47928809378094,42.15655835537355],[-71.49364526975269,42.099860415794154],[-71.49723456374564,42.01739068549685]],[[-71.2699804628954,42.32812268939584],[-71.26724536802371,42.32752262460716]],[[-71.26724536802371,42.32752262460716],[-71.2699804628954,42.32812268939584]],[[-71.26548037957292,42.32713539583762],[-71.2625242179576,42.3264868302199]],[[-71.2625242179576,42.3264868302199],[-71.26548037957292,42.32713539583762]],[[-71.25858393223696,42.32562235318009],[-71.25544205414397,42.32493304238746]],[[-71.25544205414397,42.32493304238746],[-71.25858393223696,42.32562235318009]],[[-71.15461701837309,42.29642640411774],[-71.15259654845188,42.2949432760786]],[[-71.10706665320379,42.34775230206415],[-71.1068775698488,42.34865823889632]],[[-71.15625163441634,42.33008841287412],[-71.16343022240223,42.30345756246562]],[[-71.59111982649259,42.01444812680312],[-71.49723456374564,42.01739068549685]],[[-71.47928809378094,42.15655835537355],[-71.48606083550331,42.16605269231072]],[[-71.50200304146198,42.18840120065463],[-71.50370508439988,42.19078720174496]],[[-71.51810912821605,42.18920424097612],[-71.55520325760226,42.182747693641694]],[[-71.33247835817868,42.24773920050944],[-71.342459,42.250455],[-71.341777,42.253537],[-71.351776,42.255816],[-71.356907,42.263495],[-71.376833,42.269489],[-71.390365,42.271916],[-71.397769,42.261528],[-71.419298,42.257281]],[[-71.33218569728122,42.249070061238555],[-71.33246804581485,42.24778609546589]],[[-71.26724536802371,42.32752262460716],[-71.26548037957292,42.32713539583762]],[[-71.2625242179576,42.3264868302199],[-71.25858393223696,42.32562235318009]],[[-71.25544205414397,42.32493304238746],[-71.2487847859915,42.32347247432877]],[[-71.18856387849776,42.285411135336936],[-71.178636,42.294595],[-71.16381685302878,42.30317995456801]],[[-71.15669130620354,42.3305935207558],[-71.160917,42.333639],[-71.167565,42.333441],[-71.166683,42.340104],[-71.17485,42.350337],[-71.167642,42.360051]],[[-71.167642,42.360051],[-71.167625,42.360073]],[[-71.167625,42.360073],[-71.182126,42.360681],[-71.18368,42.358829],[-71.196298,42.361802],[-71.192215,42.365424],[-71.195653,42.367791],[-71.207458,42.3641],[-71.217061,42.366569],[-71.260358,42.353658],[-71.258631,42.350052],[-71.26188,42.342152],[-71.255661,42.339555],[-71.2699804628954,42.32812268939584]],[[-71.15705516644833,42.35993755388946],[-71.148332,42.361119],[-71.132936,42.368487],[-71.13298566291188,42.37289931341053]],[[-71.13298566291188,42.37289931341053],[-71.15705516644833,42.35993755388946]],[[-71.13120596706223,42.37385770416374],[-71.13109442735505,42.37387641162319]],[[-71.13109442735505,42.37387641162319],[-71.13120596706223,42.37385770416374]],[[-71.03873332844094,42.42358127730556],[-71.028227,42.424202],[-71.033181,42.414206],[-71.026888,42.40655],[-71.0207,42.403498],[-71.009396,42.401183],[-71.013395,42.397398],[-71.005861,42.393892],[-71.001407,42.39674],[-70.993818,42.392924],[-70.987442,42.392742],[-70.986053,42.388116],[-70.994239,42.384647],[-70.996694,42.378741],[-71.006123,42.376052],[-71.010363,42.365031],[-70.986597,42.364572],[-70.985593,42.356797],[-70.972893,42.353597]],[[-70.972893,42.353597],[-70.96175396364814,42.36008265539956]],[[-70.96175396364814,42.36008265539956],[-70.9911441107411,42.407403785027846],[-70.96242975879758,42.44348429203291]],[[-70.96242975879758,42.44348429203291],[-70.96569192263092,42.44352766784038]],[[-70.96569192263092,42.44352766784038],[-70.96639543729317,42.44353702221928]],[[-70.96639543729317,42.44353702221928],[-70.97002468412464,42.44358527899603]],[[-70.97002468412464,42.44358527899603],[-70.982294,42.431296],[-70.99012,42.434877],[-70.995714,42.430855],[-71.010777,42.434568],[-71.009503,42.440964],[-71.01363621020036,42.44416516561581]],[[-71.01363621020036,42.44416516561581],[-71.0270370506705,42.44434335172351]],[[-71.0270370506705,42.44434335172351],[-71.03873332844094,42.42358127730556]],[[-71.33246804581485,42.24778609546589],[-71.33247835817868,42.24773920050944]],[[-71.2487847859915,42.32347247432877],[-71.25544205414397,42.32493304238746]],[[-71.25858393223696,42.32562235318009],[-71.2625242179576,42.3264868302199]],[[-71.26548037957292,42.32713539583762],[-71.26724536802371,42.32752262460716]],[[-71.2699804628954,42.32812268939584],[-71.27110904219042,42.32837029349293],[-71.32853774607746,42.31376627875278],[-71.30341268812688,42.24847774226742],[-71.33218569728122,42.249070061238555]],[[-71.04022013865027,42.46102101279087],[-71.0270370506705,42.44434335172351]],[[-71.01363621020036,42.44416516561581],[-71.018757,42.450118],[-71.025836,42.444709],[-71.04022013865027,42.46102101279087]],[[-70.96639543729317,42.44353702221928],[-70.97002468412464,42.44358527899603]],[[-70.96242975879758,42.44348429203291],[-70.9595444708168,42.44384389067984]],[[-70.9595444708168,42.44384389067984],[-70.96569192263092,42.44352766784038]],[[-71.48664652917519,42.32953600740729],[-71.48676265195773,42.330030693555116]],[[-71.167625,42.360073],[-71.167608,42.360095]],[[-71.167608,42.360095],[-71.15705516644833,42.35993755388946]],[[-71.13298566291188,42.37289931341053],[-71.13120596706223,42.37385770416374]],[[-71.13109442735505,42.37387641162319],[-71.124454,42.369512],[-71.113512,42.368564],[-71.105104,42.364521],[-71.10175,42.368302],[-71.105859,42.36975],[-71.103077,42.374206],[-71.124368,42.393653],[-71.127558,42.387402],[-71.135794,42.3846],[-71.143436,42.388712],[-71.141121,42.392092],[-71.156362,42.395852],[-71.152057,42.40104],[-71.140607,42.39468],[-71.136932,42.397572],[-71.127361,42.397096],[-71.134635,42.404259],[-71.131414,42.416976],[-71.125809,42.417999],[-71.129922,42.413327],[-71.123996,42.408268],[-71.115469,42.405048],[-71.112374,42.400226],[-71.100394,42.396224],[-71.096689,42.400455],[-71.085687,42.400651],[-71.075996,42.396396],[-71.071297,42.406922],[-71.073296,42.414796],[-71.060441,42.416007],[-71.050472,42.422887],[-71.03873332844094,42.42358127730556]],[[-71.04022013865027,42.46102101279087],[-71.053365,42.475925],[-71.069305,42.471637],[-71.078152,42.47402],[-71.07524,42.488008],[-71.085502,42.492258],[-71.090115,42.501261],[-71.100727,42.502242],[-71.11976,42.500292],[-71.135454,42.530001],[-71.170033,42.515537],[-71.168444,42.498299],[-71.168924,42.487087],[-71.181501,42.483622],[-71.188279,42.479696],[-71.204317,42.465845],[-71.210223,42.470727],[-71.212116,42.466244],[-71.240906,42.490013],[-71.244177,42.488539],[-71.256662,42.492925],[-71.261719,42.486226],[-71.259286,42.477644],[-71.261515,42.476246],[-71.272695,42.459704],[-71.28184,42.45964],[-71.289676,42.466182]],[[-70.97002468412464,42.44358527899603],[-71.01363621020036,42.44416516561581]],[[-70.96569192263092,42.44352766784038],[-70.96639543729317,42.44353702221928]],[[-70.9595444708168,42.44384389067984],[-70.95166187681876,42.45293394862948],[-70.93730470084701,42.41771250131501],[-70.91935823088231,42.46839702306023],[-70.89423317293173,42.46066548584485],[-70.8296258810588,42.5036184703747],[-70.87269740897409,42.546571454904544],[-70.73630423724236,42.576638544075436],[-70.65375047540475,42.58265196190961],[-70.59632177151771,42.65996733406333],[-70.64657188741887,42.689175363543626],[-70.68964341533415,42.65309485653856],[-70.77937576515765,42.693470661996614],[-70.8116794110941,42.81030277991779],[-70.81422393406562,42.832226951176374],[-70.81885799908,42.850678585375846],[-70.81758519979172,42.86118835818633],[-70.818824169909,42.87186359804059],[-70.847718,42.860867],[-70.89968228380869,42.88593122814187],[-70.90244722129061,42.88653880213395],[-70.9471462861858,42.877029246479616],[-70.967018,42.8688],[-71.016339,42.861682],[-71.0306845400742,42.85917323068047],[-71.04793233214643,42.830735365093666]],[[-71.25096318827275,42.660687472484014],[-71.2542555527358,42.658323494273375]],[[-71.25519664190449,42.65764777494945],[-71.25675186621866,42.65653109530095],[-71.1347158704587,42.59897409603095],[-71.05934069660697,42.60928281231811],[-71.0270370506705,42.574061365003644],[-71.05575140261402,42.574061365003644],[-71.07369787257872,42.531108380473796],[-71.03780493264932,42.52423590294902],[-71.05216210862109,42.4761285602756],[-71.04022013865027,42.46102101279087]],[[-71.1068775698488,42.34865823889632],[-71.10706665320379,42.34775230206415]],[[-71.119539,42.322745],[-71.108452,42.322389],[-71.102944,42.319298],[-71.10661,42.31174],[-71.118415,42.293409],[-71.121294,42.295199],[-71.125965,42.288482],[-71.151124,42.266666],[-71.158643,42.269566],[-71.160424,42.266823],[-71.156937,42.260825],[-71.146642,42.255755],[-71.14324869712918,42.23878285775516]],[[-71.14324869712918,42.23878285775516],[-71.1324821769929,42.22908176362196]],[[-71.1324821769929,42.22908176362196],[-71.13099882177723,42.22808046220906]],[[-71.13099882177723,42.22808046220906],[-71.11318010650106,42.25878645855458],[-71.07837054637928,42.26434065946556]],[[-71.07837054637928,42.26434065946556],[-71.072044,42.270817],[-71.072199,42.275001],[-71.066503,42.277904],[-71.064303,42.285699],[-71.055347,42.288242],[-71.058817,42.29353],[-71.059042,42.300333],[-71.055756,42.301817],[-71.053506,42.310493],[-71.062327,42.312132],[-71.062718,42.316006],[-71.068747,42.318594],[-71.066431,42.326256],[-71.061009,42.334782],[-71.058143,42.345647],[-71.049595,42.354497],[-71.055324,42.352595],[-71.067533,42.352513],[-71.083749,42.34838],[-71.087511,42.355557],[-71.077952,42.358735],[-71.07133682557986,42.36729910331266]],[[-71.07133682557986,42.36729910331266],[-71.10241222452224,42.35242396482964],[-71.13109442735505,42.37387641162319]],[[-71.13120596706223,42.37385770416374],[-71.13298566291188,42.37289931341053]],[[-71.15705516644833,42.35993755388946],[-71.17419810438105,42.350705845448445],[-71.15669130620354,42.3305935207558]],[[-71.06945593902716,42.3690455403964],[-71.059795,42.368767],[-71.049095,42.371197],[-71.042596,42.363798],[-71.045828,42.357227],[-71.029795,42.351789],[-71.028363,42.354099],[-71.010994,42.342698],[-71.00548807163456,42.34282020847739]],[[-71.00548807163456,42.34282020847739],[-70.99832269872698,42.35242396482964],[-70.97411990715797,42.34796805475636]],[[-70.97411990715797,42.34796805475636],[-70.972893,42.353597]],[[-71.03873332844094,42.42358127730556],[-71.06945593902716,42.3690455403964]],[[-71.14324869712918,42.23878285775516],[-71.142681,42.235998],[-71.1324821769929,42.22908176362196]],[[-71.13099882177723,42.22808046220906],[-71.114799,42.212653],[-71.04012,42.137194],[-71.035093,42.135634],[-71.021994,42.169005],[-71.01913,42.186851],[-71.029591,42.19153],[-71.047271,42.194592],[-71.04949,42.206669],[-71.073886,42.204183],[-71.083001,42.204568],[-71.093189,42.213936],[-71.07664,42.22112],[-71.08958,42.23616],[-71.09341,42.23896],[-71.09351,42.25692],[-71.0812,42.25837],[-71.07837054637928,42.26434065946556]],[[-71.167608,42.360095],[-71.167642,42.360051]],[[-71.07133682557986,42.36729910331266],[-71.06945593902716,42.3690455403964]],[[-71.18872437606677,42.279758385275706],[-71.14324869712918,42.23878285775516]],[[-71.15259654845188,42.2949432760786],[-71.15461701837309,42.29642640411774]],[[-71.16381685302878,42.30317995456801],[-71.18856387849776,42.285411135336936]],[[-71.1324821769929,42.22908176362196],[-71.13099882177723,42.22808046220906]],[[-71.07837054637928,42.26434065946556],[-71.05934069660697,42.26737705546055],[-71.04139422664227,42.30345756246562],[-70.99536867800713,42.312112778905835]],[[-70.99536867800713,42.312112778905835],[-71.01626916869168,42.32837029349293],[-71.00548807163456,42.34282020847739]],[[-71.06945593902716,42.3690455403964],[-71.07133682557986,42.36729910331266]],[[-70.97411990715797,42.34796805475636],[-70.95166187681876,42.34383336792367],[-70.96175396364814,42.36008265539956]],[[-71.08087646056461,42.09556511734117],[-71.05337970505173,41.982955891534715]],[[-71.05337970505173,41.982955891534715],[-71.002717,41.998053],[-70.990607,42.003908],[-70.978786,42.007395],[-70.97955,42.010906],[-70.953664,42.00585],[-70.925272,42.008886],[-70.91739,42.004636],[-70.912562,41.996901],[-70.899187,41.996371],[-70.899571,42.002975],[-70.896618,42.023285],[-70.899729,42.025299],[-70.912962,42.084417],[-70.902412,42.085897],[-70.931487,42.116549],[-70.940768,42.151365],[-70.893516,42.169814],[-70.870733,42.18223],[-70.852165,42.190462],[-70.838864,42.194806],[-70.827015,42.200786],[-70.8408,42.213118],[-70.85117818903004,42.23497032004348]],[[-70.85117818903004,42.23497032004348],[-70.85475093900939,42.23988714536144],[-70.84725009331372,42.24661932674087]],[[-70.84725009331372,42.24661932674087],[-70.848937,42.25214],[-70.844627,42.260426],[-70.83703049028158,42.264290281696276]],[[-70.83703049028158,42.264290281696276],[-70.85116164501645,42.26823611515115],[-70.85598042092963,42.274259025357594],[-70.86192952699527,42.27596765236652],[-70.88346529095291,42.3086119206092],[-70.94276666996669,42.28874149646148],[-70.94489517502879,42.28568488493229]],[[-70.94489517502879,42.28568488493229],[-70.91576893688936,42.28885354772547],[-70.90141176091761,42.26737705546055],[-70.93012611286113,42.24675962288622],[-70.91576893688936,42.2252831306213],[-70.92653681886819,42.157417415064145],[-71.08087646056461,42.09556511734117]],[[-71.070345,41.987841],[-71.054718,41.985057],[-71.05337970505173,41.982955891534715]],[[-71.08087646056461,42.09556511734117],[-71.13869598532636,42.07314325379539]],[[-70.94489517502879,42.28568488493229],[-70.9552511708117,42.27081329422293],[-70.97307387201803,42.27507896992797],[-70.98755481674817,42.26737705546055],[-70.98845214024641,42.278759596360956],[-71.00550128671287,42.28284012989129],[-70.99032053985917,42.30246022946866],[-70.99080141432972,42.30856011801479],[-70.99536867800713,42.312112778905835]],[[-70.85117818903004,42.23497032004348],[-70.85338,42.239607],[-70.841152,42.243346],[-70.84725009331372,42.24661932674087]],[[-71.05337970505173,41.982955891534715],[-71.04857281462814,41.96326992498924],[-70.99832269872698,41.929766597055966],[-70.99346311823989,41.916474147047275]],[[-70.9910169823275,41.909783211602054],[-70.98984211750668,41.906569594307484]],[[-70.92102057579403,41.789797685031914],[-70.88705458494584,41.760531838008376],[-70.84398305703057,41.62823664565645]],[[-70.84398305703057,41.62823664565645],[-70.8009115291153,41.62909570534705],[-70.80809011710117,41.65658561544615],[-70.75784000120001,41.654008436374355],[-70.74348282522826,41.6969614209042],[-70.71835776727767,41.684934585235844],[-70.71835776727767,41.73561910698106],[-70.64298259342593,41.718437913169126]],[[-70.64298259342593,41.718437913169126],[-70.63221471144712,41.76310901708016],[-70.56401812558126,41.78630362872628],[-70.53889306763068,41.811216359753594]],[[-70.53889306763068,41.811216359753594],[-70.54248236162361,41.815511658206574],[-70.52453589165891,41.85846464273642],[-70.55325024360243,41.929766597055966],[-70.58196459554595,41.95038402963029],[-70.62503612346123,41.94351155210551],[-70.70041129731297,41.98732359632596],[-70.71117917929179,42.007941028900284],[-70.66810765137652,42.012236327353264],[-70.64298259342593,42.045739655286546],[-70.639393299433,42.088692639816394],[-70.71476847328474,42.168585191041906],[-70.72194706127061,42.20810193680936],[-70.7716791347398,42.246042263763144],[-70.78206574602154,42.248942510703124]],[[-70.78206574602154,42.248942510703124],[-70.82603658706587,42.200370399593986],[-70.85117818903004,42.23497032004348]],[[-70.84725009331372,42.24661932674087],[-70.82980838753303,42.26227365848505]],[[-70.82980838753303,42.26227365848505],[-70.83703049028158,42.264290281696276]],[[-71.13012534433209,41.64492488956155],[-71.12047051049917,41.49934557768596],[-71.08446575455754,41.50968640835408],[-71.04139422664227,41.49508239361393],[-70.95166187681876,41.514840766497656],[-70.93012611286113,41.53975349752497],[-70.93730470084701,41.57755212391123],[-70.91217964289643,41.61964604875048],[-70.86910811498115,41.62565946658466],[-70.868357124238,41.623367759656205],[-70.84464579687204,41.62538148931732],[-70.84398305703057,41.62823664565645]],[[-70.78206574602154,42.248942510703124],[-70.82980838753303,42.26227365848505]],[[-70.27687460614607,41.310384560135596],[-70.26610672416724,41.29406242601425],[-70.1189456704567,41.24251884457844],[-70.00049896868968,41.23908260581605],[-69.96460602876029,41.252827560865605],[-69.96101673476734,41.27859935158351],[-70.01844543865438,41.368800619096184],[-70.06151696656967,41.3086664407544],[-70.12612425844259,41.29406242601425],[-70.23021378423785,41.28976712756127],[-70.27687460614607,41.310384560135596]],[[-70.67157139393349,41.514899097711215],[-70.6928753116322,41.52582524382166],[-70.69627448389735,41.52416423353516],[-70.8009115291153,41.460720005990055],[-70.92653681886819,41.43151197650976],[-70.94807258282583,41.40917642455424],[-70.86551882098821,41.422062319913195],[-70.79014364713647,41.446115991249904],[-70.73271494324943,41.48649179670796],[-70.67157139393349,41.514899097711215]],[[-70.83321517505175,41.35333754466544],[-70.77578647116471,41.30093490353903],[-70.71117917929179,41.341310708997085],[-70.59991106551065,41.349042246212456],[-70.45275001180012,41.34818318652186],[-70.44916071780717,41.420344200532],[-70.48505365773657,41.38598181290812],[-70.53889306763068,41.40917642455424],[-70.56401812558126,41.46931060289602],[-70.6035003595036,41.48219649825498],[-70.70041129731297,41.43065291681916],[-70.76860788317883,41.35333754466544],[-70.83321517505175,41.35333754466544]],[[-70.67157139393349,41.514899097711215],[-70.61067894748948,41.54318973628735],[-70.49223224572246,41.55178033319333],[-70.43839283582835,41.60504203401033],[-70.37737483794838,41.611055451844514],[-70.3522497799978,41.63510912318122],[-70.2445709602096,41.62823664565645],[-70.09023131851319,41.66259903328032],[-69.99690967469675,41.66689433173331],[-69.97178461674616,41.64713595884958],[-70.01485614466145,41.55092127350273],[-69.98973108671086,41.54318973628735],[-69.98255249872498,41.58098836267362],[-69.92871308883089,41.691807062760624],[-69.93589167681677,41.8094982403724],[-69.96819532275323,41.911726343553426],[-70.03280261462615,42.01739068549685],[-70.11535637646377,42.06721614755147],[-70.1907315503155,42.08267922198221],[-70.23739237222372,42.073229565385645],[-70.19791013830138,42.02254504364043],[-70.17996366833668,42.05604837157371],[-70.14766002240022,42.062061789407885],[-70.09382061250612,42.03285375992759],[-70.07587414254142,41.98560547694476],[-70.07587414254142,41.90227668695686],[-70.0292133206332,41.92890753736537],[-70.00767755667556,41.876504896238956],[-70.00408826268263,41.8086391806818],[-70.02562402664026,41.78716268841688],[-70.12253496444964,41.75881371862718],[-70.1907315503155,41.7519412411024],[-70.25892813618135,41.71414261471614],[-70.29123178211782,41.73390098759987],[-70.41326777787778,41.74420970388703],[-70.4958215397154,41.77427679305792],[-70.53889306763068,41.811216359753594]],[[-70.64298259342593,41.718437913169126],[-70.62503612346123,41.71328355502554],[-70.64213867161881,41.685312571499715],[-70.639393299433,41.57755212391123],[-70.6573397693977,41.54318973628735],[-70.6928753116322,41.525825243821664],[-70.67157139393349,41.514899097711215]]]}