{"type":"Topology","bbox":[-79.761979,40.49454990978319,-71.85616396303963,45.01550900568005],"objects":{"cds":{"type":"GeometryCollection","geometries":[{"type":"MultiPolygon","arcs":[[[0,1,2,3,4]],[[5]],[[6]],[[7]]],"properties":{"STATEFP":"36","CD118FP":"01","GEOID":"3601","GEOIDFQ":"5001800US3601","NAMELSAD":"Congressional District 1","LSAD":"C2","CDSESSN":"118","MTFCC":"G5200","FUNCSTAT":"N","ALAND":1639605811,"AWATER":3106294698,"INTPTLAT":"+40.9981583","INTPTLON":"-072.5695018"}},{"type":"Polygon","arcs":[[8,-2,9,10]],"properties":{"STATEFP":"36","CD118FP":"02","GEOID":"3602","GEOIDFQ":"5001800US3602","NAMELSAD":"Congressional District 2","LSAD":"C2","CDSESSN":"118","MTFCC":"G5200","FUNCSTAT":"N","ALAND":741156626,"AWATER":742012202,"INTPTLAT":"+40.7201194","INTPTLON":"-073.1054564"}},{"type":"MultiPolygon","arcs":[[[11,12,13,-10,-1,14,15]],[[-4,16]]],"properties":{"STATEFP":"36","CD118FP":"03","GEOID":"3603","GEOIDFQ":"5001800US3603","NAMELSAD":"Congressional District 3","LSAD":"C2","CDSESSN":"118","MTFCC":"G5200","FUNCSTAT":"N","ALAND":454966915,"AWATER":190674817,"INTPTLAT":"+40.8329246","INTPTLON":"-073.5965407"}},{"type":"Polygon","arcs":[[17,-11,-14,18]],"properties":{"STATEFP":"36","CD118FP":"04","GEOID":"3604","GEOIDFQ":"5001800US3604","NAMELSAD":"Congressional District 4","LSAD":"C2","CDSESSN":"118","MTFCC":"G5200","FUNCSTAT":"N","ALAND":295392151,"AWATER":194018472,"INTPTLAT":"+40.6273483","INTPTLON":"-073.6078072"}},{"type":"Polygon","arcs":[[-19,-13,19,20,21,22]],"properties":{"STATEFP":"36","CD118FP":"05","GEOID":"3605","GEOIDFQ":"5001800US3605","NAMELSAD":"Congressional District 5","LSAD":"C2","CDSESSN":"118","MTFCC":"G5200","FUNCSTAT":"N","ALAND":121993323,"AWATER":169482950,"INTPTLAT":"+40.6697044","INTPTLON":"-073.8041084"}},{"type":"Polygon","arcs":[[-20,-12,23,24]],"properties":{"STATEFP":"36","CD118FP":"06","GEOID":"3606","GEOIDFQ":"5001800US3606","NAMELSAD":"Congressional District 6","LSAD":"C2","CDSESSN":"118","MTFCC":"G5200","FUNCSTAT":"N","ALAND":66401224,"AWATER":796953,"INTPTLAT":"+40.7363880","INTPTLON":"-073.8314807"}},{"type":"Polygon","arcs":[[25,26,-21,-25,27,28,29]],"properties":{"STATEFP":"36","CD118FP":"07","GEOID":"3607","GEOIDFQ":"5001800US3607","NAMELSAD":"Congressional District 7","LSAD":"C2","CDSESSN":"118","MTFCC":"G5200","FUNCSTAT":"N","ALAND":56749173,"AWATER":1201683,"INTPTLAT":"+40.7123918","INTPTLON":"-073.9199105"}},{"type":"Polygon","arcs":[[-22,-27,30,31,32]],"properties":{"STATEFP":"36","CD118FP":"08","GEOID":"3608","GEOIDFQ":"5001800US3608","NAMELSAD":"Congressional District 8","LSAD":"C2","CDSESSN":"118","MTFCC":"G5200","FUNCSTAT":"N","ALAND":68647620,"AWATER":47278107,"INTPTLAT":"+40.6112503","INTPTLON":"-073.9170851"}},{"type":"Polygon","arcs":[[-31,-26,33,34]],"properties":{"STATEFP":"36","CD118FP":"09","GEOID":"3609","GEOIDFQ":"5001800US3609","NAMELSAD":"Congressional District 9","LSAD":"C2","CDSESSN":"118","MTFCC":"G5200","FUNCSTAT":"N","ALAND":39271921,"AWATER":0,"INTPTLAT":"+40.6386022","INTPTLON":"-073.9508417"}},{"type":"MultiPolygon","arcs":[[[35]],[[36]],[[37,-34,-30,38,39]]],"properties":{"STATEFP":"36","CD118FP":"10","GEOID":"3610","GEOIDFQ":"5001800US3610","NAMELSAD":"Congressional District 10","LSAD":"C2","CDSESSN":"118","MTFCC":"G5200","FUNCSTAT":"N","ALAND":40362377,"AWATER":20326251,"INTPTLAT":"+40.6811865","INTPTLON":"-074.0037868"}},{"type":"MultiPolygon","arcs":[[[40]],[[-32,-35,-38,41]]],"properties":{"STATEFP":"36","CD118FP":"11","GEOID":"3611","GEOIDFQ":"5001800US3611","NAMELSAD":"Congressional District 11","LSAD":"C2","CDSESSN":"118","MTFCC":"G5200","FUNCSTAT":"N","ALAND":166353200,"AWATER":130066034,"INTPTLAT":"+40.5669743","INTPTLON":"-074.1263136"}},{"type":"Polygon","arcs":[[-39,-29,42,43,44]],"properties":{"STATEFP":"36","CD118FP":"12","GEOID":"3612","GEOIDFQ":"5001800US3612","NAMELSAD":"Congressional District 12","LSAD":"C2","CDSESSN":"118","MTFCC":"G5200","FUNCSTAT":"N","ALAND":24784552,"AWATER":10382847,"INTPTLAT":"+40.7648052","INTPTLON":"-073.9751822"}},{"type":"Polygon","arcs":[[-44,45,46,47]],"properties":{"STATEFP":"36","CD118FP":"13","GEOID":"3613","GEOIDFQ":"5001800US3613","NAMELSAD":"Congressional District 13","LSAD":"C2","CDSESSN":"118","MTFCC":"G5200","FUNCSTAT":"N","ALAND":28514225,"AWATER":9212220,"INTPTLAT":"+40.8030603","INTPTLON":"-073.9471189"}},{"type":"Polygon","arcs":[[-28,-24,-16,48,49,50,-46,-43]],"properties":{"STATEFP":"36","CD118FP":"14","GEOID":"3614","GEOIDFQ":"5001800US3614","NAMELSAD":"Congressional District 14","LSAD":"C2","CDSESSN":"118","MTFCC":"G5200","FUNCSTAT":"N","ALAND":76796453,"AWATER":45194131,"INTPTLAT":"+40.8097822","INTPTLON":"-073.8370035"}},{"type":"Polygon","arcs":[[-47,-51,51,52]],"properties":{"STATEFP":"36","CD118FP":"15","GEOID":"3615","GEOIDFQ":"5001800US3615","NAMELSAD":"Congressional District 15","LSAD":"C2","CDSESSN":"118","MTFCC":"G5200","FUNCSTAT":"N","ALAND":48495390,"AWATER":3175634,"INTPTLAT":"+40.8552199","INTPTLON":"-073.8820366"}},{"type":"Polygon","arcs":[[-52,-50,53,54,55]],"properties":{"STATEFP":"36","CD118FP":"16","GEOID":"3616","GEOIDFQ":"5001800US3616","NAMELSAD":"Congressional District 16","LSAD":"C2","CDSESSN":"118","MTFCC":"G5200","FUNCSTAT":"N","ALAND":320540405,"AWATER":86299702,"INTPTLAT":"+40.9784852","INTPTLON":"-073.7774003"}},{"type":"Polygon","arcs":[[56,-55,57,58]],"properties":{"STATEFP":"36","CD118FP":"17","GEOID":"3617","GEOIDFQ":"5001800US3617","NAMELSAD":"Congressional District 17","LSAD":"C2","CDSESSN":"118","MTFCC":"G5200","FUNCSTAT":"N","ALAND":2136211632,"AWATER":207114231,"INTPTLAT":"+41.3086976","INTPTLON":"-073.8034657"}},{"type":"Polygon","arcs":[[59,-59,60,61]],"properties":{"STATEFP":"36","CD118FP":"18","GEOID":"3618","GEOIDFQ":"5001800US3618","NAMELSAD":"Congressional District 18","LSAD":"C2","CDSESSN":"118","MTFCC":"G5200","FUNCSTAT":"N","ALAND":5134425343,"AWATER":176151350,"INTPTLAT":"+41.6311261","INTPTLON":"-074.0785750"}},{"type":"Polygon","arcs":[[62,63,-62,64,65,66,67,68,69]],"properties":{"STATEFP":"36","CD118FP":"19","GEOID":"3619","GEOIDFQ":"5001800US3619","NAMELSAD":"Congressional District 19","LSAD":"C2","CDSESSN":"118","MTFCC":"G5200","FUNCSTAT":"N","ALAND":20326728995,"AWATER":366272478,"INTPTLAT":"+42.2070313","INTPTLON":"-075.1194629"}},{"type":"Polygon","arcs":[[-67,70]],"properties":{"STATEFP":"36","CD118FP":"20","GEOID":"3620","GEOIDFQ":"5001800US3620","NAMELSAD":"Congressional District 20","LSAD":"C2","CDSESSN":"118","MTFCC":"G5200","FUNCSTAT":"N","ALAND":4041457776,"AWATER":129887407,"INTPTLAT":"+42.8956279","INTPTLON":"-073.9220297"}},{"type":"Polygon","arcs":[[71,72,-68,-71,-66,73]],"properties":{"STATEFP":"36","CD118FP":"21","GEOID":"3621","GEOIDFQ":"5001800US3621","NAMELSAD":"Congressional District 21","LSAD":"C2","CDSESSN":"118","MTFCC":"G5200","FUNCSTAT":"N","ALAND":42475918016,"AWATER":1904571879,"INTPTLAT":"+43.8364910","INTPTLON":"-074.4714615"}},{"type":"Polygon","arcs":[[-69,-73,74]],"properties":{"STATEFP":"36","CD118FP":"22","GEOID":"3622","GEOIDFQ":"5001800US3622","NAMELSAD":"Congressional District 22","LSAD":"C2","CDSESSN":"118","MTFCC":"G5200","FUNCSTAT":"N","ALAND":6853463608,"AWATER":314221673,"INTPTLAT":"+43.0892420","INTPTLON":"-075.7226198"}},{"type":"Polygon","arcs":[[-63,75,76,77]],"properties":{"STATEFP":"36","CD118FP":"23","GEOID":"3623","GEOIDFQ":"5001800US3623","NAMELSAD":"Congressional District 23","LSAD":"C2","CDSESSN":"118","MTFCC":"G5200","FUNCSTAT":"N","ALAND":16540810793,"AWATER":1695516126,"INTPTLAT":"+42.3402504","INTPTLON":"-078.2954406"}},{"type":"MultiPolygon","arcs":[[[-76,-70,-75,-72,78,79,80,81]],[[82]],[[83]]],"properties":{"STATEFP":"36","CD118FP":"24","GEOID":"3624","GEOIDFQ":"5001800US3624","NAMELSAD":"Congressional District 24","LSAD":"C2","CDSESSN":"118","MTFCC":"G5200","FUNCSTAT":"N","ALAND":17011639948,"AWATER":6676647127,"INTPTLAT":"+43.2310052","INTPTLON":"-077.1393898"}},{"type":"Polygon","arcs":[[84,-80]],"properties":{"STATEFP":"36","CD118FP":"25","GEOID":"3625","GEOIDFQ":"5001800US3625","NAMELSAD":"Congressional District 25","LSAD":"C2","CDSESSN":"118","MTFCC":"G5200","FUNCSTAT":"N","ALAND":2188730343,"AWATER":2940305926,"INTPTLAT":"+43.3564263","INTPTLON":"-077.9060148"}},{"type":"Polygon","arcs":[[-77,-82,85]],"properties":{"STATEFP":"36","CD118FP":"26","GEOID":"3626","GEOIDFQ":"5001800US3626","NAMELSAD":"Congressional District 26","LSAD":"C2","CDSESSN":"118","MTFCC":"G5200","FUNCSTAT":"N","ALAND":1149660453,"AWATER":89728151,"INTPTLAT":"+43.0950129","INTPTLON":"-078.8593916"}}]}},"arcs":[[[-73.49734019747167,40.923165877167925],[-73.487861,40.915768],[-73.483563,40.905569],[-73.477307,40.89925],[-73.476079,40.877111],[-73.467366,40.868098],[-73.462259,40.86671],[-73.464067,40.859554],[-73.457494,40.848712],[-73.444166,40.782001],[-73.438617,40.751287]],[[-73.438617,40.751287],[-73.294966,40.784297],[-73.294652,40.803983],[-73.237806,40.807955],[-73.230951,40.808834],[-73.229739,40.82367],[-73.128309,40.830195],[-73.123074,40.832977],[-73.116811,40.829756],[-73.120021,40.806921],[-73.050533,40.812946],[-73.046512,40.815338],[-73.05155,40.820658],[-73.05918,40.819431],[-73.060138,40.825504],[-73.046809,40.827297],[-73.045829,40.82145],[-73.0273,40.823391],[-73.029685,40.831304],[-73.021106,40.830148],[-73.021265,40.834774],[-73.002121,40.843501],[-72.997193,40.847118],[-72.974388,40.850601],[-72.959007,40.840462],[-72.939499,40.840496],[-72.917181,40.834162],[-72.916731,40.836719],[-72.906685,40.836327],[-72.904731,40.839507],[-72.908636,40.8461],[-72.89777,40.852585],[-72.890682,40.844289],[-72.883407,40.848057],[-72.865675,40.850966],[-72.865673,40.848775],[-72.836857,40.861828],[-72.838734,40.878898],[-72.829195,40.877345],[-72.815243,40.877331],[-72.804935,40.885811],[-72.791995,40.883747],[-72.786997,40.8857],[-72.782312,40.895235],[-72.768472,40.903171],[-72.755068,40.901107],[-72.739971,40.907665],[-72.734087,40.906338],[-72.728762,40.911906],[-72.722071,40.914049],[-72.712488,40.912514],[-72.701152,40.914032],[-72.726676,40.833902],[-72.729527,40.81549],[-72.728121,40.814313],[-72.728782,40.778647],[-72.72811606808666,40.77064459640841]],[[-72.72811606808666,40.77064459640841],[-72.57402276162762,40.81298899927999],[-72.39455806198062,40.86625070009699],[-72.1145931305313,40.971915042040415],[-71.87411043300433,41.052666652956525],[-71.85616396303963,41.07070690645906],[-71.89923549095491,41.08101562274622],[-71.96025348883488,41.071565966149656],[-71.96743207682077,41.04751229481294],[-72.04998583865839,41.00627742966429],[-72.10382524855248,40.99167341492414],[-72.16125395243952,41.05352571264712],[-72.20073618636187,41.0320492203822],[-72.26175418424184,41.04235793666936],[-72.27970065420654,41.080156563055624],[-72.33354006410065,41.106787413464126],[-72.30123641816418,41.11194177160771],[-72.23662912629126,41.156612875518746],[-72.27970065420654,41.15833099489994],[-72.35507582805828,41.14029074139741],[-72.4017366499665,41.09733775686756],[-72.44480817788178,41.0861699808898],[-72.47711182381823,41.05180759326593],[-72.58479064360644,40.99768683275832],[-72.63504075950759,40.98222375832758],[-72.77502322523225,40.96504256451564],[-73.04422027470275,40.96246538544385],[-73.08011321463215,40.97277410173101],[-73.14113121251212,40.96590162420623],[-73.148309800498,40.92896205751057],[-73.23086356233563,40.90490838617386],[-73.29547085420855,40.92466675905759],[-73.36725673406734,40.93153923658236],[-73.39956038000379,40.95559290791907],[-73.40673896798968,40.9203714606046],[-73.45997052443863,40.93774474975396]],[[-73.45997052443863,40.93774474975396],[-73.473601,40.94067],[-73.48437349213884,40.945709194948506]],[[-73.48437349213884,40.945709194948506],[-73.48570343583435,40.9461432513225],[-73.49734019747167,40.923165877167925]],[[-72.21509336233362,41.183243725927255],[-72.20073618636187,41.160049114281136],[-72.15766465844658,41.1969886809768],[-72.21509336233362,41.183243725927255]],[[-72.14330748247482,41.09819681655816],[-72.10741454254543,41.08874715996159],[-72.08587877858778,41.0586800707907],[-72.08587877858778,41.10163305532055],[-72.12536101251013,41.115378010370094],[-72.14330748247482,41.09819681655816]],[[-72.03562866268662,41.25540473993739],[-72.00332501675017,41.252827560865605],[-71.92794984289843,41.28976712756127],[-72.02486078070781,41.27086781436814],[-72.03562866268662,41.25540473993739]],[[-73.48488839545286,40.598192191076066],[-73.327774500145,40.633445523945234],[-73.30623873618735,40.62055962858628],[-73.20932779837798,40.63086834487344],[-73.05498815668156,40.66608979218792],[-72.86475557505575,40.733096448054475],[-72.72811606808666,40.77064459640841]],[[-73.438617,40.751287],[-73.425164,40.679894],[-73.456127,40.677861],[-73.457228,40.670805],[-73.464034,40.671047],[-73.465771,40.666523],[-73.482076,40.666794]],[[-73.482076,40.666794],[-73.487033,40.65557],[-73.484647,40.64878],[-73.48488839545286,40.598192191076066]],[[-73.826235,40.779921],[-73.821478,40.77831],[-73.821866,40.772352],[-73.802896,40.761462],[-73.779031,40.76238],[-73.780288,40.765886],[-73.774175,40.767761],[-73.770769,40.763193],[-73.758625,40.764383],[-73.756968,40.760972],[-73.74846,40.758065],[-73.734362,40.743628],[-73.752485,40.727852],[-73.75671,40.726179]],[[-73.75671,40.726179],[-73.749906,40.720046],[-73.744748,40.722982],[-73.73984,40.717309],[-73.730326,40.722157]],[[-73.730326,40.722157],[-73.716899,40.726387],[-73.694818,40.730453],[-73.650997,40.736848],[-73.569445,40.751428],[-73.553213,40.755949],[-73.551939,40.744125],[-73.554171,40.733985],[-73.542955,40.733793],[-73.538032,40.724337],[-73.525322,40.724916],[-73.522621,40.707486],[-73.505473,40.702175],[-73.503706,40.704935],[-73.492249,40.705384],[-73.492485,40.70131],[-73.484245,40.702766],[-73.481658,40.688296],[-73.482076,40.666794]],[[-73.49734019747167,40.923165877167925],[-73.50006061180612,40.91779428153281],[-73.56466790367904,40.91607616215161],[-73.64004307753078,40.8928815505055],[-73.67593601746017,40.856801043500425],[-73.71541825138252,40.86968693885938],[-73.78002554325543,40.794948745777454],[-73.78479469482448,40.80255838689234]],[[-73.78479469482448,40.80255838689234],[-73.793559,40.80038],[-73.811299,40.805397],[-73.827583,40.803936],[-73.82297,40.796213],[-73.826235,40.779921]],[[-73.45997052443863,40.93774474975396],[-73.48437349213884,40.945709194948506]],[[-73.75042163488247,40.589471830597226],[-73.55748931569316,40.58190194250942],[-73.48488839545286,40.598192191076066]],[[-73.730326,40.722157],[-73.727317,40.712216],[-73.72563,40.679588],[-73.727542,40.67416],[-73.727931,40.661749],[-73.725248,40.652193],[-73.741437,40.646889],[-73.739471,40.635706],[-73.743295,40.638048],[-73.748001,40.634631],[-73.767425,40.626606],[-73.766719,40.615004],[-73.754732,40.610405],[-73.74553,40.611871],[-73.738265,40.602557],[-73.737185,40.592965],[-73.744469,40.592904],[-73.75042163488247,40.589471830597226]],[[-73.75671,40.726179],[-73.77359,40.724742],[-73.777575,40.730193],[-73.798472,40.72353],[-73.798055,40.717431],[-73.79192,40.718914],[-73.791871,40.713793],[-73.802428,40.712041],[-73.809983,40.70807],[-73.820662,40.709869],[-73.825705,40.716063],[-73.84568,40.70848],[-73.856677,40.707692]],[[-73.856677,40.707692],[-73.859975,40.703109],[-73.855293,40.702596],[-73.845885,40.688913],[-73.850571,40.687661],[-73.851979,40.682564],[-73.851123,40.671078],[-73.857282,40.670312]],[[-73.857282,40.670312],[-73.855685,40.663867],[-73.863171,40.658277],[-73.856148,40.649198],[-73.854938,40.64265],[-73.848338,40.643521],[-73.833041,40.628261],[-73.834463,40.607193],[-73.849852,40.588669],[-73.879222,40.574656],[-73.903871,40.571619],[-73.93375450325071,40.566858464832855]],[[-73.93375450325071,40.566858464832855],[-73.94154377293773,40.54324425643256],[-73.77643624926249,40.590492539415386],[-73.75042163488247,40.589471830597226]],[[-73.826235,40.779921],[-73.829512,40.774569],[-73.840099,40.764211],[-73.845975,40.760717],[-73.843244,40.755337],[-73.852205,40.752661],[-73.854421,40.748805],[-73.84879,40.738724],[-73.858866,40.735939],[-73.86583,40.736643],[-73.869192,40.748763],[-73.880206,40.748025],[-73.884536,40.761414],[-73.88975,40.758841],[-73.906468,40.757082]],[[-73.906468,40.757082],[-73.90611,40.750624],[-73.91281,40.748818],[-73.915878,40.742998],[-73.903229,40.741163],[-73.90108,40.733908],[-73.913845,40.722898],[-73.905376,40.712877],[-73.879215,40.712026],[-73.869636,40.713298],[-73.862162,40.707264],[-73.856677,40.707692]],[[-73.961957,40.678934],[-73.961312,40.680456]],[[-73.961312,40.680456],[-73.958841,40.683018],[-73.961051,40.698326],[-73.941931,40.700725],[-73.904046,40.67922],[-73.892766,40.674956],[-73.877739,40.677165],[-73.873719,40.672511],[-73.862074,40.674208],[-73.857282,40.670312]],[[-73.906468,40.757082],[-73.909391,40.761264],[-73.920865,40.756678],[-73.935414,40.763497],[-73.940463,40.76753]],[[-73.940463,40.76753],[-73.961381,40.742802],[-73.962645,40.722747]],[[-73.962645,40.722747],[-73.967578,40.716496],[-73.970318,40.707332],[-73.972789,40.709378],[-73.979069,40.705963],[-73.980729,40.701268],[-73.986798,40.700617],[-73.987299,40.692234],[-73.982452,40.69205],[-73.979363,40.686682],[-73.973648,40.687303],[-73.971742,40.682646],[-73.961957,40.678934]],[[-73.961312,40.680456],[-73.94977,40.677652],[-73.924765,40.677173],[-73.925082,40.673844],[-73.916773,40.67339],[-73.920039,40.668282],[-73.919584,40.661994],[-73.9058,40.648265],[-73.919462,40.640239],[-73.918242,40.62877],[-73.927613,40.625824],[-73.931731,40.617927],[-73.941161,40.61182],[-73.941771,40.605183],[-73.945169,40.602369],[-73.965904,40.60009],[-73.965477,40.597834],[-73.97651,40.596616]],[[-73.97651,40.596616],[-73.985061,40.595671],[-73.992223,40.587454],[-73.988358,40.583475],[-73.990679,40.58006],[-74.00837995445586,40.5840425564131]],[[-74.00837995445586,40.5840425564131],[-74.01332965279653,40.57417040529405],[-73.93077589095891,40.57588852467524],[-73.93375450325071,40.566858464832855]],[[-73.961957,40.678934],[-73.963331,40.675561],[-73.960956,40.663285],[-73.964654,40.650887],[-73.973504,40.647595],[-73.985284,40.645768],[-73.982337,40.640976],[-73.997241,40.625289]],[[-73.997241,40.625289],[-73.98249,40.614424],[-73.983066,40.605497],[-73.977828,40.603586],[-73.97651,40.596616]],[[-74.047207,40.690843],[-74.047207,40.690843]],[[-74.040747,40.700167],[-74.040747,40.700167]],[[-74.03653117711546,40.646039021571916],[-74.035589,40.639763],[-74.011428,40.629162],[-74.007503,40.630576],[-73.997241,40.625289]],[[-73.962645,40.722747],[-73.978001,40.729429],[-73.978998,40.728106],[-74.007238,40.74347],[-74.017283,40.74418]],[[-74.017283,40.74418],[-74.023637,40.718069],[-74.02639,40.700103],[-74.03717853320535,40.68225156622021],[-74.02409753477535,40.68413004569045],[-74.03653117711546,40.646039021571916]],[[-74.258843,40.498875],[-74.25678644243284,40.49454990978319],[-74.14613353053531,40.53465365952659],[-74.08511553265532,40.56987510684106],[-74.05281188671887,40.60337843477434],[-74.0743476506765,40.64804953868538],[-74.07274943346073,40.65149218671207],[-74.086986,40.651506],[-74.093442,40.648065],[-74.109848,40.648064],[-74.126018,40.642151],[-74.132921,40.643684],[-74.14311,40.64199],[-74.18165,40.646528],[-74.19143,40.642025],[-74.2024,40.631592],[-74.203925,40.62437],[-74.202425,40.61677],[-74.204833,40.606062],[-74.199589,40.597846],[-74.207242,40.587915],[-74.210144,40.573724],[-74.214575,40.560533],[-74.218003,40.557058],[-74.231415,40.559182],[-74.247484,40.549377],[-74.250284,40.5423],[-74.24602,40.520958],[-74.254095,40.515661],[-74.258129,40.508717],[-74.258843,40.498875]],[[-74.03653117711546,40.646039021571916],[-74.04204400474005,40.629150225492246],[-74.0025617708177,40.59564689755897],[-74.00837995445586,40.5840425564131]],[[-73.940463,40.76753],[-73.934956,40.77173],[-73.934412,40.778093]],[[-73.934412,40.778093],[-73.954817,40.789205],[-73.949405,40.796631],[-73.957762,40.800472],[-73.962834,40.794203],[-73.969505,40.80033],[-73.965308,40.806081],[-73.969222,40.808506],[-73.965379,40.813959],[-73.971152,40.816269]],[[-73.971152,40.816269],[-74.014029,40.757551],[-74.017283,40.74418]],[[-73.934412,40.778093],[-73.929881,40.776222],[-73.924234,40.779101],[-73.910296,40.790657],[-73.913624,40.796786]],[[-73.913624,40.796786],[-73.923022,40.802425],[-73.927525,40.802764],[-73.93257,40.809256],[-73.933459,40.833184],[-73.928106,40.845579],[-73.923904,40.850488],[-73.914426,40.847964],[-73.905222,40.856204],[-73.896197,40.856793],[-73.880375,40.869194],[-73.887011,40.882472],[-73.894724,40.885557],[-73.904721,40.885242],[-73.914905,40.876578],[-73.933788,40.882207]],[[-73.933788,40.882207],[-73.952829,40.851106],[-73.963577,40.826642],[-73.971152,40.816269]],[[-73.78479469482448,40.80255838689234],[-73.81232918919189,40.84649232721326],[-73.76566836728367,40.844774207832074],[-73.76241284827178,40.87555158740677]],[[-73.76241284827178,40.87555158740677],[-73.822959,40.891056],[-73.833595,40.892706],[-73.836779,40.883334]],[[-73.836779,40.883334],[-73.834881,40.874429],[-73.829594,40.862173],[-73.840644,40.867554],[-73.843003,40.859502],[-73.848297,40.859811],[-73.849689,40.851059],[-73.867788,40.844875],[-73.872808,40.840869],[-73.883811,40.839469],[-73.889912,40.830124],[-73.896839,40.825991],[-73.899285,40.818147],[-73.90301,40.816318],[-73.902184,40.804877],[-73.913624,40.796786]],[[-73.836779,40.883334],[-73.847545,40.880931],[-73.8646,40.8883],[-73.858626,40.900136],[-73.918317,40.917705]],[[-73.918317,40.917705],[-73.929821,40.888682],[-73.933788,40.882207]],[[-73.76241284827178,40.87555158740677],[-73.75848977929779,40.91263992338923],[-73.68311460544605,40.948720430394296],[-73.65665225001317,40.984418259973836],[-73.660268,41.000484],[-73.655241,41.011852],[-73.706304,41.074071]],[[-73.706304,41.074071],[-73.721361,41.072045],[-73.721024,41.079122],[-73.727942,41.074942],[-73.734585,41.075139],[-73.737388,41.078403],[-73.752577,41.078753],[-73.748506,41.057875],[-73.752502,41.058353],[-73.751458,41.066078],[-73.759127,41.070032],[-73.765514,41.063223],[-73.762228,41.053401],[-73.772295,41.054378],[-73.773334,41.061693],[-73.782717,41.070004],[-73.799688,41.072615],[-73.805932,41.075515],[-73.818712,41.076412],[-73.827415,41.081574],[-73.839058,41.085505],[-73.850996,41.08546],[-73.852424,41.078606],[-73.85901,41.07165],[-73.860094,41.065881],[-73.854607,41.066838],[-73.853113,41.060916],[-73.862318,41.062752],[-73.869006,41.068519],[-73.874653,41.070038],[-73.894713,41.070023],[-73.89388,41.057896],[-73.88938,41.037597],[-73.890079,41.022597],[-73.893579,41.005297],[-73.893984,40.997172]],[[-73.893984,40.997172],[-73.896144,40.981873],[-73.908463,40.94788],[-73.914253,40.92796],[-73.918317,40.917705]],[[-74.234417,41.143063],[-74.2127,41.134338],[-74.168138,41.115307],[-74.096768,41.083897],[-73.952328,41.01968],[-73.902715,40.997327],[-73.893984,40.997172]],[[-73.706304,41.074071],[-73.727775,41.100696],[-73.664973,41.129996],[-73.60019,41.159149],[-73.482695,41.212772],[-73.512948,41.250095],[-73.550962,41.295421],[-73.549879,41.301522],[-73.549088,41.325134],[-73.543425,41.376622],[-73.541102,41.406474],[-73.536334,41.446632],[-73.532451,41.500511],[-73.525994,41.57212],[-73.521038,41.619829]],[[-73.521038,41.619829],[-73.586091,41.613056],[-73.628228,41.608322],[-73.628467,41.612343],[-73.636224,41.615615],[-73.642755,41.621865],[-73.657431,41.616715],[-73.655212,41.610232],[-73.646191,41.609071],[-73.646749,41.605383],[-73.653878,41.598301],[-73.654475,41.594138],[-73.629604,41.607551],[-73.633572,41.604509],[-73.663508,41.589386],[-73.673105,41.553403],[-73.682999,41.553546],[-73.684822,41.560756],[-73.678949,41.569524],[-73.681002,41.571878],[-73.678071,41.588549],[-73.682947,41.599084],[-73.681204,41.606949],[-73.693542,41.609077],[-73.697284,41.604998],[-73.700094,41.610898],[-73.70496,41.611596],[-73.705107,41.606545],[-73.717887,41.602555],[-73.721051,41.607912],[-73.734988,41.601148],[-73.742988,41.599433],[-73.765285,41.626325],[-73.81247,41.633808],[-73.809561,41.628791],[-73.813689,41.620126],[-73.822067,41.619608],[-73.824869,41.616055],[-73.836455,41.61332],[-73.843334,41.609295],[-73.84045,41.603933],[-73.846214,41.594651],[-73.852598,41.592336],[-73.854913,41.570009],[-73.852733,41.565764],[-73.844934,41.562216],[-73.846748,41.553706],[-73.84273,41.55017],[-73.849224,41.548789],[-73.861095,41.495951],[-73.902722,41.492315],[-73.907533,41.490975],[-73.933775,41.488279],[-73.981551,41.439008],[-73.972792,41.424589],[-73.968398,41.420156],[-73.959136,41.400442],[-73.951094,41.3989],[-73.947523,41.393316],[-73.956099,41.374402],[-73.961257,41.348539],[-73.980754,41.32542],[-74.002598,41.309636],[-74.099394,41.241127],[-74.183158,41.18084],[-74.234417,41.143063]],[[-74.754606,41.424883],[-74.741456,41.431154],[-74.737203,41.429766],[-74.734863,41.421904],[-74.741735,41.408777],[-74.73601,41.39833],[-74.729028,41.395331],[-74.71948,41.394528],[-74.712308,41.38834],[-74.707306,41.378093],[-74.694104,41.370105],[-74.689754,41.361747],[-74.69558,41.357607],[-74.539836,41.286733],[-74.491263,41.263469],[-74.457862,41.248427],[-74.395592,41.217942],[-74.362101,41.200423],[-74.330675,41.185457],[-74.234417,41.143063]],[[-73.521038,41.619829],[-73.520017,41.641197],[-73.516785,41.687581],[-73.511921,41.740941],[-73.510961,41.758749],[-73.501984,41.858717],[-73.498304,41.892509],[-73.496601,41.921748],[-73.492223,41.96734],[-73.489615,42.000092],[-73.487319,42.049525],[-73.497018,42.049624]],[[-73.497018,42.049624],[-73.521416,42.049966],[-73.525361,42.006852],[-73.527072,41.97798],[-73.556048,41.981756],[-73.620018,41.991516],[-73.672323,42.000091],[-73.71093,42.005488],[-73.751957,42.022107],[-73.801238,42.040651],[-73.818641,42.046778],[-73.867701,42.065202],[-73.907785,42.07961],[-73.915593,42.080906],[-73.917098,42.076474],[-73.929626,42.078778],[-73.926346,42.072506],[-73.928234,42.064874],[-73.932282,42.061578],[-73.934171,42.039547],[-73.937291,42.029787],[-73.933323,42.018491],[-73.939964,41.999403],[-73.939788,41.995579],[-73.952829,41.957067],[-73.953709,41.952748],[-73.986579,41.942115],[-74.010484,41.948509],[-74.014396,41.946016],[-74.010766,41.939368],[-74.027426,41.93959],[-74.033485,41.946107],[-74.038378,41.94456],[-74.038694,41.940102],[-74.044629,41.939366],[-74.012318,41.902063],[-74.02263,41.891495],[-74.025417,41.892101],[-74.029314,41.881746],[-74.034597,41.875412],[-74.043564,41.902224],[-74.085508,41.890737],[-74.089828,41.893302],[-74.084056,41.903708],[-74.134334,41.931134],[-74.17748,41.955844],[-74.192127,41.92545],[-74.197704,41.92379],[-74.201416,41.918278],[-74.207506,41.918556],[-74.214666,41.907757],[-74.215177,41.903888],[-74.244083,41.875092],[-74.258802,41.861166],[-74.308759,41.888443],[-74.355392,41.91307],[-74.397746,41.875132],[-74.41417,41.859904],[-74.433043,41.867381],[-74.440506,41.860727],[-74.438534,41.859446],[-74.447035,41.852221],[-74.444891,41.848791],[-74.457797,41.839976],[-74.449022,41.837672],[-74.450014,41.828906],[-74.454294,41.825317],[-74.45044,41.820184],[-74.433424,41.813125],[-74.420391,41.803364],[-74.41328,41.792999],[-74.414022,41.785998],[-74.419044,41.783132],[-74.413689,41.777003],[-74.400703,41.773244],[-74.393826,41.775038],[-74.382683,41.765133],[-74.381253,41.756057],[-74.386503,41.748805],[-74.384253,41.746121],[-74.388762,41.741231],[-74.400104,41.739824],[-74.390181,41.724056],[-74.383118,41.720319],[-74.392001,41.709739],[-74.38692,41.704369],[-74.383461,41.706871],[-74.380356,41.701055],[-74.374918,41.698574],[-74.365756,41.689001],[-74.355293,41.683332],[-74.359926,41.677336],[-74.367914,41.683457],[-74.371738,41.678948],[-74.360778,41.672419],[-74.369191,41.665118],[-74.365379,41.664192],[-74.395071,41.644876],[-74.391457,41.633455],[-74.386314,41.626099],[-74.384008,41.615197],[-74.380724,41.614125],[-74.376138,41.598189],[-74.364486,41.593783],[-74.370089,41.58859],[-74.379951,41.587416],[-74.383515,41.583879],[-74.395429,41.580693],[-74.397614,41.575094],[-74.401874,41.575332],[-74.41502,41.568051],[-74.419733,41.562426],[-74.428974,41.55882],[-74.430288,41.553842],[-74.436174,41.551075],[-74.439199,41.543023],[-74.445564,41.543867],[-74.444602,41.537233],[-74.45454,41.533369],[-74.46024,41.524656],[-74.465748,41.522862],[-74.465616,41.516882],[-74.476092,41.510399],[-74.475619,41.503953],[-74.496341,41.503669],[-74.557366,41.50125],[-74.560763,41.500609],[-74.752399,41.493743],[-74.760654,41.49079],[-74.759648,41.481856],[-74.754495,41.478849],[-74.750832,41.463713],[-74.759897,41.460692],[-74.758575,41.454476],[-74.762466,41.449525],[-74.756107,41.433947],[-74.751868,41.432477],[-74.756421,41.428009],[-74.754606,41.424883]],[[-76.696655,42.54679],[-76.689056,42.434059],[-76.685726,42.375108],[-76.690552,42.373217],[-76.689727,42.313443],[-76.691068,42.313412],[-76.691406,42.284307],[-76.619303,42.282853],[-76.579614,42.282595],[-76.538349,42.281755],[-76.535782,42.250074],[-76.536507,42.155403],[-76.562732,42.155912],[-76.556672,42.138983],[-76.558618,42.136381],[-76.554237,42.131467],[-76.559409,42.131251],[-76.556224,42.126683],[-76.555077,42.113135],[-76.550573,42.079624],[-76.541489,42.051728],[-76.561303,42.009503],[-76.557727,42.000064]],[[-76.557727,42.000064],[-76.442893,41.998759],[-76.304101,41.998318],[-76.244668,41.998405],[-76.059875,41.999022],[-75.983082,41.999035],[-75.764683,41.997856],[-75.634766,41.998765],[-75.359645,41.999554],[-75.341079,41.992856],[-75.337546,41.984265],[-75.341591,41.972216],[-75.329089,41.968577],[-75.319537,41.960106],[-75.317533,41.953578],[-75.310941,41.949103],[-75.302585,41.948012],[-75.297518,41.954685],[-75.292564,41.953866],[-75.288525,41.942458],[-75.278709,41.938523],[-75.276721,41.922515],[-75.267734,41.907868],[-75.267296,41.90303],[-75.273035,41.896313],[-75.27136,41.887513],[-75.260623,41.883783],[-75.25746,41.876842],[-75.264072,41.870754],[-75.257584,41.861957],[-75.248793,41.862739],[-75.241147,41.867252],[-75.231143,41.85924],[-75.223166,41.857916],[-75.214781,41.867483],[-75.206467,41.869899],[-75.19917,41.869158],[-75.185358,41.860063],[-75.176318,41.872423],[-75.170565,41.871608],[-75.16795,41.867517],[-75.168055,41.857968],[-75.163965,41.85129],[-75.157655,41.848692],[-75.139876,41.852058],[-75.130478,41.845164],[-75.116595,41.845449],[-75.113332,41.841667],[-75.115016,41.827058],[-75.112677,41.822395],[-75.100565,41.818927],[-75.08988,41.811701],[-75.079362,41.8151],[-75.072248,41.814131],[-75.072515,41.805999],[-75.07907,41.79704],[-75.092638,41.79666],[-75.102214,41.786434],[-75.104711,41.774384],[-75.100197,41.769014],[-75.09281,41.768361],[-75.07577,41.771667],[-75.059633,41.762994],[-75.053197,41.752425],[-75.054721,41.736487],[-75.049848,41.713066],[-75.05311,41.711521],[-75.063394,41.713058],[-75.068917,41.709794],[-75.06669,41.704811],[-75.059936,41.699978],[-75.052627,41.68811],[-75.051252,41.680018],[-75.059571,41.672744],[-75.050207,41.662534],[-75.047726,41.645662],[-75.049497,41.641562],[-75.048488,41.632494],[-75.043635,41.622828],[-75.044274,41.617644],[-75.05302,41.618515],[-75.061329,41.616685],[-75.059728,41.610415],[-75.06823,41.61022],[-75.074354,41.605911],[-75.060012,41.590813],[-75.047246,41.583682],[-75.04049,41.569688],[-75.028435,41.564603],[-75.018804,41.552436],[-75.016466,41.543346],[-75.0247,41.540131],[-75.022699,41.533003],[-75.016797,41.532195],[-75.003212,41.523481],[-75.000956,41.517593],[-75.003682,41.508507],[-74.987491,41.508819],[-74.983639,41.505255],[-74.98227,41.498685],[-74.985629,41.486883],[-74.981804,41.479949],[-74.95823,41.476581],[-74.943415,41.483681],[-74.932765,41.482444],[-74.922835,41.476932],[-74.913035,41.476017],[-74.909543,41.473235],[-74.906553,41.460876],[-74.890308,41.455809],[-74.889098,41.45143],[-74.894855,41.446191],[-74.896427,41.440911],[-74.88901,41.438165],[-74.863142,41.444387],[-74.853909,41.443146],[-74.835857,41.431095],[-74.826858,41.431392],[-74.822584,41.437014],[-74.812488,41.442802],[-74.801403,41.43867],[-74.799256,41.430806],[-74.79423,41.422851],[-74.788286,41.421491],[-74.772707,41.426342],[-74.76156,41.423183],[-74.754606,41.424883]],[[-73.497018,42.049624],[-73.50821,42.086134],[-73.483416,42.154448],[-73.450974,42.242779],[-73.352429,42.510017]],[[-73.352429,42.510017],[-73.378924,42.507633],[-73.499896,42.494758],[-73.590126,42.483871],[-73.764525,42.465964],[-73.783721,42.464231]],[[-73.783721,42.464231],[-73.836757,42.458592],[-73.93326,42.444814],[-73.984156,42.439658],[-74.036435,42.43361],[-74.117311,42.423608],[-74.124578,42.423243],[-74.160253,42.418624],[-74.254303,42.408207]],[[-74.254303,42.408207],[-74.244692,42.377159],[-74.246454,42.378852],[-74.259186,42.379117],[-74.269549,42.368354],[-74.276645,42.363349],[-74.293418,42.361198],[-74.299468,42.362575],[-74.312582,42.35709],[-74.317501,42.360007],[-74.329364,42.357375],[-74.340968,42.358479],[-74.346087,42.355691],[-74.356697,42.364243],[-74.376179,42.370655],[-74.379051,42.373873],[-74.443506,42.355017],[-74.476195,42.368147],[-74.618895,42.424389],[-74.71158,42.517799],[-74.718924,42.516133],[-74.728343,42.517563],[-74.733357,42.513998],[-74.744348,42.515827],[-74.751731,42.51448],[-74.771737,42.504442],[-74.777048,42.506223],[-74.844121,42.512591],[-74.935042,42.473702],[-74.934772,42.472494],[-74.957926,42.462756],[-74.959851,42.469268],[-74.968706,42.468435],[-74.949421,42.499516],[-74.886908,42.598401],[-74.916681,42.597743],[-74.930592,42.589527],[-74.939592,42.601638],[-74.948848,42.602206],[-74.947539,42.607679],[-74.952128,42.609427],[-74.954196,42.615927],[-74.950199,42.627027],[-74.956244,42.6247],[-74.956668,42.631268],[-74.950044,42.63465],[-74.957942,42.650489],[-74.952067,42.655415],[-74.949582,42.661138],[-74.955866,42.666534],[-74.962629,42.666396],[-74.963197,42.673817],[-74.959104,42.678055],[-74.956844,42.688559],[-74.961373,42.689646],[-74.971649,42.69778],[-75.000178,42.695963],[-75.082141,42.689687],[-75.079596,42.674815],[-75.151924,42.6693],[-75.215106,42.664136],[-75.213192,42.651985],[-75.215746,42.654281],[-75.235945,42.652613],[-75.236641,42.640855],[-75.25612,42.647279],[-75.265097,42.647639],[-75.273271,42.641649],[-75.28163,42.638466],[-75.284511,42.642919],[-75.290595,42.639572],[-75.295334,42.641826],[-75.304097,42.640029],[-75.320734,42.632702],[-75.322621,42.641195],[-75.322607,42.65523],[-75.328801,42.654747],[-75.331103,42.661072],[-75.327969,42.664047],[-75.330896,42.671416],[-75.327119,42.674429],[-75.32765,42.679665],[-75.321029,42.682486],[-75.313283,42.689745],[-75.306654,42.705989],[-75.296513,42.718653],[-75.295644,42.727237],[-75.300323,42.729211],[-75.292825,42.737751],[-75.295877,42.744106]],[[-75.295877,42.744106],[-75.370106,42.740381],[-75.427988,42.738111],[-75.428668,42.745421],[-75.489349,42.742244],[-75.552713,42.739393],[-75.624628,42.736953],[-75.791658,42.729153],[-75.830958,42.726446],[-75.889832,42.723844],[-75.894295,42.775268],[-75.896079,42.790964],[-75.99575,42.785239],[-76.08017,42.781599],[-76.080213,42.780014],[-76.244115,42.772496],[-76.274673,42.771257]],[[-76.274673,42.771257],[-76.27318,42.750068],[-76.265584,42.623588],[-76.374658,42.620893],[-76.458474,42.618608],[-76.458735,42.627419],[-76.531843,42.625071],[-76.614291,42.622103],[-76.614479,42.625234],[-76.666543,42.623457],[-76.656226,42.604798],[-76.645317,42.591708],[-76.618239,42.566652],[-76.605987,42.559413],[-76.585989,42.54991],[-76.696655,42.54679]],[[-73.783721,42.464231],[-73.785709,42.471632],[-73.784594,42.489947],[-73.77588,42.505817],[-73.763091,42.522026],[-73.758313,42.534215],[-73.756465,42.54868],[-73.752165,42.56658],[-73.752365,42.57668],[-73.757265,42.58718],[-73.761265,42.600779],[-73.759565,42.614179],[-73.752563,42.614178],[-73.744867,42.617281],[-73.742608,42.631582],[-73.733869,42.631883],[-73.734895,42.636101],[-73.730446,42.644883],[-73.72392,42.649214],[-73.702397,42.647286],[-73.682454,42.643343],[-73.680932,42.653075],[-73.687015,42.652288],[-73.69408,42.654785],[-73.686032,42.66645],[-73.679785,42.66662],[-73.668481,42.671671],[-73.653616,42.667236],[-73.64308,42.667812],[-73.636005,42.676699],[-73.633032,42.686508],[-73.637564,42.690611],[-73.635111,42.69313],[-73.652361,42.698478],[-73.658054,42.73945],[-73.664666,42.75469],[-73.65786,42.778882],[-73.649461,42.781568],[-73.654469,42.790592],[-73.672355,42.795791],[-73.661362,42.802977],[-73.658462,42.809077],[-73.659663,42.818978],[-73.666162,42.83433],[-73.670609,42.839743],[-73.673757,42.855465],[-73.675904,42.858575],[-73.673202,42.875077],[-73.679809,42.882332],[-73.68461,42.892399],[-73.683654,42.901314],[-73.678874,42.912293],[-73.663379,42.926811],[-73.659675,42.933364],[-73.650654,42.938278],[-73.639952,42.939418],[-73.632305,42.944379],[-73.628708,42.959151],[-73.631467,42.969739],[-73.629425,42.972147],[-73.610334,42.981343],[-73.608572,42.983852],[-73.606699,42.999241],[-73.597113,43.007623],[-73.590875,43.023241],[-73.591578,43.031962],[-73.585833,43.049728],[-73.577798,43.057339],[-73.581714,43.068695],[-73.575821,43.080411],[-73.578228,43.090632],[-73.573342,43.100545],[-73.577229,43.118976],[-73.585599,43.123665],[-73.590779,43.13424],[-73.590752,43.139488],[-73.580214,43.152882],[-73.583827,43.166131],[-73.589836,43.170472],[-73.583836,43.176844],[-73.580906,43.183737],[-73.585705,43.19312],[-73.579279,43.208906],[-73.581546,43.218897],[-73.585957,43.227432],[-73.593124,43.232165],[-73.597082,43.244441],[-73.587857,43.253498],[-73.589054,43.263683],[-73.596,43.269117],[-73.600656,43.268501],[-73.600044,43.279762],[-73.594969,43.291344],[-73.588822,43.300543],[-73.594713,43.305928],[-73.609831,43.306542],[-73.628149,43.303863],[-73.635941,43.306998],[-73.642761,43.304172],[-73.641861,43.293273],[-73.650661,43.289572],[-73.653061,43.291272],[-73.670511,43.290889],[-73.673238,43.282125],[-73.661757,43.272581],[-73.668133,43.264721],[-73.674484,43.262923],[-73.681263,43.268063],[-73.684963,43.282182],[-73.691456,43.283917],[-73.694841,43.279184],[-73.704874,43.279035],[-73.711231,43.273571],[-73.732845,43.269884],[-73.739824,43.265559],[-73.737883,43.25473],[-73.743957,43.242717],[-73.760219,43.231858],[-73.764369,43.223677],[-73.769071,43.222338],[-73.775795,43.227968],[-73.77949,43.234904],[-73.789731,43.244421],[-73.803298,43.25032],[-73.819532,43.250643],[-73.826645,43.245694],[-73.833459,43.249303],[-73.835811,43.253756],[-73.835567,43.265835],[-73.826077,43.276088],[-73.827503,43.28457],[-73.824789,43.299104],[-73.825828,43.305348],[-73.836918,43.306611],[-73.84319,43.318852],[-73.854009,43.324976],[-73.858991,43.33032],[-73.853286,43.33775],[-73.864038,43.345496],[-73.865692,43.355216],[-73.873355,43.359744],[-73.875372,43.365122],[-73.870977,43.372523],[-73.874567,43.384495],[-73.884139,43.398041],[-74.034902,43.383475],[-74.1601,43.371532],[-74.13676,43.233895],[-74.093814,42.959378],[-74.092373,42.953316],[-74.083883,42.897354],[-74.124217,42.877065],[-74.202585,42.839073],[-74.256829,42.812214],[-74.255323,42.806064],[-74.264286,42.800116],[-74.263632,42.796753],[-74.253884,42.794504],[-74.248062,42.78457],[-74.254379,42.776006],[-74.25148,42.766096],[-74.258797,42.757135],[-74.286988,42.756685],[-74.304811,42.752187],[-74.30533,42.747396],[-74.27784,42.719472],[-74.270768,42.719542],[-74.272295,42.71427],[-74.241014,42.716857],[-74.239846,42.718924],[-74.202713,42.710826],[-74.184235,42.7125],[-74.180274,42.729979],[-74.164678,42.717207],[-74.169525,42.691365],[-74.168525,42.67431],[-74.169725,42.667426],[-74.179324,42.646384],[-74.192569,42.627069],[-74.193495,42.618999],[-74.215166,42.597435],[-74.219639,42.591386],[-74.220274,42.585412],[-74.233995,42.575688],[-74.236959,42.56012],[-74.241572,42.550802],[-74.229065,42.52903],[-74.225639,42.526403],[-74.224985,42.50855],[-74.228501,42.494381],[-74.236447,42.485459],[-74.241629,42.472036],[-74.244457,42.470265],[-74.252603,42.444945],[-74.264863,42.419863],[-74.263469,42.407127],[-74.254303,42.408207]],[[-75.97987367629187,44.34424529892305],[-75.967833,44.240294],[-75.886969,44.245756],[-75.879697,44.196744],[-75.877689,44.1641],[-75.870733,44.100144],[-75.870157,44.081816],[-75.866603,44.03817],[-75.860523,44.005339],[-75.857918,43.985518],[-75.854997,43.982169],[-75.83596,43.99004],[-75.825314,43.990951],[-75.822402,43.995794],[-75.806066,44.002276],[-75.807987,44.008157],[-75.803892,44.012551],[-75.795196,44.011729],[-75.787721,44.008628],[-75.779642,44.011522],[-75.773647,44.019385],[-75.759851,44.026226],[-75.752075,44.028093],[-75.740689,44.026833],[-75.731331,44.030288],[-75.721223,44.036239],[-75.715621,44.036658],[-75.712943,44.043838],[-75.706823,44.049243],[-75.70111,44.049049],[-75.696524,44.055013],[-75.688783,44.050896],[-75.680703,44.051575],[-75.677425,44.04507],[-75.686887,44.039546],[-75.688492,44.03324],[-75.684132,44.028219],[-75.678761,44.026853],[-75.666451,44.01926],[-75.659933,44.019089],[-75.652847,44.022188],[-75.643329,44.017961],[-75.63934,44.010355],[-75.636972,43.996825],[-75.631531,43.994057],[-75.628296,43.98798],[-75.616486,43.989774],[-75.613906,43.984829],[-75.609976,43.986692],[-75.604575,43.982376],[-75.597524,43.985293],[-75.594496,43.983521],[-75.597931,43.977903],[-75.586376,43.973051],[-75.588634,43.967103],[-75.597386,43.96663],[-75.60356,43.971368],[-75.660631,43.936947],[-75.758633,43.87877],[-75.840399,43.883926],[-75.850914,43.791894],[-75.786954,43.788702],[-75.774192,43.692168],[-75.767418,43.629709],[-75.761463,43.544357],[-75.75886,43.51107],[-75.756416,43.470416]],[[-75.756416,43.470416],[-75.662357,43.449122],[-75.59647,43.434775],[-75.558144,43.424654],[-75.533429,43.419815],[-75.486746,43.441479],[-75.46547,43.451849],[-75.36712,43.497487],[-75.298578,43.528924],[-75.249685,43.550927],[-75.11016,43.615229],[-75.100402,43.530296],[-75.097516,43.496765],[-75.093539,43.468938],[-75.085821,43.409497],[-75.076581,43.330705],[-75.088158,43.329545],[-75.093769,43.323103],[-75.099839,43.325175],[-75.107557,43.311654],[-75.117916,43.310977],[-75.11984,43.304637],[-75.130077,43.307257],[-75.141064,43.304666],[-75.147995,43.305159],[-75.145842,43.300282],[-75.148359,43.28895],[-75.152615,43.285718],[-75.153183,43.280574],[-75.158509,43.273054],[-75.158661,43.264196],[-75.162432,43.261282],[-75.16035,43.255805],[-75.152504,43.257811],[-75.151813,43.24807],[-75.142703,43.255001],[-75.136398,43.2487],[-75.123923,43.2465],[-75.122684,43.241048],[-75.105415,43.236152],[-75.090899,43.230492],[-75.083933,43.230538],[-75.075285,43.234332],[-75.070654,43.234037],[-75.072826,43.227894],[-75.069165,43.227333],[-75.123351,43.160687],[-75.139405,43.140369],[-75.160906,43.114769],[-75.18553,43.088445],[-75.184078,43.083329],[-75.1779,43.082543],[-75.182334,43.075303],[-75.195807,43.077569],[-75.219106,43.052469],[-75.210836,42.975435],[-75.201444,42.880664],[-75.242745,42.877869],[-75.248074,42.870319],[-75.24486,42.868986],[-75.244062,42.861299],[-75.246894,42.855356],[-75.246614,42.844521],[-75.242587,42.84343],[-75.239547,42.834233],[-75.250224,42.824653],[-75.246004,42.817359],[-75.253242,42.795703],[-75.251944,42.783951],[-75.257057,42.783034],[-75.258825,42.776993],[-75.273156,42.772487],[-75.279721,42.763959],[-75.280061,42.754546],[-75.284858,42.750833],[-75.290538,42.751552],[-75.295877,42.744106]],[[-73.352429,42.510017],[-73.329072,42.573185],[-73.264827,42.745851],[-73.276421,42.746019],[-73.290944,42.80192],[-73.283695,42.813856],[-73.287063,42.82014],[-73.285388,42.834093],[-73.278673,42.83341],[-73.275804,42.897249],[-73.27417,42.949028],[-73.269777,43.035976],[-73.265595,43.095926],[-73.259159,43.216848],[-73.256475,43.260093],[-73.253178,43.357709],[-73.252353,43.372994],[-73.248396,43.470634],[-73.246844,43.517252],[-73.247698,43.523174],[-73.241486,43.532621],[-73.246586,43.541855],[-73.250133,43.543429],[-73.248641,43.553858],[-73.258631,43.56495],[-73.2697,43.57177],[-73.281078,43.574172],[-73.281296,43.577579],[-73.297258,43.579691],[-73.292111,43.584885],[-73.29671,43.587114],[-73.291019,43.599235],[-73.298303,43.610211],[-73.302488,43.60948],[-73.300315,43.617323],[-73.302553,43.625709],[-73.307232,43.62824],[-73.310229,43.624229],[-73.317567,43.627356],[-73.334218,43.626919],[-73.348218,43.621709],[-73.353638,43.625927],[-73.365563,43.623441],[-73.37189,43.62449],[-73.369934,43.619094],[-73.376037,43.612597],[-73.372375,43.606014],[-73.383597,43.596975],[-73.382414,43.591577],[-73.386901,43.59077],[-73.382616,43.585625],[-73.385251,43.583263],[-73.384339,43.575398],[-73.389741,43.574683],[-73.392005,43.569899],[-73.398126,43.568065],[-73.416965,43.577731],[-73.420384,43.581495],[-73.428637,43.583994],[-73.430325,43.590532],[-73.421616,43.603023],[-73.423709,43.612357],[-73.417828,43.620586],[-73.41832,43.623325],[-73.42791,43.634428],[-73.426463,43.642599],[-73.418396,43.648284],[-73.408062,43.669438],[-73.40351,43.683977],[-73.402901,43.692495],[-73.396307,43.696042],[-73.385493,43.711756],[-73.370612,43.725329],[-73.369944,43.743855],[-73.351265,43.769823],[-73.357521,43.785557],[-73.362213,43.789955],[-73.376793,43.799158],[-73.379601,43.809201],[-73.391014,43.818411],[-73.392799,43.822771],[-73.389297,43.831235],[-73.377793,43.838716],[-73.372589,43.845354],[-73.380249,43.851923],[-73.382186,43.857019],[-73.3741,43.875304],[-73.383694,43.891284],[-73.396179,43.903264],[-73.408859,43.934505],[-73.405646,43.948069],[-73.407069,43.968172],[-73.41251,43.982216],[-73.406009,44.011417],[-73.410385,44.026503],[-73.421483,44.031862],[-73.43571,44.04188],[-73.437905,44.045125],[-73.432541,44.062329],[-73.429215,44.079831],[-73.415215,44.101344],[-73.411225,44.113767],[-73.416138,44.132355],[-73.403045,44.144984],[-73.398857,44.161915],[-73.395813,44.166266],[-73.397492,44.170912],[-73.394653,44.177377],[-73.390228,44.180331],[-73.390625,44.191068],[-73.383759,44.194032],[-73.381935,44.197734],[-73.373739,44.200964],[-73.363393,44.207737],[-73.36222,44.212461],[-73.351379,44.22598],[-73.34951,44.230905],[-73.343941,44.233697],[-73.343376,44.23819],[-73.335213,44.240475],[-73.330375,44.244312],[-73.324653,44.243517],[-73.319603,44.249909],[-73.312741,44.265411],[-73.310914,44.274298],[-73.322216,44.301542],[-73.324195,44.310033],[-73.324021,44.333835],[-73.327353,44.34436],[-73.334648,44.356879],[-73.333613,44.3723],[-73.31504,44.388526],[-73.310505,44.402601],[-73.296052,44.428334],[-73.293969,44.442579],[-73.300201,44.455551],[-73.298706,44.464453],[-73.299896,44.476651],[-73.304107,44.484585],[-73.306713,44.500335],[-73.320846,44.51363],[-73.321702,44.524395],[-73.329166,44.528892],[-73.332519,44.537082],[-73.338806,44.542926],[-73.338752,44.548046],[-73.342933,44.551907],[-73.356789,44.557919],[-73.37495,44.575817],[-73.375667,44.582038],[-73.381849,44.589316],[-73.376849,44.599599],[-73.382393,44.611346],[-73.38982,44.617211],[-73.38591,44.630255],[-73.387169,44.635543],[-73.378907,44.640958],[-73.383974,44.647605],[-73.378317,44.652165],[-73.379073,44.656772],[-73.370589,44.662518],[-73.372547,44.668184],[-73.371843,44.676957],[-73.367546,44.678151],[-73.370142,44.684855],[-73.365736,44.687169],[-73.361308,44.694524],[-73.365977,44.697559],[-73.365084,44.73383],[-73.363792,44.745254],[-73.354361,44.755296],[-73.347085,44.77298],[-73.336377,44.78148],[-73.333152,44.789588],[-73.335044,44.804109],[-73.353472,44.820386],[-73.365679,44.826451],[-73.375346,44.836307],[-73.379452,44.83801],[-73.381296,44.849861],[-73.379822,44.857038],[-73.369104,44.866681],[-73.360328,44.897236],[-73.356218,44.904492],[-73.341106,44.914632],[-73.338622,44.919366],[-73.339603,44.943371],[-73.338244,44.964751],[-73.350218,44.976222],[-73.354633,44.987352],[-73.350862,44.993049],[-73.34352513885597,45.009899851839776],[-73.67593601746017,45.002623110321096],[-73.72975458979954,45.00315981482567],[-73.77765573377678,45.00299437997985],[-74.14613353053531,44.991455334343335],[-74.29108162706996,44.99210989659496],[-74.326849,44.991927],[-74.34647608874842,44.9925271163504],[-74.66217941328071,44.999169776887854],[-74.73108402708144,44.99060942878771],[-74.74464,44.990562],[-74.760217,44.994945],[-74.76128154624723,44.99833225569927],[-74.8280993891939,45.01550900568005],[-74.907948,44.983369],[-74.91906594832125,44.983723797127965],[-74.972193361167,44.983425753589735],[-74.99926496861953,44.96797510572493],[-75.005151,44.958406],[-75.027125,44.946568],[-75.05421757810252,44.93661186215461],[-75.06836809683836,44.92916717075292],[-75.13819163060407,44.90237957607473],[-75.139989,44.896947],[-75.15914413658403,44.894341208386734],[-75.30305226402288,44.83913127584932],[-75.307621,44.83681],[-75.301878,44.826484],[-75.333743,44.806375],[-75.33747517590731,44.807232140873936],[-75.3698370121934,44.78773016785278],[-75.369953,44.782883],[-75.38128682200467,44.78083025401406],[-75.4349949786792,44.74846450649518],[-75.476119,44.720772],[-75.504928,44.705354],[-75.56621670948829,44.65926484360737],[-75.61774406764067,44.61948248831487],[-75.7649051213512,44.51553626575265],[-75.807582,44.471707],[-75.821379,44.432042],[-75.869927,44.396175],[-75.91206617506175,44.367777998969984],[-75.940844,44.354668],[-75.949717,44.34898],[-75.970179,44.342533],[-75.97987367629187,44.34424529892305]],[[-75.756416,43.470416],[-75.814627,43.483578],[-75.863461,43.375069],[-75.886756,43.325021],[-75.862927,43.319274],[-75.874792,43.232527],[-75.882067,43.233596],[-75.879186,43.238946],[-75.884614,43.238469],[-75.879364,43.247516],[-75.886877,43.245236],[-75.889066,43.234246],[-75.90754,43.234577],[-75.921303,43.23895],[-75.929474,43.243212],[-75.935229,43.240327],[-75.941174,43.240904],[-75.950764,43.245756],[-75.960145,43.243208],[-75.967867,43.245931],[-75.971929,43.243397],[-75.983425,43.243271],[-75.990438,43.248417],[-76.004518,43.245667],[-76.012564,43.247829],[-76.022966,43.242816],[-76.040333,43.246225],[-76.050186,43.238746],[-76.059343,43.242725],[-76.072015,43.214732],[-76.082148,43.216187],[-76.099378,43.224931],[-76.106654,43.226866],[-76.114311,43.232536],[-76.126504,43.233805],[-76.139838,43.240356],[-76.148526,43.239636],[-76.169047,43.246668],[-76.179626,43.253593],[-76.194068,43.266066],[-76.202944,43.271605],[-76.210658,43.268601],[-76.2093,43.262144],[-76.212757,43.257409],[-76.210609,43.244004],[-76.213393,43.24002],[-76.205008,43.237412],[-76.202548,43.222268],[-76.194248,43.217068],[-76.198748,43.212568],[-76.206176,43.216612],[-76.210649,43.210568],[-76.208336,43.208036],[-76.217873,43.204772],[-76.224449,43.204968],[-76.233849,43.212368],[-76.24465,43.214568],[-76.250001,43.225191],[-76.258951,43.237468],[-76.263751,43.236368],[-76.267551,43.239668],[-76.275551,43.238768],[-76.268351,43.233368],[-76.266851,43.227468],[-76.262151,43.223568],[-76.262051,43.218468],[-76.271351,43.203968],[-76.281027,43.201091],[-76.287076,43.210692],[-76.290084,43.219492],[-76.301476,43.227588],[-76.308869,43.230884],[-76.316117,43.229428],[-76.324213,43.232308],[-76.344582,43.231525],[-76.344632,43.23267],[-76.38335,43.230867],[-76.479224,43.227519],[-76.473066,43.146017],[-76.481227,43.145886],[-76.486303,43.143223],[-76.47864,43.131231],[-76.47206,43.110929],[-76.473594,43.104029],[-76.491232,43.106295],[-76.497829,43.102657],[-76.499324,43.097723],[-76.495664,43.05644],[-76.491941,43.004964],[-76.462999,43.006316],[-76.456183,42.913304],[-76.450738,42.84576],[-76.356974,42.84945],[-76.329796,42.829469],[-76.305762,42.813338],[-76.286198,42.794443],[-76.275348,42.78047],[-76.274673,42.771257]],[[-76.696655,42.54679],[-76.895596,42.541537],[-76.899485,42.520631],[-76.900841,42.493812],[-76.898575,42.484254],[-76.889805,42.463054],[-76.963977,42.459186],[-76.964456,42.46425],[-76.987913,42.463239],[-76.989329,42.484821],[-77.041079,42.48459],[-77.107203,42.483771],[-77.107593,42.50577],[-77.114793,42.50827],[-77.127279,42.497259],[-77.134777,42.494807],[-77.143946,42.494705],[-77.149502,42.50007],[-77.149495,42.51527],[-77.146995,42.52917],[-77.149595,42.55387],[-77.143795,42.576869],[-77.273274,42.57617],[-77.374705,42.576368],[-77.490009,42.577267],[-77.61624,42.580143],[-77.659917,42.580409],[-77.661315,42.535067],[-77.720617,42.535066],[-77.722964,42.471216],[-77.749719,42.471728],[-77.840231,42.474576],[-77.840901,42.517767],[-77.874722,42.518115],[-77.999726,42.518514],[-78.043418,42.518464],[-78.039465,42.521184],[-78.077428,42.521063],[-78.158346,42.521687],[-78.224646,42.521845],[-78.305943,42.521274],[-78.424716,42.519257],[-78.464551,42.519227],[-78.462134,42.59216],[-78.461896,42.613276],[-78.464008,42.693622],[-78.463321,42.780462],[-78.487957,42.780471],[-78.486251,42.867511],[-78.464382,42.867355],[-78.463811,42.915321],[-78.464346,42.96319],[-78.463052,43.013413],[-78.464133,43.054395],[-78.464449,43.088703],[-78.471916,43.084202],[-78.481621,43.083778],[-78.484668,43.086163],[-78.488945,43.08271],[-78.496498,43.081751],[-78.496887,43.086445],[-78.509285,43.094009],[-78.510056,43.098072],[-78.51403,43.09137],[-78.522263,43.08815],[-78.531952,43.088593],[-78.54,43.08567],[-78.547462,43.091751],[-78.541267,43.093349],[-78.545998,43.098694],[-78.550721,43.092907],[-78.560875,43.090405],[-78.557388,43.093845],[-78.561011,43.096972],[-78.564484,43.088894],[-78.576248,43.088791],[-78.57625,43.079751],[-78.582497,43.088654],[-78.585089,43.084574],[-78.580193,43.08017],[-78.586136,43.073109],[-78.590904,43.076157],[-78.591949,43.071365],[-78.603989,43.072025],[-78.611916,43.077881],[-78.61721,43.077892],[-78.612511,43.083645],[-78.618881,43.087444],[-78.626671,43.08511],[-78.64212,43.096878],[-78.640762,43.090668],[-78.648995,43.087287],[-78.648392,43.080589],[-78.664711,43.086399],[-78.674518,43.083941],[-78.679253,43.084839],[-78.682793,43.080269],[-78.690872,43.088642],[-78.696906,43.086337]],[[-78.696906,43.086337],[-78.696947,42.863664],[-78.754408,42.864128],[-78.753295,42.825541],[-78.76335,42.823067],[-78.770983,42.824277],[-78.777681,42.831429],[-78.782373,42.833264],[-78.785314,42.828666],[-78.789266,42.83137],[-78.788785,42.83811],[-78.794587,42.837682],[-78.794767,42.831955],[-78.825141,42.832066],[-78.823999,42.826879],[-78.834328,42.826152],[-78.836646,42.831859],[-78.86185014337394,42.832268314092985]],[[-78.86185014337394,42.832268314092985],[-78.85169795527955,42.78367192950929],[-78.91989454114541,42.73728270621706],[-79.04910912489125,42.689175363543626],[-79.06346630086301,42.64450425963259],[-79.11012712277123,42.6135781107711],[-79.14960935669356,42.55344393242932],[-79.24293100051,42.531967440164394],[-79.3506098202982,42.489014455634546],[-79.45469934609346,42.41084002379023],[-79.64493192771927,42.315484398133975],[-79.71671780757808,42.284558249272486],[-79.76184860139202,42.26817585312426],[-79.761954,41.998841],[-79.649843,41.998904],[-79.510993,41.998364],[-79.411731,41.998404],[-79.342342,41.998933],[-79.256394,41.998835],[-79.158438,41.99967],[-79.05247,41.999387],[-78.961378,41.998707],[-78.905944,41.997955],[-78.857359,41.997705],[-78.69881,41.998634],[-78.622876,41.999975],[-78.428779,41.99981],[-78.272898,41.999111],[-78.195126,41.999569],[-78.122131,42.000358],[-77.940354,41.99847],[-77.894351,41.998207],[-77.829803,41.998288],[-77.7132,41.998839],[-77.648719,41.999473],[-77.609771,41.999384],[-77.511961,42.000077],[-77.395826,42.000071],[-77.305328,41.999715],[-77.161419,41.999605],[-77.103252,41.999833],[-76.888758,42.001878],[-76.829396,42.002011],[-76.749675,42.001689],[-76.557727,42.000064]],[[-75.97987367629187,44.34424529892305],[-76.00179852488525,44.34716056639566],[-76.08922673427298,44.30453552456644],[-76.10088081014811,44.299277107809814],[-76.15876611004025,44.28234415209806],[-76.161825,44.280776],[-76.16331675456755,44.25646894294],[-76.16331675456755,44.239778105071046],[-76.191324,44.221239],[-76.206774,44.214538],[-76.245487,44.203664],[-76.3088416229383,44.19973142156256],[-76.312639,44.199045],[-76.3372565947085,44.159510520106224],[-76.37149580615807,44.10061043519435],[-76.375085100151,44.03188565994659],[-76.3212456902569,44.031026600256],[-76.2674062803628,43.98721455603555],[-76.2853527503275,43.96230182500824],[-76.20638828248282,43.975187720367195],[-76.13819169661696,43.93481191490914],[-76.12742381463815,43.897872348213475],[-76.20279898848989,43.862650900899],[-76.20997757647577,43.8909998706887],[-76.26022769237692,43.88155021409214],[-76.29970992629926,43.83859722956229],[-76.22792404644046,43.80423484193841],[-76.195620400504,43.64960409763097],[-76.20279898848989,43.574865904549036],[-76.23510263442634,43.5293357409474],[-76.29612063230633,43.513013606826064],[-76.36790651216512,43.52589950218501],[-76.41815662806628,43.52160420373203],[-76.48635321393213,43.475214980439794],[-76.52224615386153,43.46834250291502],[-76.62992497364974,43.41336268271682],[-76.6981215595156,43.34463790746907],[-76.73042520545205,43.343778847778474],[-76.79503249732497,43.309416460154594],[-76.90271131711317,43.29223526634266],[-76.95296143301432,43.270758774077734],[-77.03551519485194,43.27161783376833],[-77.11089036870368,43.28793996788967],[-77.2652300104001,43.27763125160251],[-77.3760450723882,43.276873468252894]],[[-77.3760450723882,43.276873468252894],[-77.374582,43.160451],[-77.372214,43.086914],[-77.371478,43.034696],[-77.485418,43.034564],[-77.484089,42.982602],[-77.482517,42.943164],[-77.635022,42.944464],[-77.637522,42.939964],[-77.759052,42.940462],[-77.759418,42.944491],[-77.746371,42.944072],[-77.738493,42.94774],[-77.732378,42.945285],[-77.730907,42.948417],[-77.734469,42.954771],[-77.728407,42.953033],[-77.725032,42.959223],[-77.726199,42.965968],[-77.723409,42.972208],[-77.717884,42.972616],[-77.720748,42.979193],[-77.732941,42.981912],[-77.730957,42.988372],[-77.909832,42.987762],[-77.909414,43.00252],[-77.90754,43.002859],[-77.904121,43.037056],[-77.951044,43.039544],[-77.938925,43.06407],[-77.905934,43.133561],[-77.939336,43.132946],[-77.999736,43.132983],[-78.027226,43.13206],[-78.026661,43.165315],[-78.026686,43.199386],[-78.024135,43.203854],[-78.028149,43.211637],[-78.026165,43.217216],[-78.115584,43.21643],[-78.115498,43.253502],[-78.168377,43.252298],[-78.221901,43.251501],[-78.298418,43.251849],[-78.296871,43.306183],[-78.369202,43.305677],[-78.405708,43.305048],[-78.466429,43.302775],[-78.46559769766266,43.37504705717951]],[[-78.46559769766266,43.37504705717951],[-78.48917926199262,43.374704996639956],[-78.63275102171022,43.35752380282802],[-78.754355,43.333096702102466]],[[-78.754355,43.333096702102466],[-78.755064,43.287187],[-78.754619,43.230454],[-78.754611,43.157698],[-78.740951,43.160012],[-78.722961,43.165327],[-78.724381,43.143742],[-78.718665,43.144025],[-78.713826,43.151159],[-78.68617,43.150534],[-78.67996,43.149561],[-78.679131,43.131815],[-78.686036,43.119947],[-78.696865,43.121172],[-78.696906,43.086337]],[[-76.45404956799568,43.8909998706887],[-76.37867439414394,43.921066959859594],[-76.4109780400804,43.925362258312575],[-76.45404956799568,43.8909998706887]],[[-76.375085100151,43.87467773656736],[-76.33560286622865,43.878973035020344],[-76.31765639626396,43.917630721097204],[-76.375085100151,43.87467773656736]],[[-77.3760450723882,43.276873468252894],[-77.39085530015299,43.27677219191191],[-77.5344270598706,43.23467826707267],[-77.57749858778588,43.243268863978635],[-77.6600523496235,43.28278560974609],[-77.7138917595176,43.32316141520415],[-77.79644552135521,43.339483549325486],[-78.10512480474804,43.37556405633055],[-78.23433938849388,43.36869157880578],[-78.3707325602256,43.37642311602115],[-78.46559769766266,43.37504705717951]],[[-78.754355,43.333096702102466],[-78.83375148531485,43.317147997369965],[-78.97014465704657,43.2810674903649],[-79.07010590544047,43.262269534313525],[-79.055932,43.254674],[-79.05579,43.239094],[-79.053046,43.22346],[-79.0544169043855,43.21832995151616],[-79.05211932075088,43.204582390782996],[-79.048694,43.200158],[-79.0503027812952,43.193713151415764],[-79.04193053690537,43.143617939869394],[-79.05840420176126,43.10988511192269],[-79.057961,43.106957],[-79.065961,43.091052],[-79.07407668274831,43.07779285380897],[-79.00713,43.065757],[-78.999435,43.056057],[-79.005139,43.047056],[-79.01117362611292,43.03052653077424],[-79.01314817239867,42.98704854110075],[-79.0080665580405,42.98367539972749],[-78.93066242312423,42.95548386762867],[-78.918859,42.946857],[-78.909159,42.933257],[-78.90594406793767,42.924213170613186],[-78.905758,42.899957],[-78.9124455355771,42.886559949000926],[-78.86605513125131,42.85239670475704],[-78.86185014337394,42.832268314092985]]]}