{"type":"Topology","bbox":[-79.7633786294863,40.502009391283906,-71.85616396303963,45.01550900568005],"objects":{"counties":{"type":"GeometryCollection","geometries":[{"type":"Polygon","arcs":[[0,1,2,3,4,5]],"id":"36095","properties":{"name":"Schoharie"}},{"type":"Polygon","arcs":[[6,7,8,9,10,11]],"id":"36099","properties":{"name":"Seneca"}},{"type":"Polygon","arcs":[[12,13,14,15]],"id":"36073","properties":{"name":"Orleans"}},{"type":"Polygon","arcs":[[16,17,-7,18,19]],"id":"36117","properties":{"name":"Wayne"}},{"type":"Polygon","arcs":[[-4,20,21,22,23]],"id":"36039","properties":{"name":"Greene"}},{"type":"Polygon","arcs":[[24,25,26,27,28]],"id":"36003","properties":{"name":"Allegany"}},{"type":"Polygon","arcs":[[29,30,31,32,33,34,35]],"id":"36075","properties":{"name":"Oswego"}},{"type":"Polygon","arcs":[[36,37,38,39]],"id":"36059","properties":{"name":"Nassau"}},{"type":"Polygon","arcs":[[40,-20,41,42,43,-14]],"id":"36055","properties":{"name":"Monroe"}},{"type":"Polygon","arcs":[[44,45,46,47,48,49,50]],"id":"36043","properties":{"name":"Herkimer"}},{"type":"Polygon","arcs":[[51,52,53,54]],"id":"36061","properties":{"name":"New York"}},{"type":"Polygon","arcs":[[55,56,-46,57,58,59]],"id":"36089","properties":{"name":"St. Lawrence"}},{"type":"Polygon","arcs":[[60,61,62,63,64,65]],"id":"36071","properties":{"name":"Orange"}},{"type":"Polygon","arcs":[[-9,66,67,68,69,70]],"id":"36109","properties":{"name":"Tompkins"}},{"type":"Polygon","arcs":[[-34,71,72,73]],"id":"36067","properties":{"name":"Onondaga"}},{"type":"Polygon","arcs":[[74,75,76,-21,-3]],"id":"36001","properties":{"name":"Albany"}},{"type":"MultiPolygon","arcs":[[[77]],[[78]],[[79]],[[-37,80]]],"id":"36103","properties":{"name":"Suffolk"}},{"type":"MultiPolygon","arcs":[[[81]],[[-59,82,-30,83]],[[84]]],"id":"36045","properties":{"name":"Jefferson"}},{"type":"Polygon","arcs":[[85,-43,86,87,-26,88]],"id":"36051","properties":{"name":"Livingston"}},{"type":"Polygon","arcs":[[89,-89,-25,90,91]],"id":"36121","properties":{"name":"Wyoming"}},{"type":"Polygon","arcs":[[92,-10,-71,93,94]],"id":"36097","properties":{"name":"Schuyler"}},{"type":"Polygon","arcs":[[-69,95,96,97,98]],"id":"36107","properties":{"name":"Tioga"}},{"type":"Polygon","arcs":[[99,-94,-70,-99,100]],"id":"36015","properties":{"name":"Chemung"}},{"type":"Polygon","arcs":[[101,102,103,104,105]],"id":"36119","properties":{"name":"Westchester"}},{"type":"Polygon","arcs":[[-16,106,107,108]],"id":"36063","properties":{"name":"Niagara"}},{"type":"Polygon","arcs":[[109,-51,110,111,-32]],"id":"36065","properties":{"name":"Oneida"}},{"type":"Polygon","arcs":[[112,113,114,115,116,117]],"id":"36031","properties":{"name":"Essex"}},{"type":"Polygon","arcs":[[118,-111,-50,119,-6,120,121]],"id":"36077","properties":{"name":"Otsego"}},{"type":"Polygon","arcs":[[-57,122,-118,123,124,125,-47]],"id":"36041","properties":{"name":"Hamilton"}},{"type":"Polygon","arcs":[[-49,126,127,128,-1,-120]],"id":"36057","properties":{"name":"Montgomery"}},{"type":"Polygon","arcs":[[129,-113,-123,-56,130]],"id":"36033","properties":{"name":"Franklin"}},{"type":"Polygon","arcs":[[-58,-45,-110,-31,-83]],"id":"36049","properties":{"name":"Lewis"}},{"type":"Polygon","arcs":[[131,132,133,134,-97]],"id":"36007","properties":{"name":"Broome"}},{"type":"Polygon","arcs":[[-129,135,-75,-2]],"id":"36093","properties":{"name":"Schenectady"}},{"type":"Polygon","arcs":[[-88,136,137,-95,-100,138,-27]],"id":"36101","properties":{"name":"Steuben"}},{"type":"Polygon","arcs":[[139,-122,140,-133,141]],"id":"36017","properties":{"name":"Chenango"}},{"type":"Polygon","arcs":[[142,143,-66,144]],"id":"36105","properties":{"name":"Sullivan"}},{"type":"Polygon","arcs":[[-63,145,146,-102,147]],"id":"36079","properties":{"name":"Putnam"}},{"type":"Polygon","arcs":[[-64,-148,-106,148]],"id":"36087","properties":{"name":"Rockland"}},{"type":"Polygon","arcs":[[-22,149,150,151,152]],"id":"36021","properties":{"name":"Columbia"}},{"type":"Polygon","arcs":[[153,-114,-130]],"id":"36019","properties":{"name":"Clinton"}},{"type":"Polygon","arcs":[[-54,154,155]],"id":"36047","properties":{"name":"Kings"}},{"type":"Polygon","arcs":[[156,-91,-29,157,158]],"id":"36009","properties":{"name":"Cattaraugus"}},{"type":"Polygon","arcs":[[159,-159,160]],"id":"36013","properties":{"name":"Chautauqua"}},{"type":"Polygon","arcs":[[161,162,-39,163,-155,-53]],"id":"36081","properties":{"name":"Queens"}},{"type":"Polygon","arcs":[[164,165,166,-150,-77]],"id":"36083","properties":{"name":"Rensselaer"}},{"type":"Polygon","arcs":[[167]],"id":"36085","properties":{"name":"Richmond"}},{"type":"Polygon","arcs":[[168,-23,-153,169,-61,-144]],"id":"36111","properties":{"name":"Ulster"}},{"type":"Polygon","arcs":[[170,-104,171,-162,-52]],"id":"36005","properties":{"name":"Bronx"}},{"type":"Polygon","arcs":[[172,173,-165,-76,-136,-128,174,-125]],"id":"36091","properties":{"name":"Saratoga"}},{"type":"Polygon","arcs":[[-126,-175,-127,-48]],"id":"36035","properties":{"name":"Fulton"}},{"type":"Polygon","arcs":[[-170,-152,175,-146,-62]],"id":"36027","properties":{"name":"Dutchess"}},{"type":"Polygon","arcs":[[-18,176,-35,-74,177,-67,-8]],"id":"36011","properties":{"name":"Cayuga"}},{"type":"Polygon","arcs":[[-108,178,-92,-157,-160,179]],"id":"36029","properties":{"name":"Erie"}},{"type":"Polygon","arcs":[[-73,180,-142,-132,-96,-68,-178]],"id":"36023","properties":{"name":"Cortland"}},{"type":"Polygon","arcs":[[-33,-112,-119,-140,-181,-72]],"id":"36053","properties":{"name":"Madison"}},{"type":"Polygon","arcs":[[-116,181,-166,-174,182]],"id":"36115","properties":{"name":"Washington"}},{"type":"Polygon","arcs":[[-15,-44,-86,-90,-179,-107]],"id":"36037","properties":{"name":"Genesee"}},{"type":"Polygon","arcs":[[-117,-183,-173,-124]],"id":"36113","properties":{"name":"Warren"}},{"type":"Polygon","arcs":[[-141,-121,-5,-24,-169,-143,183,-134]],"id":"36025","properties":{"name":"Delaware"}},{"type":"Polygon","arcs":[[-11,-93,-138,184]],"id":"36123","properties":{"name":"Yates"}},{"type":"Polygon","arcs":[[-42,-19,-12,-185,-137,-87]],"id":"36069","properties":{"name":"Ontario"}}]}},"arcs":[[[-74.6486346895469,42.82920209311092],[-74.56249163371633,42.81287995898958],[-74.45481281392814,42.773363213222126],[-74.2897052902529,42.78367192950929],[-74.26458023230232,42.796557824868245]],[[-74.26458023230232,42.796557824868245],[-74.25740164431645,42.75704107910079],[-74.30406246622466,42.747591422504215],[-74.2717588202882,42.71408809457094],[-74.18561576445764,42.712369975189745],[-74.1820264704647,42.72955116900168]],[[-74.1820264704647,42.72955116900168],[-74.16408000050001,42.71752433333332],[-74.19279435244353,42.61873246891468],[-74.24304446834468,42.550866753357525],[-74.22868729237292,42.49416881377813],[-74.26458023230232,42.420289680386794],[-74.2538123503235,42.40826284471844]],[[-74.2538123503235,42.40826284471844],[-74.24304446834468,42.377336695856954],[-74.34713399413994,42.35586020359203],[-74.3794376400764,42.373900457094564],[-74.44404493194932,42.35500114390143]],[[-74.44404493194932,42.35500114390143],[-74.61992033760338,42.42458497883978],[-74.71324198141981,42.51822248511485]],[[-74.71324198141981,42.51822248511485],[-74.6306882195822,42.62646400613006],[-74.6665811595116,42.751027661266605],[-74.6486346895469,42.82920209311092]],[[-76.96372931499315,43.01304086689866],[-76.71247873548735,43.024208642876424]],[[-76.71247873548735,43.024208642876424],[-76.73760379343793,42.954624807938075],[-76.7160680294803,42.83865174970749],[-76.74119308743087,42.789685347343465],[-76.73042520545205,42.71322903488034],[-76.68376438354383,42.670276050350495],[-76.66581791357913,42.62302776736767]],[[-76.66581791357913,42.62302776736767],[-76.61915709167091,42.56632982778827],[-76.58685344573445,42.55000769366693],[-76.6981215595156,42.546571454904544]],[[-76.6981215595156,42.546571454904544],[-76.89553272912728,42.54141709676096]],[[-76.89553272912728,42.54141709676096],[-76.89553272912728,42.66340357282572],[-76.93501496304962,42.715806213952135],[-76.94578284502845,42.76477261631616],[-76.97090790297902,42.76391355662556]],[[-76.97090790297902,42.76391355662556],[-76.98167578495784,42.85669200321003],[-76.96372931499315,42.87301413733137],[-76.96372931499315,43.01304086689866]],[[-78.46405420404204,43.37126875787757],[-78.3707325602256,43.37642311602115],[-78.23433938849388,43.36869157880578],[-78.10512480474804,43.37556405633055],[-77.99385669096691,43.36525534004339]],[[-77.99385669096691,43.36525534004339],[-77.99744598495985,43.13330922358223]],[[-77.99744598495985,43.13330922358223],[-78.46405420404204,43.12901392512924]],[[-78.46405420404204,43.12901392512924],[-78.46405420404204,43.37126875787757]],[[-77.37649812418124,43.27763125160251],[-77.2652300104001,43.27763125160251],[-77.11089036870368,43.28793996788967],[-77.03551519485194,43.27161783376833],[-76.95296143301432,43.270758774077734],[-76.90271131711317,43.29223526634266],[-76.79503249732497,43.309416460154594],[-76.72324661746617,43.343778847778474]],[[-76.72324661746617,43.343778847778474],[-76.70171085350853,43.08004752276522],[-76.71247873548735,43.024208642876424]],[[-76.96372931499315,43.01304086689866],[-77.13242613266132,43.012181807208066],[-77.13601542665427,43.039671717307165],[-77.3729088301883,43.03451735916359]],[[-77.3729088301883,43.03451735916359],[-77.37649812418124,43.27763125160251]],[[-74.2538123503235,42.40826284471844],[-73.78361483724836,42.46410172460724]],[[-73.78361483724836,42.46410172460724],[-73.77643624926249,42.42973933698336],[-73.79438271922719,42.37475951678516],[-73.78361483724836,42.287994488034876],[-73.80156130721306,42.253632100411],[-73.84822212912128,42.23043748876488],[-73.85540071710717,42.19177980268802],[-73.89129365703657,42.16772613135131],[-73.90924012700127,42.127350325893254]],[[-73.90924012700127,42.127350325893254],[-74.0025617708177,42.177175787947874],[-74.04204400474005,42.170303310423094],[-74.0743476506765,42.096424177031764],[-74.3076517602176,42.1144644305343],[-74.4512235199352,42.169444250732504]],[[-74.4512235199352,42.169444250732504],[-74.53736657576576,42.20122945928458],[-74.42968775597755,42.34898772606726],[-74.44404493194932,42.35500114390143]],[[-78.30971456234562,42.52079966418663],[-78.03692821888218,42.52165872387723]],[[-78.03692821888218,42.52165872387723],[-77.83951704927048,42.51736342542425],[-77.83951704927048,42.4744104408944],[-77.72465964149642,42.47097420213201]],[[-77.72465964149642,42.47097420213201],[-77.72465964149642,42.403967546265456],[-77.74260611146111,42.192638862378615],[-77.74978469944699,41.99849137230372]],[[-77.74978469944699,41.99849137230372],[-78.20562503655036,41.999350431994316],[-78.30971456234562,41.999350431994316]],[[-78.30971456234562,41.999350431994316],[-78.30971456234562,42.52079966418663]],[[-76.19920969449694,43.68053024649246],[-76.02333428884289,43.6685034108241],[-76.02333428884289,43.70716109690096],[-75.77567300333003,43.68912084339843]],[[-75.77567300333003,43.68912084339843],[-75.75772653336533,43.47006062229622]],[[-75.75772653336533,43.47006062229622],[-75.81515523725237,43.48380557734577],[-75.88694111711116,43.324879534585335],[-75.86181605916059,43.31886611675116],[-75.88335182311823,43.155644775537745]],[[-75.88335182311823,43.155644775537745],[-75.93360193901938,43.17626220811207],[-75.99461993689937,43.18313468563685]],[[-75.99461993689937,43.18313468563685],[-76.20279898848989,43.27161783376833],[-76.195620400504,43.21749707326072],[-76.22433475244752,43.204611177901775],[-76.26022769237692,43.23725544614445],[-76.28176345633456,43.201174939139385],[-76.30688851428513,43.23038296861968],[-76.47917462594626,43.22780578954789]],[[-76.47917462594626,43.22780578954789],[-76.4827639199392,43.25701381902818],[-76.60479991569916,43.25787287871878],[-76.61556779767797,43.419376100551]],[[-76.61556779767797,43.419376100551],[-76.52224615386153,43.46834250291502],[-76.48635321393213,43.475214980439794],[-76.41815662806628,43.52160420373203],[-76.36790651216512,43.52589950218501],[-76.29612063230633,43.513013606826064],[-76.23510263442634,43.5293357409474],[-76.20279898848989,43.574865904549036],[-76.19920969449694,43.68053024649246]],[[-73.49647131781317,40.92294863967639],[-73.46057837788378,40.86710975978759],[-73.43186402594026,40.72364679145791],[-73.42468543795438,40.610250912299115]],[[-73.42468543795438,40.610250912299115],[-73.55748931569316,40.58190194250942],[-73.75131119131191,40.58963347972479]],[[-73.75131119131191,40.58963347972479],[-73.76925766127661,40.62399586734867],[-73.72618613336134,40.65320389682896],[-73.72618613336134,40.72450585114851],[-73.70106107541075,40.752854820938204],[-73.76925766127661,40.80010310392103]],[[-73.76925766127661,40.80010310392103],[-73.71541825138252,40.86968693885938],[-73.67593601746017,40.856801043500425],[-73.64004307753078,40.8928815505055],[-73.56466790367904,40.91607616215161],[-73.49647131781317,40.92294863967639]],[[-77.99385669096691,43.36525534004339],[-77.79644552135521,43.339483549325486],[-77.7138917595176,43.32316141520415],[-77.6600523496235,43.28278560974609],[-77.57749858778588,43.243268863978635],[-77.5344270598706,43.23467826707267],[-77.50212341393414,43.25014134150341],[-77.37649812418124,43.27763125160251]],[[-77.3729088301883,43.03451735916359],[-77.48417694396943,43.03451735916359],[-77.48417694396943,42.943457031960314],[-77.58108788177881,42.94431609165091]],[[-77.58108788177881,42.94431609165091],[-77.73183822948229,42.94517515134151],[-77.73183822948229,42.98812813587135],[-77.91130292912929,42.98812813587135]],[[-77.91130292912929,42.98812813587135],[-77.90412434114342,43.03709453823537],[-77.95078516305163,43.039671717307165],[-77.90771363513635,43.13330922358223],[-77.99744598495985,43.13330922358223]],[[-75.11165361463614,43.61524171000709],[-75.16908231852318,44.09717419643196]],[[-75.16908231852318,44.09717419643196],[-75.06140349873499,44.05078497313973],[-74.85322444714447,44.06968428633286]],[[-74.85322444714447,44.06968428633286],[-74.77425997929979,43.486382756417555],[-74.86758162311622,43.339483549325486],[-74.71324198141981,43.286221848508475]],[[-74.71324198141981,43.286221848508475],[-74.69529551145511,43.17454408873088],[-74.72759915739157,43.12557768636686],[-74.75990280332803,43.11956426853268],[-74.77425997929979,43.08348376152761],[-74.75990280332803,43.047403254522536]],[[-74.75990280332803,43.047403254522536],[-74.74195633336333,42.99671873277732],[-74.76349209732098,42.8635644807348]],[[-74.76349209732098,42.8635644807348],[-74.87834950509504,42.897926868358674],[-74.90706385703857,42.82490679465794],[-75.10088573265732,42.90823558464584],[-75.14036796657966,42.86012824197241],[-75.21215384643847,42.85669200321003],[-75.21215384643847,42.87988661485614]],[[-75.21215384643847,42.87988661485614],[-75.20138596445965,42.88074567454674],[-75.21933243442435,43.05255761266612],[-75.06858208672087,43.22694672985729],[-75.1619037305373,43.258731938409376],[-75.14754655456554,43.30512116170161],[-75.07576067470674,43.33089295241952],[-75.11165361463614,43.61524171000709]],[[-73.93436518495184,40.88171377452774],[-73.90565083300832,40.87312317762177],[-73.93436518495184,40.83532455123551],[-73.91282942099421,40.79580780546805]],[[-73.91282942099421,40.79580780546805],[-73.96307953689536,40.73653268681686]],[[-73.96307953689536,40.73653268681686],[-73.97384741887419,40.70904277671776],[-74.0205082407824,40.68069380692806]],[[-74.0205082407824,40.68069380692806],[-74.04563329873298,40.69014346352463],[-74.02409753477535,40.70904277671776],[-74.00974035880358,40.76488165660656],[-73.98461530085301,40.799244044230434],[-73.93436518495184,40.88171377452774]],[[-74.72759915739157,44.994891573105726],[-74.72042056940569,44.952797648266476],[-74.64145610156102,44.952797648266476],[-74.62350963159632,44.81534809777097],[-74.52659869378694,44.17105332982329],[-74.54454516375164,44.1693352104421],[-74.53377728177281,44.09889231581315]],[[-74.53377728177281,44.09889231581315],[-74.85322444714447,44.06968428633286]],[[-75.16908231852318,44.09717419643196],[-75.44545795597956,44.217442553115525]],[[-75.44545795597956,44.217442553115525],[-75.86181605916059,44.402999446284454]],[[-75.86181605916059,44.402999446284454],[-75.82233382523825,44.43220747576475],[-75.8079766492665,44.471724221532206],[-75.7649051213512,44.51553626575265],[-75.61774406764067,44.61948248831487],[-75.50647595385954,44.70538845737457],[-75.3054754902549,44.82651587374873],[-75.30906478424784,44.836824590035896],[-75.06499279272792,44.930462096310954],[-74.97167114891148,44.983723797127965],[-74.90706385703857,44.983723797127965],[-74.8280993891939,45.01550900568005],[-74.72759915739157,44.994891573105726]],[[-74.36866975809758,41.591297078960785],[-74.26458023230232,41.63253194410943],[-74.25022305633055,41.60504203401033],[-74.12818706057061,41.58270648205481],[-74.13536564855649,41.615350750297495],[-74.05281188671887,41.58098836267362],[-73.95231165491654,41.58957895957959]],[[-73.95231165491654,41.58957895957959],[-73.99897247682476,41.519136064950644],[-73.99897247682476,41.45470658815587],[-73.98102600686006,41.43924351372513]],[[-73.98102600686006,41.43924351372513],[-73.94872236092361,41.39457240981409],[-73.98102600686006,41.32498857487574]],[[-73.98102600686006,41.32498857487574],[-74.2358658803588,41.1428679204692]],[[-74.2358658803588,41.1428679204692],[-74.36866975809758,41.20386115850158],[-74.69529551145511,41.357632843118424],[-74.75631350933509,41.42463949898498]],[[-74.75631350933509,41.42463949898498],[-74.75272421534216,41.49336427423273],[-74.47634857788577,41.503672990519895],[-74.40815199201992,41.57497494483944],[-74.36866975809758,41.591297078960785]],[[-76.66581791357913,42.62302776736767],[-76.45763886198861,42.627323065820654],[-76.45763886198861,42.61873246891468],[-76.26381698636986,42.623886827058264]],[[-76.26381698636986,42.623886827058264],[-76.25304910439104,42.407403785027846]],[[-76.25304910439104,42.407403785027846],[-76.29970992629926,42.385068233072325],[-76.24228122241222,42.3635917408074],[-76.24945981039811,42.296585084940844],[-76.34996004220042,42.31806157720577],[-76.41456733407334,42.31806157720577],[-76.41456733407334,42.26308175700756],[-76.47558533195331,42.26394081669816],[-76.47558533195331,42.281122010510096],[-76.5366033298333,42.28198107020069]],[[-76.5366033298333,42.28198107020069],[-76.61915709167091,42.28284012989129]],[[-76.61915709167091,42.28284012989129],[-76.69094297152971,42.284558249272486],[-76.68735367753678,42.37475951678516],[-76.6981215595156,42.546571454904544]],[[-75.99461993689937,43.18313468563685],[-75.9694948789488,43.154785715847154],[-75.97667346693467,43.09121529874298],[-75.91924476304763,43.089497179361786],[-75.89770899908999,42.79054440703406]],[[-75.89770899908999,42.79054440703406],[-76.27458486834868,42.77164509384093]],[[-76.27458486834868,42.77164509384093],[-76.30688851428513,42.81373901868018],[-76.3571386301863,42.84981952568525],[-76.45046027400274,42.84552422723227],[-76.46122815598156,43.00616838937389],[-76.49353180191801,43.00530932968329],[-76.49712109591096,43.10238307472074],[-76.47199603796038,43.10667837317372],[-76.47917462594626,43.22780578954789]],[[-74.1820264704647,42.72955116900168],[-73.81232918919189,42.77508133260332],[-73.80873989519895,42.778517571365704]],[[-73.80873989519895,42.778517571365704],[-73.76925766127661,42.78624910858108],[-73.73695401534015,42.81975243651436],[-73.69029319343193,42.77508133260332],[-73.67593601746017,42.78367192950929]],[[-73.67593601746017,42.78367192950929],[-73.70823966339663,42.69432972168721],[-73.75848977929779,42.6144371704617],[-73.75131119131191,42.56632982778827],[-73.78361483724836,42.46410172460724]],[[-72.03562866268662,41.25540473993739],[-72.02486078070781,41.27086781436814],[-71.92794984289843,41.28976712756127],[-72.00332501675017,41.252827560865605],[-72.03562866268662,41.25540473993739]],[[-72.14330748247482,41.09819681655816],[-72.12536101251013,41.115378010370094],[-72.08587877858778,41.10163305532055],[-72.08587877858778,41.0586800707907],[-72.10741454254543,41.08874715996159],[-72.14330748247482,41.09819681655816]],[[-72.21509336233362,41.183243725927255],[-72.15766465844658,41.1969886809768],[-72.20073618636187,41.160049114281136],[-72.21509336233362,41.183243725927255]],[[-73.49647131781317,40.92294863967639],[-73.48570343583435,40.9461432513225],[-73.40673896798968,40.9203714606046],[-73.39956038000379,40.95559290791907],[-73.36725673406734,40.93153923658236],[-73.29547085420855,40.92466675905759],[-73.23086356233563,40.90490838617386],[-73.148309800498,40.92896205751057],[-73.14113121251212,40.96590162420623],[-73.08011321463215,40.97277410173101],[-73.04422027470275,40.96246538544385],[-72.77502322523225,40.96504256451564],[-72.63504075950759,40.98222375832758],[-72.58479064360644,40.99768683275832],[-72.47711182381823,41.05180759326593],[-72.44480817788178,41.0861699808898],[-72.4017366499665,41.09733775686756],[-72.35507582805828,41.14029074139741],[-72.27970065420654,41.15833099489994],[-72.23662912629126,41.156612875518746],[-72.30123641816418,41.11194177160771],[-72.33354006410065,41.106787413464126],[-72.27970065420654,41.080156563055624],[-72.26175418424184,41.04235793666936],[-72.20073618636187,41.0320492203822],[-72.16125395243952,41.05352571264712],[-72.10382524855248,40.99167341492414],[-72.04998583865839,41.00627742966429],[-71.96743207682077,41.04751229481294],[-71.96025348883488,41.071565966149656],[-71.89923549095491,41.08101562274622],[-71.85616396303963,41.07070690645906],[-71.87411043300433,41.052666652956525],[-72.1145931305313,40.971915042040415],[-72.39455806198062,40.86625070009699],[-72.57402276162762,40.81298899927999],[-72.86475557505575,40.733096448054475],[-73.05498815668156,40.66608979218792],[-73.20932779837798,40.63086834487344],[-73.30623873618735,40.62055962858628],[-73.327774500145,40.633445523945234],[-73.42468543795438,40.610250912299115]],[[-76.375085100151,43.87467773656736],[-76.31765639626396,43.917630721097204],[-76.33560286622865,43.878973035020344],[-76.375085100151,43.87467773656736]],[[-75.44545795597956,44.217442553115525],[-75.54595818778188,44.10318761426613],[-75.48494018990189,44.07397958478584],[-75.50288665986659,44.009550107991075],[-75.54954748177481,44.00783198860988],[-75.54236889378893,43.967456183151825],[-75.60338689166892,43.97175148160481],[-75.75772653336533,43.878973035020344],[-75.84028029520294,43.88412739316392],[-75.85104817718177,43.79220800627006],[-75.78644088530885,43.78791270781707],[-75.77567300333003,43.68912084339843]],[[-76.19920969449694,43.68053024649246],[-76.22792404644046,43.80423484193841],[-76.29970992629926,43.83859722956229],[-76.26022769237692,43.88155021409214],[-76.20997757647577,43.8909998706887],[-76.20279898848989,43.862650900899],[-76.12742381463815,43.897872348213475],[-76.13819169661696,43.93481191490914],[-76.20638828248282,43.975187720367195],[-76.2853527503275,43.96230182500824],[-76.2674062803628,43.98721455603555],[-76.3212456902569,44.031026600256],[-76.375085100151,44.03188565994659],[-76.37149580615807,44.10061043519435],[-76.31406710227103,44.19940229961299],[-76.24587051640516,44.20369759806597],[-76.16331675456755,44.239778105071046],[-76.16331675456755,44.28101297021969],[-76.09870946269463,44.29991228341283],[-76.00179852488525,44.34716056639566],[-75.9694948789488,44.34286526794267],[-75.86181605916059,44.402999446284454]],[[-76.45404956799568,43.8909998706887],[-76.4109780400804,43.925362258312575],[-76.37867439414394,43.921066959859594],[-76.45404956799568,43.8909998706887]],[[-77.95437445704457,42.862705421044204],[-77.95437445704457,42.90565840557405],[-77.91130292912929,42.94517515134151],[-77.91130292912929,42.98812813587135]],[[-77.58108788177881,42.94431609165091],[-77.54519494184942,42.865282600116],[-77.58826646976469,42.854114824138236],[-77.58826646976469,42.76305449693496],[-77.61339152771528,42.76305449693496],[-77.59903435174351,42.67199416973169],[-77.48776623796238,42.670276050350495],[-77.49135553195532,42.577497603766034]],[[-77.49135553195532,42.577497603766034],[-77.6600523496235,42.58007478283782],[-77.6600523496235,42.535403678926784],[-77.72107034750347,42.535403678926784],[-77.72465964149642,42.47097420213201]],[[-78.03692821888218,42.52165872387723],[-78.06205327683277,42.53282649985499],[-77.95796375103751,42.6676988712787],[-77.95437445704457,42.862705421044204]],[[-78.46405420404204,42.86785977918778],[-78.07282115881159,42.870436958259575],[-77.95437445704457,42.862705421044204]],[[-78.30971456234562,42.52079966418663],[-78.46405420404204,42.51908154480544],[-78.46405420404204,42.53626273861738]],[[-78.46405420404204,42.53626273861738],[-78.46405420404204,42.7802356907469],[-78.48917926199262,42.7802356907469],[-78.48558996799967,42.86785977918778],[-78.46405420404204,42.86785977918778]],[[-77.10730107471075,42.48386009749097],[-76.98885437294372,42.484719157181566],[-76.98885437294372,42.46324266491664],[-76.8883541411414,42.46324266491664],[-76.89553272912728,42.54141709676096]],[[-76.61915709167091,42.28284012989129],[-76.64069285562856,42.23387372752727],[-76.734014499445,42.24847774226742],[-76.734014499445,42.29400790586905],[-76.96372931499315,42.28713542834428],[-76.96372931499315,42.27854483143831]],[[-76.96372931499315,42.27854483143831],[-77.10012248672487,42.27253141360413],[-77.10730107471075,42.48386009749097]],[[-76.25304910439104,42.407403785027846],[-76.13101310863108,42.40998096409963]],[[-76.13101310863108,42.40998096409963],[-76.08076299272993,42.23043748876488],[-76.0879415807158,42.18662544454444],[-76.11665593265933,42.18576638485384],[-76.1058880506805,41.99849137230372]],[[-76.1058880506805,41.99849137230372],[-76.14537028460285,41.99849137230372],[-76.55813909379094,42.00020949168491]],[[-76.55813909379094,42.00020949168491],[-76.54019262382623,42.05175307312072],[-76.56172838778387,42.15569929568295],[-76.5366033298333,42.15569929568295],[-76.5366033298333,42.28198107020069]],[[-76.96731860898609,42.0010685513755],[-76.96372931499315,42.27854483143831]],[[-76.55813909379094,42.00020949168491],[-76.92783637506375,42.0019276110661],[-76.96731860898609,42.0010685513755]],[[-73.98102600686006,41.321552336113356],[-73.5431321397214,41.36622344002439]],[[-73.5431321397214,41.36622344002439],[-73.55031072770727,41.295780545395445],[-73.48211414184142,41.21245175540755],[-73.72618613336134,41.10077399562995],[-73.65440025350253,41.01314990718907],[-73.65798954749548,40.98480093739937],[-73.68311460544605,40.948720430394296],[-73.75848977929779,40.91263992338923],[-73.76566836728367,40.876559416384154]],[[-73.76566836728367,40.876559416384154],[-73.91641871498715,40.91779428153281]],[[-73.91641871498715,40.91779428153281],[-73.8948829510295,40.99682777306772]],[[-73.8948829510295,40.99682777306772],[-73.88770436304362,41.12912296541965],[-73.93077589095891,41.20472021819217],[-73.97025812488124,41.24767320272202],[-73.94513306693067,41.29062618725187],[-73.98102600686006,41.321552336113356]],[[-78.46405420404204,43.12901392512924],[-78.46405420404204,43.08863811967119]],[[-78.46405420404204,43.08863811967119],[-78.51071502595026,43.098087776267754],[-78.6040366697667,43.07231598554985],[-78.72607266552666,43.086060940599396],[-78.8014478393784,43.065443508025076],[-78.84093007330073,43.01905428473284],[-78.89118018920189,43.02163146380463],[-78.89476948319484,43.04396701576015],[-78.94501959909599,43.067161627406264],[-79.02039477294772,43.06630256771567]],[[-79.02039477294772,43.06630256771567],[-79.07423418284182,43.07747034369343],[-79.04193053690537,43.143617939869394],[-79.05987700687007,43.251000401194005],[-79.07064488884889,43.262168177171766],[-78.97014465704657,43.2810674903649],[-78.83375148531485,43.317147997369965],[-78.63275102171022,43.35752380282802],[-78.48917926199262,43.374704996639956],[-78.46405420404204,43.37126875787757]],[[-75.75772653336533,43.47006062229622],[-75.53519030580306,43.419376100551],[-75.11165361463614,43.61524171000709]],[[-75.21215384643847,42.87988661485614],[-75.24804678636787,42.87129601795017]],[[-75.24804678636787,42.87129601795017],[-75.43827936799367,42.8635644807348],[-75.45622583795837,42.93314831567315],[-75.54236889378893,42.931430196291956],[-75.55313677576775,43.03795359792597],[-75.59620830368303,43.035376418854185],[-75.59979759767597,43.06114820957209],[-75.63927983159832,43.08004752276522],[-75.65363700757007,43.1144099103891],[-75.70747641746418,43.13760452203521],[-75.72542288742888,43.162517253062525],[-75.88335182311823,43.155644775537745]],[[-74.28252670226702,44.12036880807808],[-74.0922941206412,44.13755000189001],[-74.14254423654236,44.40729474473744],[-73.90924012700127,44.42963029669296]],[[-73.90924012700127,44.42963029669296],[-73.70106107541075,44.4459524308143],[-73.6687574294743,44.441657132361314],[-73.57184649166491,44.46571080369803],[-73.55390002170022,44.48289199750997],[-73.49647131781317,44.48632823627236],[-73.46416767187672,44.53787181770817],[-73.33854238212382,44.54646241461414]],[[-73.33854238212382,44.54646241461414],[-73.30623873618735,44.5000731913219],[-73.2918815602156,44.44079807267072],[-73.33495308813087,44.372073297422965],[-73.31341732417324,44.263831776407756],[-73.39238179201791,44.18909358332583],[-73.41032826198261,44.1126372708627],[-73.43904261392613,44.044771555305545],[-73.40673896798968,44.02157694365943],[-73.41032826198261,43.933093795527945],[-73.37443532205322,43.875536796257954],[-73.37802461604616,43.8085301403914]],[[-73.37802461604616,43.8085301403914],[-73.43904261392613,43.80337578224781]],[[-73.43904261392613,43.80337578224781],[-74.0564011807118,43.744100663596626]],[[-74.0564011807118,43.744100663596626],[-74.04563329873298,43.79650330472304],[-74.10306200262002,43.80509390162901],[-74.14972282452824,43.83000663265632],[-74.21433011640116,43.81110731946319],[-74.33636611216112,43.925362258312575],[-74.25740164431645,43.97003336222362],[-74.28252670226702,44.12036880807808]],[[-75.29470760827608,42.74415518374183],[-75.2516360803608,42.78453098919989],[-75.24804678636787,42.87129601795017]],[[-74.76349209732098,42.8635644807348],[-74.6486346895469,42.82920209311092]],[[-74.71324198141981,42.51822248511485],[-74.77425997929979,42.50533658975589],[-74.84245656516565,42.512209067280665],[-74.96808185491855,42.46839702306023],[-75.0183319708197,42.42888027729276],[-75.09370714467144,42.420289680386794],[-75.1977966704667,42.35843738266382],[-75.26240396233962,42.36702797956979],[-75.30906478424784,42.32149781596815],[-75.41674360403604,42.31376627875278]],[[-75.41674360403604,42.31376627875278],[-75.3952078400784,42.35328302452024],[-75.40597572205722,42.38077293461934],[-75.37367207612076,42.415994381933814],[-75.40597572205722,42.47870573934738],[-75.36649348813488,42.554302992119915],[-75.32701125421254,42.577497603766034],[-75.33060054820548,42.67457134880348],[-75.29470760827608,42.74415518374183]],[[-74.53377728177281,44.09889231581315],[-74.28252670226702,44.12036880807808]],[[-74.0564011807118,43.744100663596626],[-74.21433011640116,43.728637589165885],[-74.16049070650706,43.37126875787757]],[[-74.16049070650706,43.37126875787757],[-74.13895494254942,43.2535775802658]],[[-74.13895494254942,43.2535775802658],[-74.22509799837998,43.24842322212221],[-74.22150870438705,43.22179237171371],[-74.32200893618936,43.21491989418894],[-74.3255982301823,43.24155074459744],[-74.53377728177281,43.22780578954789],[-74.71324198141981,43.286221848508475]],[[-74.75990280332803,43.047403254522536],[-74.54095586975869,42.985550956799564],[-74.09588341463414,42.98297377772777]],[[-74.09588341463414,42.98297377772777],[-74.0922941206412,42.95548386762867]],[[-74.0922941206412,42.95548386762867],[-74.08511553265532,42.897067808668076],[-74.25740164431645,42.812020899298986],[-74.26458023230232,42.796557824868245]],[[-74.02768682876828,44.99575063279632],[-73.98461530085301,44.70796563644636],[-73.96666883088831,44.70882469613695],[-73.94513306693067,44.57481138440384],[-73.93436518495184,44.57652950378503],[-73.90924012700127,44.42963029669296]],[[-74.72759915739157,44.994891573105726],[-74.66299186551865,44.999186871558706],[-74.33636611216112,44.99231439403393],[-74.14613353053531,44.991455334343335],[-74.02768682876828,44.99575063279632]],[[-76.13101310863108,42.40998096409963],[-76.01974499484994,42.409121904409034],[-75.86540535315353,42.415994381933814]],[[-75.86540535315353,42.415994381933814],[-75.84386958919589,42.25964551824517],[-75.81874453124531,42.249336801958016],[-75.63927983159832,42.24847774226742],[-75.63569053760537,42.19521604145041],[-75.41674360403604,42.19521604145041]],[[-75.41674360403604,42.19521604145041],[-75.42033289802897,42.042303416524156],[-75.40238642806428,41.999350431994316]],[[-75.40238642806428,41.999350431994316],[-75.48494018990189,41.999350431994316],[-75.74336935739358,41.99763231261312],[-76.1058880506805,41.99849137230372]],[[-74.0922941206412,42.95548386762867],[-74.00615106481065,42.93314831567315],[-73.95590094890949,42.897067808668076],[-73.90565083300832,42.91081276371763],[-73.8948829510295,42.850678585375846],[-73.80873989519895,42.778517571365704]],[[-77.49135553195532,42.577497603766034],[-77.36573024220242,42.576638544075436]],[[-77.36573024220242,42.576638544075436],[-77.14319401464014,42.576638544075436],[-77.15037260262602,42.50018223161231],[-77.10730107471075,42.50619564944649],[-77.10730107471075,42.48386009749097]],[[-76.96731860898609,42.0010685513755],[-77.12524754467545,41.999350431994316],[-77.60980223372233,41.999350431994316],[-77.74978469944699,41.99849137230372]],[[-75.89053041110411,42.723537751167505],[-75.42751148601486,42.74501424343243],[-75.42751148601486,42.73814176590765],[-75.29470760827608,42.74415518374183]],[[-75.41674360403604,42.31376627875278],[-75.41674360403604,42.19521604145041]],[[-75.86540535315353,42.415994381933814],[-75.87258394113941,42.543135216142154],[-75.89053041110411,42.723537751167505]],[[-75.14754655456554,41.85073310552105],[-74.78143856728568,42.01653162580625]],[[-74.78143856728568,42.01653162580625],[-74.45481281392814,41.87564583654836],[-74.5768488096881,41.74506876357763],[-74.39379481604816,41.64369972008719],[-74.36866975809758,41.591297078960785]],[[-74.75631350933509,41.42463949898498],[-74.80656362523625,41.44267975248752],[-74.89629597505974,41.44010257341573],[-74.88911738707387,41.45556564784647],[-74.94295679696796,41.48391461763617],[-74.9824390308903,41.479619319183186],[-74.98602832488325,41.50882734866348],[-75.06858208672087,41.60160579524795],[-75.04345702877029,41.62394134720346],[-75.0542249107491,41.752800300793],[-75.10447502665026,41.77084055429554],[-75.07576067470674,41.79833046439464],[-75.14754655456554,41.85073310552105]],[[-73.98102600686006,41.43924351372513],[-73.93436518495184,41.488209916089154],[-73.52877496374964,41.526867602166014]],[[-73.52877496374964,41.526867602166014],[-73.5431321397214,41.36622344002439]],[[-73.98102600686006,41.321552336113356],[-73.98102600686006,41.32498857487574]],[[-73.8948829510295,40.99682777306772],[-73.90565083300832,40.99768683275832],[-74.21074082240823,41.133418263872635],[-74.2358658803588,41.1428679204692]],[[-73.78361483724836,42.46410172460724],[-73.35289955809557,42.50963188820887]],[[-73.35289955809557,42.50963188820887],[-73.507239199792,42.0861154607446],[-73.49647131781317,42.050034953739534]],[[-73.49647131781317,42.050034953739534],[-73.52159637576375,42.050034953739534],[-73.52877496374964,41.97787393972939],[-73.71182895738957,42.00536384982849],[-73.90924012700127,42.07924298321983],[-73.93077589095891,42.07838392352923]],[[-73.93077589095891,42.07838392352923],[-73.90924012700127,42.127350325893254]],[[-74.02768682876828,44.99575063279632],[-73.67593601746017,45.002623110321096],[-73.34213167611676,45.011213707227064],[-73.33854238212382,44.917576200952006],[-73.3636674400744,44.891804410234094],[-73.37802461604616,44.83768364972649],[-73.33136379413794,44.78871724736246],[-73.36725673406734,44.741468964379635],[-73.37443532205322,44.66243547284472],[-73.38879249802498,44.63580462243622],[-73.36007814608146,44.56364360842608],[-73.33854238212382,44.54646241461414]],[[-73.96307953689536,40.73653268681686],[-73.92718659696597,40.7262239705297],[-73.8948829510295,40.68241192630926],[-73.86975789307893,40.694438761977615],[-73.85540071710717,40.6428951805418],[-73.83386495314953,40.62829116580165],[-73.84822212912128,40.58877442003419],[-73.93436518495184,40.56901604715046]],[[-73.93436518495184,40.56901604715046],[-74.01332965279653,40.57417040529405],[-74.0025617708177,40.59564689755897],[-74.04204400474005,40.629150225492246],[-74.0205082407824,40.68069380692806]],[[-79.05987700687007,42.537980857998576],[-78.98809112701127,42.52165872387723],[-78.95578748107481,42.47269232151321],[-78.88400160121601,42.438329933889335],[-78.66146537365374,42.492450694396936],[-78.56455443584436,42.508772828518275],[-78.46405420404204,42.53626273861738]],[[-78.30971456234562,41.999350431994316],[-78.91989454114541,41.99849137230372],[-79.05987700687007,41.999350431994316]],[[-79.05987700687007,41.999350431994316],[-79.05987700687007,42.537980857998576]],[[-79.1352521807218,42.569766066550656],[-79.10653782877829,42.569766066550656],[-79.05987700687007,42.537980857998576]],[[-79.05987700687007,41.999350431994316],[-79.61262828178282,41.999350431994316],[-79.7633786294863,42.00020949168491],[-79.7633786294863,42.269954234532335],[-79.64493192771927,42.315484398133975],[-79.45469934609346,42.41084002379023],[-79.3506098202982,42.489014455634546],[-79.24293100051,42.531967440164394],[-79.14960935669356,42.55344393242932],[-79.1352521807218,42.569766066550656]],[[-73.91282942099421,40.79580780546805],[-73.78720413124131,40.80182122330223]],[[-73.78720413124131,40.80182122330223],[-73.76925766127661,40.80010310392103]],[[-73.75131119131191,40.58963347972479],[-73.83386495314953,40.57760664405643],[-73.94154377293773,40.54324425643256],[-73.93436518495184,40.56901604715046]],[[-73.67593601746017,42.78367192950929],[-73.65798954749548,42.81889337682376],[-73.67952531145312,42.912530883098825],[-73.63645378353783,42.94087985288852]],[[-73.63645378353783,42.94087985288852],[-73.44981049590496,42.94431609165091],[-73.43186402594026,42.95806104670046],[-73.38161391003909,42.943457031960314],[-73.2739350902509,42.943457031960314]],[[-73.2739350902509,42.943457031960314],[-73.27752438424385,42.83349739156391],[-73.2918815602156,42.80171218301182],[-73.26316720827208,42.74587330312303],[-73.35289955809557,42.50963188820887]],[[-74.20356223442234,40.59306971848718],[-74.20356223442234,40.63086834487344],[-74.16049070650706,40.644613299922995],[-74.07075835668357,40.66093543404433],[-74.05281188671887,40.60337843477434],[-74.08511553265532,40.56987510684106],[-74.22150870438705,40.5028684509745],[-74.26099093830938,40.502009391283906],[-74.25022305633055,40.54496237581375],[-74.2179194103941,40.5587073308633],[-74.20356223442234,40.59306971848718]],[[-74.78143856728568,42.01653162580625],[-74.4512235199352,42.169444250732504]],[[-73.93077589095891,42.07838392352923],[-73.93795447894479,42.00622290951909],[-73.96307953689536,41.91000822417224],[-73.94154377293773,41.873068657476566],[-73.95231165491654,41.77084055429554],[-73.94154377293773,41.75537747986479],[-73.95231165491654,41.58957895957959]],[[-73.93436518495184,40.88171377452774],[-73.91641871498715,40.91779428153281]],[[-73.76566836728367,40.876559416384154],[-73.76566836728367,40.844774207832074],[-73.81232918919189,40.84649232721326],[-73.78720413124131,40.80182122330223]],[[-74.16049070650706,43.37126875787757],[-73.8841150690507,43.397899608286075],[-73.8589900111001,43.33003389272892],[-73.82668636516365,43.30512116170161],[-73.83386495314953,43.24928228181281],[-73.80156130721306,43.25014134150341],[-73.76925766127661,43.22265143140431],[-73.73695401534015,43.267322535315344],[-73.64363237152371,43.304262102011016],[-73.59338225562256,43.305980221392204]],[[-73.59338225562256,43.305980221392204],[-73.60056084360843,43.26818159500594],[-73.57902507965079,43.208906476354755],[-73.58979296162961,43.13416828327283],[-73.57543578565786,43.11870520884208],[-73.57902507965079,43.055993851428504],[-73.63645378353783,42.94087985288852]],[[-74.09588341463414,42.98297377772777],[-74.13895494254942,43.2535775802658]],[[-73.49647131781317,42.050034953739534],[-73.48570343583435,42.050034953739534],[-73.51800708177082,41.66689433173331],[-73.52877496374964,41.526867602166014]],[[-76.72324661746617,43.343778847778474],[-76.6981215595156,43.34463790746907],[-76.61556779767797,43.419376100551]],[[-76.27458486834868,42.77164509384093],[-76.26381698636986,42.623886827058264]],[[-78.46405420404204,43.08863811967119],[-78.46405420404204,42.86785977918778]],[[-79.1352521807218,42.569766066550656],[-79.11012712277123,42.6135781107711],[-79.06346630086301,42.64450425963259],[-79.04910912489125,42.689175363543626],[-78.91989454114541,42.73728270621706],[-78.85169795527955,42.78367192950929],[-78.86605513125131,42.85239670475704],[-78.91271595315953,42.88675909238091],[-78.90553736517364,42.923698659076585],[-78.93066242312423,42.95548386762867],[-79.01321618496185,42.985550956799564],[-79.00603759697597,43.047403254522536],[-79.02039477294772,43.06630256771567]],[[-75.89770899908999,42.79054440703406],[-75.89053041110411,42.723537751167505]],[[-73.37802461604616,43.8085301403914],[-73.34931026410264,43.77159057369573],[-73.3636674400744,43.75355032019319],[-73.40673896798968,43.68826178370783],[-73.43186402594026,43.590328978979784],[-73.39597108601086,43.56799342702426],[-73.37084602806028,43.624691366603656],[-73.30264944219442,43.624691366603656],[-73.29547085420855,43.57916120300202],[-73.24881003230033,43.55424847197471],[-73.2559886202862,43.31457081829818],[-73.2739350902509,42.943457031960314]],[[-73.59338225562256,43.305980221392204],[-73.62927519555195,43.486382756417555],[-73.60773943159431,43.55253035259352],[-73.5251856697567,43.63585914258142],[-73.49288202382024,43.65475845577455],[-73.46057837788378,43.74066442483424],[-73.4713462598626,43.77159057369573],[-73.43904261392613,43.80337578224781]],[[-75.14754655456554,41.85073310552105],[-75.20856455244552,41.86963241871418],[-75.26240396233962,41.86619617995179],[-75.29111831428314,41.95210214901148],[-75.30906478424784,41.9486659102491],[-75.359314900149,41.999350431994316],[-75.40238642806428,41.999350431994316]],[[-77.36573024220242,42.576638544075436],[-77.36573024220242,42.6676988712787],[-77.31189083230832,42.76133637755377],[-76.97090790297902,42.76391355662556]]]}