{"type":"Topology","bbox":[-75.559566,38.928212038110374,-73.8948829510295,41.35758668910984],"objects":{"cd-1":{"type":"GeometryCollection","geometries":[{"type":"Polygon","arcs":[[0,1,2]],"id":"34001","properties":{"name":"Atlantic"}},{"type":"MultiPolygon","arcs":[[[3,4,5]],[[6,7]],[[8,9]],[[10,11]],[[12,13]],[[14,15]],[[16,17]]],"id":"34005","properties":{"name":"Burlington"}},{"type":"Polygon","arcs":[[18,-2,19,20,-17,21,-15,22,-13,23,-11,24,-8,25,-9,26,-4,27]],"id":"34007","properties":{"name":"Camden"}},{"type":"Polygon","arcs":[[-3,-19,28,29]],"id":"34015","properties":{"name":"Gloucester"}}]},"cd-2":{"type":"GeometryCollection","geometries":[{"type":"Polygon","arcs":[[30,31,32,33,34]],"id":"34011","properties":{"name":"Cumberland"}},{"type":"MultiPolygon","arcs":[[[35,36,37,38,39,40,41,42,43,44,45]],[[46,47]],[[48,49]]],"id":"34029","properties":{"name":"Ocean"}},{"type":"Polygon","arcs":[[-33,50,51,-36,52,53,54,55,56,57,58,59,60,61,62,63,64,65,66,67,68,69,70,71,72,73,74,75,76,77,78,79,80,-1,81]],"id":"34001","properties":{"name":"Atlantic"}},{"type":"MultiPolygon","arcs":[[[-79,82]],[[-77,83]],[[84,-67]],[[85,-69]],[[86,-71]],[[87,-73]],[[88,-75]],[[-65,89]],[[-63,90]],[[-61,91]],[[-59,92]],[[-57,93]],[[-55,94]],[[-53,-46,95]],[[-44,96]],[[97,98,-39,99]],[[-42,100]]],"id":"34005","properties":{"name":"Burlington"}},{"type":"Polygon","arcs":[[-51,-32,101]],"id":"34009","properties":{"name":"Cape May"}},{"type":"Polygon","arcs":[[-81,102,-20]],"id":"34007","properties":{"name":"Camden"}},{"type":"Polygon","arcs":[[-35,103,104]],"id":"34033","properties":{"name":"Salem"}},{"type":"Polygon","arcs":[[-104,-34,-82,-30,105]],"id":"34015","properties":{"name":"Gloucester"}}]},"cd-3":{"type":"GeometryCollection","geometries":[{"type":"MultiPolygon","arcs":[[[106,107]],[[108,109]],[[-45,110]],[[-43,111]],[[112,-41,113]]],"id":"34029","properties":{"name":"Ocean"}},{"type":"MultiPolygon","arcs":[[[114,115]],[[116,117]],[[118,119]],[[120,121]],[[122,123]]],"id":"34023","properties":{"name":"Middlesex"}},{"type":"MultiPolygon","arcs":[[[-80,124,125]],[[126,-78]],[[127,-76]],[[128,-72]],[[129,-68]],[[130,-74]],[[131,-70]],[[-66,132]],[[-64,133]],[[-62,134]],[[-60,135]],[[-58,136]],[[-56,137]],[[138,-54]]],"id":"34001","properties":{"name":"Atlantic"}},{"type":"Polygon","arcs":[[139,-10,140,-7,141,-12,142,-14,143,-16,144,-18,145,-125,-83,-127,-84,-128,-89,-131,-88,-129,-87,-132,-86,-130,-85,-133,-90,-134,-91,-135,-92,-136,-93,-137,-94,-138,-95,-139,-96,-111,-97,-112,-101,-113,146,-98,147,-109,148,149,150,151,-5]],"id":"34005","properties":{"name":"Burlington"}},{"type":"Polygon","arcs":[[152,-151,153,154,-121,155,-119,156,-117,157,-115,158]],"id":"34021","properties":{"name":"Mercer"}},{"type":"Polygon","arcs":[[-150,159,-108,160,161,162,-123,163,-154]],"id":"34025","properties":{"name":"Monmouth"}},{"type":"MultiPolygon","arcs":[[[-141,-26]],[[-27,-140]],[[-142,-25]],[[-24,-143]],[[-23,-144]],[[-22,-145]],[[-103,-126,-146,-21]]],"id":"34007","properties":{"name":"Camden"}}]},"cd-4":{"type":"GeometryCollection","geometries":[{"type":"Polygon","arcs":[[164,-110,165,-38,166,-48,167,-50,168,169,-107,170]],"id":"34029","properties":{"name":"Ocean"}},{"type":"MultiPolygon","arcs":[[[-165,171,-149]],[[-148,-100,-166]]],"id":"34005","properties":{"name":"Burlington"}},{"type":"MultiPolygon","arcs":[[[-172,-171,-160]],[[-170,172,173,-161]]],"id":"34025","properties":{"name":"Monmouth"}}]},"cd-5":{"type":"GeometryCollection","geometries":[{"type":"MultiPolygon","arcs":[[[174,175]],[[176,177,178,179,180]]],"id":"34003","properties":{"name":"Bergen"}},{"type":"Polygon","arcs":[[181,182,183,184]],"id":"34037","properties":{"name":"Sussex"}},{"type":"MultiPolygon","arcs":[[[185,186]],[[187,188,-184]],[[189,190]],[[191,192]],[[193,194]],[[195,196]],[[197,198]],[[199,200]],[[201,202]],[[203,204]],[[205,206]]],"id":"34027","properties":{"name":"Morris"}},{"type":"MultiPolygon","arcs":[[[207,-191,208,-193,209,-195,210,-196,211,-199,212,-201,213,-202,214,-205,215,-207,216,217,-176,218,-181,219,-189,220,-186]],[[-178,221]]],"id":"34031","properties":{"name":"Passaic"}}]},"cd-6":{"type":"GeometryCollection","geometries":[{"type":"MultiPolygon","arcs":[[[222,223]],[[224,225]],[[226,227]],[[228,229]],[[230,231]]],"id":"34035","properties":{"name":"Somerset"}},{"type":"Polygon","arcs":[[-224,232,-228,233,-230,234,-232,235,-225,236,237,238,239,240,241,242,243,244,245,246,247,248,249,250,251]],"id":"34023","properties":{"name":"Middlesex"}},{"type":"Polygon","arcs":[[-162,-174,252,-238,253]],"id":"34025","properties":{"name":"Monmouth"}},{"type":"MultiPolygon","arcs":[[[-250,254]],[[-248,255]],[[-246,256]],[[-244,257]],[[-242,258]],[[-240,259,260]]],"id":"34039","properties":{"name":"Union"}}]},"cd-7":{"type":"GeometryCollection","geometries":[{"type":"Polygon","arcs":[[261,262,263,264,265,266,267,268,269,270,271]],"id":"34019","properties":{"name":"Hunterdon"}},{"type":"Polygon","arcs":[[-272,272,273,274]],"id":"34041","properties":{"name":"Warren"}},{"type":"Polygon","arcs":[[275,276,277,278,279,280,281,282,283,284,285,286,287,288,289,290,291,292,293,-270]],"id":"34035","properties":{"name":"Somerset"}},{"type":"MultiPolygon","arcs":[[[294,-277]],[[295,-279]],[[296,-281]],[[-251,297,298]],[[299,-249]],[[-247,300]],[[-245,301]],[[-243,302]],[[-241,303]]],"id":"34023","properties":{"name":"Middlesex"}},{"type":"MultiPolygon","arcs":[[[304,305]],[[306,307]]],"id":"34013","properties":{"name":"Essex"}},{"type":"MultiPolygon","arcs":[[[308,-264]],[[309,-266]],[[310,-268]]],"id":"34021","properties":{"name":"Mercer"}},{"type":"Polygon","arcs":[[-274,311,312,-182,313]],"id":"34037","properties":{"name":"Sussex"}},{"type":"MultiPolygon","arcs":[[[-285,314,-298,-255,-300,-256,-301,-257,-302,-258,-303,-259,-304,-261,315,316,317,318,-307,319,-305,320,321,322,323,324,325,326,327,328,329]],[[330,-283]]],"id":"34039","properties":{"name":"Union"}},{"type":"MultiPolygon","arcs":[[[-271,-294,331,-312,-273]],[[-292,332]],[[-290,333]],[[-330,334,-286]],[[-288,335]],[[-328,336]],[[-326,337]],[[-324,338]],[[-322,339]]],"id":"34027","properties":{"name":"Morris"}}]},"cd-8":{"type":"GeometryCollection","geometries":[{"type":"MultiPolygon","arcs":[[[340,341]],[[342,343]],[[344,345]]],"id":"34003","properties":{"name":"Bergen"}},{"type":"MultiPolygon","arcs":[[[346,347]],[[348,349]],[[350,351,352,353,354,355,356,357]],[[358,359]],[[360,361,362]]],"id":"34013","properties":{"name":"Essex"}},{"type":"MultiPolygon","arcs":[[[-359,363,-362,364,365,366,-345,367,-343,368,-341,369,370,-351,371],[372]],[[373,374,375,376,-355]]],"id":"34017","properties":{"name":"Hudson"}},{"type":"Polygon","arcs":[[-317,377,-365,-361,378,-349,379,-347,380]],"id":"34039","properties":{"name":"Union"}}]},"cd-9":{"type":"GeometryCollection","geometries":[{"type":"MultiPolygon","arcs":[[[-177,381,-175,382]],[[383,-342,384,-344,385,-346,386,387,-179,388,389,390,391,392]]],"id":"34003","properties":{"name":"Bergen"}},{"type":"MultiPolygon","arcs":[[[393,394,395,-353]],[[396,397,-393,398]],[[-391,399]]],"id":"34013","properties":{"name":"Essex"}},{"type":"MultiPolygon","arcs":[[[400,-370,-384,-398,401,402,-375,403,-395]],[[-369,-385]],[[-386,-368]],[[404,-387,-367]]],"id":"34017","properties":{"name":"Hudson"}},{"type":"MultiPolygon","arcs":[[[405,406]],[[407,408]],[[409,410]]],"id":"34027","properties":{"name":"Morris"}},{"type":"MultiPolygon","arcs":[[[411,-406,412,-411,413,-408,414,-389,-222,-383,-218]],[[-382,-219]]],"id":"34031","properties":{"name":"Passaic"}}]},"cd-10":{"type":"GeometryCollection","geometries":[{"type":"MultiPolygon","arcs":[[[415,-348,416,-350,417,-363,418,-360,419,-358,420]],[[421,422]],[[423,424]]],"id":"34013","properties":{"name":"Essex"}},{"type":"MultiPolygon","arcs":[[[-372,-420]],[[-364,-419]]],"id":"34017","properties":{"name":"Hudson"}},{"type":"MultiPolygon","arcs":[[[-381,-416,425,-424,426,-422,427,-318]],[[-380,-417]],[[-418,-379]]],"id":"34039","properties":{"name":"Union"}}]},"cd-11":{"type":"GeometryCollection","geometries":[{"type":"MultiPolygon","arcs":[[[428,-293]],[[429,-291]],[[430,-289]],[[431,-287]]],"id":"34035","properties":{"name":"Somerset"}},{"type":"MultiPolygon","arcs":[[[-392,432]],[[-390,433,434]]],"id":"34003","properties":{"name":"Bergen"}},{"type":"Polygon","arcs":[[435,-306,436,-308,437,-423,438,-425,439,-421,-357,440,441,442,-399,-433,-400,-435,443,444]],"id":"34013","properties":{"name":"Essex"}},{"type":"Polygon","arcs":[[445,-376,-403,446,-442]],"id":"34017","properties":{"name":"Hudson"}},{"type":"Polygon","arcs":[[447,-183,-313]],"id":"34037","properties":{"name":"Sussex"}},{"type":"MultiPolygon","arcs":[[[-329,448]],[[-327,449]],[[-325,450]],[[-323,451]],[[-321,-436,452]],[[-320,-437]],[[-319,-428,-438]],[[-427,-439]],[[-426,-440]]],"id":"34039","properties":{"name":"Union"}},{"type":"Polygon","arcs":[[-429,-333,-430,-334,-431,-336,-432,-335,-449,-337,-450,-338,-451,-339,-452,-340,-453,-445,453,-409,454,-410,455,-407,456,-206,457,-204,458,-203,459,-200,460,-198,461,-197,462,-194,463,-192,464,-190,465,-187,466,-188,-448,-332]],"id":"34027","properties":{"name":"Morris"}},{"type":"MultiPolygon","arcs":[[[-221,-467]],[[-466,-208]],[[-465,-209]],[[-464,-210]],[[-463,-211]],[[-462,-212]],[[-461,-213]],[[-460,-214]],[[-459,-215]],[[-458,-216]],[[-457,-412,-217]],[[-456,-413]],[[-455,-414]],[[-454,-444,-434,-415]]],"id":"34031","properties":{"name":"Passaic"}}]},"cd-12":{"type":"GeometryCollection","geometries":[{"type":"MultiPolygon","arcs":[[[467,468,-263]],[[469,-267]],[[470,-265]],[[471,472,-269]]],"id":"34019","properties":{"name":"Hunterdon"}},{"type":"MultiPolygon","arcs":[[[-473,473,474,-226,475,-231,476,-229,477,-227,478,-223,479,-276]],[[480,-278]],[[481,-280]],[[482,483,-282]],[[484,-284]]],"id":"34035","properties":{"name":"Somerset"}},{"type":"MultiPolygon","arcs":[[[-116,485,-118,486,-120,487,-122,488,489,-124,490,-237,-475,491]],[[-252,-299,492,-483,-297,-482,-296,-481,-295,-480]],[[-479,-233]],[[-236,-476]],[[-478,-234]],[[-477,-235]]],"id":"34023","properties":{"name":"Middlesex"}},{"type":"MultiPolygon","arcs":[[[493,-159,-492,-474,-472,-311,-470,-310,-471,-309,-469]],[[-486,-158]],[[-157,-487]],[[-156,-488]],[[494,-489,-155]]],"id":"34021","properties":{"name":"Mercer"}},{"type":"MultiPolygon","arcs":[[[-164,-490,-495]],[[-163,-254,-491]]],"id":"34025","properties":{"name":"Monmouth"}},{"type":"Polygon","arcs":[[-493,-315,-485,-331,-484]],"id":"34039","properties":{"name":"Union"}}]}},"arcs":[[[-74.91250360140954,39.57888690945304],[-74.911882,39.578462],[-74.8136343382625,39.66318566147139]],[[-74.8136343382625,39.66318566147139],[-74.87834950509504,39.608587313063126]],[[-74.87834950509504,39.608587313063126],[-74.91250360140954,39.57888690945304]],[[-75.05999286584856,39.99139031495426],[-75.01383992656459,39.980344095330175]],[[-75.01383992656459,39.980344095330175],[-75.014686,39.985064],[-75.027501,39.994755],[-75.012893,39.998771],[-75.010441,40.003249],[-75.023958,40.009613],[-75.02825637412195,40.01387538513087]],[[-75.02825637412195,40.01387538513087],[-75.059188541218,39.99320787221527],[-75.05999286584856,39.99139031495426]],[[-74.9721888872518,39.93472924983699],[-74.966816,39.938018],[-74.968458,39.944943],[-74.974981,39.953052],[-74.982737,39.953487],[-74.987448,39.960292],[-74.994372,39.96358],[-75.005403,39.97303],[-75.01218568983835,39.97031237091268]],[[-75.01218568983835,39.97031237091268],[-75.01474267682677,39.94705683115831],[-74.97526044290443,39.93846623425234],[-74.9721888872518,39.93472924983699]],[[-75.01239614282596,39.979998540907985],[-75.01123075270516,39.97899742819464]],[[-75.01123075270516,39.97899742819464],[-75.01239614282596,39.979998540907985]],[[-74.93441490347983,39.88877182479717],[-74.93218891498915,39.886063593125925],[-74.90347456304563,39.790707967469665],[-74.901480882516,39.7906457283709]],[[-74.901480882516,39.7906457283709],[-74.905542,39.801055],[-74.930745,39.885908],[-74.93441490347983,39.88877182479717]],[[-74.84741878489307,39.788958007503076],[-74.82278322522869,39.788188929905935]],[[-74.82278322522869,39.788188929905935],[-74.843208,39.789919],[-74.84741878489307,39.788958007503076]],[[-74.82193926325412,39.78816258294015],[-74.81888853399968,39.78675265013798]],[[-74.81888853399968,39.78675265013798],[-74.82193926325412,39.78816258294015]],[[-74.8175956945806,39.78587593891612],[-74.78372095885368,39.76290451608441]],[[-74.78372095885368,39.76290451608441],[-74.790724,39.771303],[-74.8061,39.783013],[-74.8175956945806,39.78587593891612]],[[-75.13992901063801,39.88827306402264],[-75.08293926269262,39.840533429524285],[-75.09011785067851,39.81476163880638],[-74.98602832488325,39.70652011779117],[-74.94295679696796,39.6987885805758],[-74.87834950509504,39.608587313063126]],[[-74.8136343382625,39.66318566147139],[-74.736216,39.729775]],[[-74.736216,39.729775],[-74.75578,39.742207],[-74.77209,39.750436],[-74.776937,39.75779],[-74.78372095885368,39.76290451608441]],[[-74.8175956945806,39.78587593891612],[-74.81888853399968,39.78675265013798]],[[-74.82193926325412,39.78816258294015],[-74.82278322522869,39.788188929905935]],[[-74.84741878489307,39.788958007503076],[-74.869482,39.784334],[-74.876185,39.781459],[-74.894755,39.783283],[-74.901480882516,39.7906457283709]],[[-74.93441490347983,39.88877182479717],[-74.9442,39.89308],[-74.951947,39.901672],[-74.955904,39.913217],[-74.964205,39.920676],[-74.974283,39.921421],[-74.984045,39.927354],[-74.9721888872518,39.93472924983699]],[[-75.01218568983835,39.97031237091268],[-75.017615,39.973588],[-75.01123075270516,39.97899742819464]],[[-75.01239614282596,39.979998540907985],[-75.01383992656459,39.980344095330175]],[[-75.05999286584856,39.99139031495426],[-75.064175,39.986027],[-75.075605,39.978041],[-75.085831,39.975102],[-75.10123116990098,39.97266326834861],[-75.12960008460084,39.959083666826665],[-75.13458667063423,39.92646169388907],[-75.128253,39.913164],[-75.131363,39.899138],[-75.13992901063801,39.88827306402264]],[[-75.13992901063801,39.88827306402264],[-75.147366,39.883921],[-75.15799914168036,39.88294399366509],[-75.21656307037142,39.86419299028075],[-75.228634,39.85856],[-75.256762,39.851934]],[[-75.256762,39.851934],[-75.245378,39.838738],[-75.246368,39.834196],[-75.252527,39.83265],[-75.254873,39.826389],[-75.236179,39.819572],[-75.251067,39.818835],[-75.267107,39.807929],[-75.245442,39.794928],[-75.245247,39.799258],[-75.232644,39.807483],[-75.226969,39.802465],[-75.235964,39.797935],[-75.228497,39.796176],[-75.231802,39.793901],[-75.225563,39.783273],[-75.199404,39.798021],[-75.193835,39.792767],[-75.229017,39.758058],[-75.209401,39.756486],[-75.139513,39.715024],[-75.167545,39.685468],[-75.161364,39.684441],[-75.148891,39.691848],[-75.113576,39.694641],[-75.107573,39.679937],[-75.053492,39.677529],[-74.995762,39.637601],[-74.91250360140954,39.57888690945304]],[[-75.40597572205722,39.381795554745544],[-75.36649348813488,39.34141974928749],[-75.3413684301843,39.34829222681226],[-75.28752902029021,39.28987616785167],[-75.2516360803608,39.30018488413884],[-75.24086819838197,39.274413093420925],[-75.17626090650906,39.242627884868845],[-75.16908231852318,39.20225207941079],[-75.13677867258673,39.181634646836464],[-75.11165361463614,39.212560795697954],[-75.04704632276322,39.21513797476974],[-75.02551055880559,39.193661482504815],[-74.96090326693266,39.19022524374243],[-74.93893563605073,39.180961640180456],[-74.91424244502444,39.17733934838348]],[[-74.91424244502444,39.17733934838348],[-74.92142103301033,39.224587631366305],[-74.89629597505974,39.23489634765347],[-74.88193879908799,39.308775481044805],[-74.86040303513035,39.324238555475546]],[[-74.86040303513035,39.324238555475546],[-74.85681374113742,39.42388947958479],[-74.98602832488325,39.51494980678806]],[[-74.98602832488325,39.51494980678806],[-75.06140349873499,39.56907056729567]],[[-75.06140349873499,39.56907056729567],[-75.07576067470674,39.544157836268354],[-75.08293926269262,39.45739280751807],[-75.23727890438904,39.558761851008505],[-75.36649348813488,39.45653374782747],[-75.4131543100431,39.45309750906508],[-75.40597572205722,39.381795554745544]],[[-74.41891987399873,39.55704373162731],[-74.3794376400764,39.49862767266672],[-74.31124105421054,39.49948673235732]],[[-74.31124105421054,39.49948673235732],[-74.31124105421054,39.50635920988209],[-74.29847912001343,39.50941364433754],[-74.23945517435175,39.555325612246115],[-74.09588341463414,39.76235899767997],[-74.07793694466945,39.91097632415323],[-74.07753592352272,39.91279994767228]],[[-74.07753592352272,39.91279994767228],[-74.098855,39.91544],[-74.096047,39.93098],[-74.096947,39.941474],[-74.124112,39.935362],[-74.124076,39.923017],[-74.140277,39.923721],[-74.153878,39.921566],[-74.154566,39.913233],[-74.171354,39.912359],[-74.158597,39.906953],[-74.168668,39.909493],[-74.173763,39.901622],[-74.173676,39.871076],[-74.169963,39.868249],[-74.162447,39.87052],[-74.142444,39.869335],[-74.113468,39.874165],[-74.087462,39.87518],[-74.0894,39.863021],[-74.090284,39.84403],[-74.092584,39.839791],[-74.091719,39.830359],[-74.097062,39.811477],[-74.096654,39.806656],[-74.103382,39.799531],[-74.102864,39.796372],[-74.170375,39.811227],[-74.179084,39.809334],[-74.19963,39.811104],[-74.202524,39.819209],[-74.201914,39.826344],[-74.194497,39.835521],[-74.204941,39.841236],[-74.207787,39.837455],[-74.213871,39.838229],[-74.211257,39.829653],[-74.225283,39.830668],[-74.231732,39.804007],[-74.24258,39.803317],[-74.250369,39.798198],[-74.331407,39.828943],[-74.41619242571488,39.82273144436419]],[[-74.41619242571488,39.82273144436419],[-74.39881386375394,39.7898261613863]],[[-74.39881386375394,39.7898261613863],[-74.39871,39.789637]],[[-74.39871,39.789637],[-74.389708,39.773283],[-74.39020552205523,39.65765688588459]],[[-74.39020552205523,39.65765688588459],[-74.39020552205523,39.59570141770417],[-74.3942135349775,39.590305492152865]],[[-74.3942135349775,39.590305492152865],[-74.400819,39.572242],[-74.40923518113729,39.570082083219745]],[[-74.40923518113729,39.570082083219745],[-74.41447794026377,39.5630238380298]],[[-74.41447794026377,39.5630238380298],[-74.41854168018766,39.557552888081666]],[[-74.41854168018766,39.557552888081666],[-74.41891987399873,39.55704373162731]],[[-74.06751370874605,39.9583754658938],[-74.06750193573514,39.958429003069476]],[[-74.06750193573514,39.958429003069476],[-74.06751370874605,39.9583754658938]],[[-74.0671455435829,39.96004967847809],[-74.05543434680689,40.013305757494]],[[-74.05543434680689,40.013305757494],[-74.064523,39.976783],[-74.0671455435829,39.96004967847809]],[[-74.86040303513035,39.324238555475546],[-74.69888480544805,39.289017108161076],[-74.61633104361043,39.293312406614056],[-74.58761669166691,39.310493600426],[-74.54095586975869,39.30018488413884]],[[-74.54095586975869,39.30018488413884],[-74.52300939979399,39.31392983918838],[-74.48837840184483,39.328635356658545],[-74.45840210792107,39.34485598804987],[-74.33636611216112,39.431621016800165],[-74.30047317223172,39.47886929978299],[-74.31124105421054,39.49948673235732]],[[-74.41891987399873,39.55704373162731],[-74.42136183421859,39.556824560086014]],[[-74.42136183421859,39.556824560086014],[-74.427852,39.553164],[-74.435368,39.555431],[-74.43835,39.551313],[-74.433447,39.543839],[-74.441998,39.542779],[-74.446135,39.549743],[-74.44355604201729,39.554832578934345]],[[-74.44355604201729,39.554832578934345],[-74.45332538444778,39.55395575800151]],[[-74.45332538444778,39.55395575800151],[-74.453446,39.548573],[-74.459576,39.548575],[-74.4605829725481,39.55330437279175]],[[-74.4605829725481,39.55330437279175],[-74.47148221062768,39.55232614112793]],[[-74.47148221062768,39.55232614112793],[-74.4765091728859,39.55194318489286]],[[-74.4765091728859,39.55194318489286],[-74.48971885975607,39.55636942396746]],[[-74.48971885975607,39.55636942396746],[-74.49437064145387,39.55792812086314]],[[-74.49437064145387,39.55792812086314],[-74.53018798777988,39.569929626986266],[-74.53723600690478,39.57438296141118]],[[-74.53723600690478,39.57438296141118],[-74.5419189049218,39.57734187945298]],[[-74.5419189049218,39.57734187945298],[-74.57531499899336,39.59844340780458]],[[-74.57531499899336,39.59844340780458],[-74.57857673349447,39.60050435489927]],[[-74.57857673349447,39.60050435489927],[-74.61440331522525,39.62314160189329]],[[-74.61440331522525,39.62314160189329],[-74.621028,39.626691],[-74.627612,39.620387],[-74.632038,39.622138],[-74.634023,39.628026],[-74.63749,39.623254],[-74.640216,39.625557],[-74.652998,39.626587],[-74.65533597063822,39.630480456807014]],[[-74.65533597063822,39.630480456807014],[-74.65940257152572,39.63092286501865],[-74.65940257152572,39.63817889633351]],[[-74.65940257152572,39.63817889633351],[-74.65940257152572,39.63957540521609]],[[-74.65940257152572,39.63957540521609],[-74.65940257152572,39.64021457166174]],[[-74.65940257152572,39.64021457166174],[-74.65940257152572,39.6409580393072]],[[-74.65940257152572,39.6409580393072],[-74.65940257152572,39.651621644782395]],[[-74.65940257152572,39.651621644782395],[-74.65940257152572,39.65325831011757]],[[-74.65940257152572,39.65325831011757],[-74.65940257152572,39.662446470413485]],[[-74.65940257152572,39.662446470413485],[-74.65940257152572,39.66349413738382]],[[-74.65940257152572,39.66349413738382],[-74.65940257152572,39.66384324374891]],[[-74.65940257152572,39.66384324374891],[-74.66108000201443,39.67007886030839]],[[-74.66108000201443,39.67007886030839],[-74.66126887844767,39.670231698234495]],[[-74.66126887844767,39.670231698234495],[-74.66290301080438,39.67155403049214]],[[-74.66290301080438,39.67155403049214],[-74.73025971945655,39.726058764000015]],[[-74.73025971945655,39.726058764000015],[-74.7353477724481,39.72923381378602]],[[-74.7353477724481,39.72923381378602],[-74.8136343382625,39.66318566147139]],[[-74.91250360140954,39.57888690945304],[-74.98602832488325,39.51494980678806]],[[-74.66290301080438,39.67155403049214],[-74.667967,39.683699],[-74.676141,39.691617],[-74.73025971945655,39.726058764000015]],[[-74.66108000201443,39.67007886030839],[-74.66126887844767,39.670231698234495]],[[-74.65533597063822,39.630480456807014],[-74.659295,39.631233],[-74.65940257152572,39.63817889633351]],[[-74.65940257152572,39.63957540521609],[-74.65940257152572,39.64021457166174]],[[-74.65940257152572,39.6409580393072],[-74.65940257152572,39.651621644782395]],[[-74.65940257152572,39.65325831011757],[-74.65940257152572,39.662446470413485]],[[-74.65940257152572,39.66349413738382],[-74.65940257152572,39.66384324374891]],[[-74.57857673349447,39.60050435489927],[-74.585126,39.604952],[-74.588718,39.611802],[-74.597265,39.614684],[-74.610995,39.622771],[-74.61440331522525,39.62314160189329]],[[-74.5419189049218,39.57734187945298],[-74.541981,39.585816],[-74.549047,39.590312],[-74.55324,39.59774],[-74.563331,39.596715],[-74.57531499899336,39.59844340780458]],[[-74.49437064145387,39.55792812086314],[-74.494868,39.56134],[-74.505917,39.569645],[-74.512231,39.569952],[-74.517023,39.574151],[-74.52354,39.569552],[-74.53723600690478,39.57438296141118]],[[-74.4765091728859,39.55194318489286],[-74.483253,39.558596],[-74.48971885975607,39.55636942396746]],[[-74.4605829725481,39.55330437279175],[-74.467759,39.555667],[-74.47148221062768,39.55232614112793]],[[-74.44355604201729,39.554832578934345],[-74.446722,39.559061],[-74.45332538444778,39.55395575800151]],[[-74.41854168018766,39.557552888081666],[-74.42136183421859,39.556824560086014]],[[-74.40923518113729,39.570082083219745],[-74.418833,39.568583],[-74.41447794026377,39.5630238380298]],[[-74.416891,39.822682],[-74.400075,39.792123]],[[-74.400075,39.792123],[-74.39881386375394,39.7898261613863]],[[-74.41619242571488,39.82273144436419],[-74.416891,39.822682]],[[-74.39020552205523,39.65765688588459],[-74.390399,39.596037],[-74.3942135349775,39.590305492152865]],[[-74.91424244502444,39.17733934838348],[-74.88552809308094,39.158440035190345],[-74.89629597505974,39.09916491653916],[-74.95013538495385,39.01583612655126],[-74.97167114891148,38.94023887377873],[-74.93218891498915,38.928212038110374],[-74.86399232912329,38.94023887377873],[-74.79220644926448,38.99178245521455],[-74.71324198141981,39.119782349113486],[-74.63786680756807,39.22115139260392],[-74.54095586975869,39.30018488413884]],[[-74.7353477724481,39.72923381378602],[-74.736216,39.729775]],[[-75.06140349873499,39.56907056729567],[-75.20138596445965,39.667003372023714],[-75.32701125421254,39.69019798366983],[-75.3772613701137,39.7262784906749],[-75.41286932575487,39.793605363142554]],[[-75.41286932575487,39.793605363142554],[-75.41592205464117,39.7924626518833],[-75.4600050803387,39.76524059827693],[-75.47776160191601,39.713392595315945],[-75.5094127339078,39.686457964633696],[-75.51219,39.671767],[-75.533524,39.647557],[-75.541978,39.645425],[-75.548534,39.63777],[-75.554055,39.635745],[-75.558773,39.629987],[-75.55776778835036,39.61607091262777],[-75.51365454184541,39.581097402964026],[-75.51196,39.56729],[-75.51794093538741,39.55715966347132],[-75.53519030580306,39.46082904628046],[-75.4669937199372,39.439352554015535],[-75.4311007800078,39.39124521134211],[-75.40597572205722,39.381795554745544]],[[-75.256762,39.851934],[-75.2695825503255,39.84912402643026],[-75.35456428935754,39.839801763096446],[-75.37173,39.827559],[-75.398417,39.810467],[-75.415062,39.801919],[-75.405414,39.796396],[-75.41286932575487,39.793605363142554]],[[-74.55019786299314,40.0803380780633],[-74.527323,40.090276],[-74.465633,40.131189],[-74.4071511093891,40.17209541389328]],[[-74.4071511093891,40.17209541389328],[-74.40815199201992,40.17213047009469],[-74.55019786299314,40.0803380780633]],[[-74.53962276627986,40.05643952064088],[-74.51907172550182,40.01752733597269]],[[-74.51907172550182,40.01752733597269],[-74.52869,40.037449],[-74.53962276627986,40.05643952064088]],[[-74.41447794026377,39.5630238380298],[-74.41854168018766,39.557552888081666]],[[-74.3942135349775,39.590305492152865],[-74.40923518113729,39.570082083219745]],[[-74.39881386375394,39.78982616138631],[-74.39020552205523,39.77352677365773],[-74.39020552205523,39.65765688588459]],[[-74.39871,39.789637],[-74.39881386375394,39.78982616138631]],[[-74.53374272394737,40.29198961299595],[-74.52253379947308,40.287862323849716]],[[-74.52253379947308,40.287862323849716],[-74.527944,40.294229],[-74.53374272394737,40.29198961299595]],[[-74.52009789426567,40.28696538809581],[-74.51139815766832,40.28376201844909]],[[-74.51139815766832,40.28376201844909],[-74.52009789426567,40.28696538809581]],[[-74.50988743338895,40.28320574777963],[-74.50962787706167,40.283110175361884]],[[-74.50962787706167,40.283110175361884],[-74.50988743338895,40.28320574777963]],[[-74.50109384912273,40.279967822055205],[-74.48352716587166,40.27349951358513],[-74.48352716587166,40.26369005769356]],[[-74.48352716587166,40.26369005769356],[-74.48203,40.273915],[-74.497617,40.280534],[-74.50109384912273,40.279967822055205]],[[-74.39315838973492,40.2802468461775],[-74.35825215017451,40.32050005983886]],[[-74.35825215017451,40.32050005983886],[-74.377545,40.305432],[-74.394231,40.28839],[-74.39315838973492,40.2802468461775]],[[-74.73025971945655,39.726058764000015],[-74.73477774537746,39.72971472943729]],[[-74.73477774537746,39.72971472943729],[-74.7353477724481,39.72923381378602]],[[-74.66126887844767,39.670231698234495],[-74.66290301080438,39.67155403049214]],[[-74.65940257152572,39.66384324374891],[-74.66108000201443,39.67007886030839]],[[-74.65940257152572,39.651621644782395],[-74.65940257152572,39.65325831011757]],[[-74.65940257152572,39.63817889633351],[-74.65940257152572,39.63957540521609]],[[-74.65940257152572,39.662446470413485],[-74.65940257152572,39.66349413738382]],[[-74.65940257152572,39.64021457166174],[-74.65940257152572,39.6409580393072]],[[-74.61440331522525,39.62314160189329],[-74.61992033760338,39.62662756656566],[-74.65533597063822,39.630480456807014]],[[-74.57531499899336,39.59844340780458],[-74.57857673349447,39.60050435489927]],[[-74.53723600690478,39.57438296141118],[-74.5419189049218,39.57734187945298]],[[-74.48971885975607,39.55636942396746],[-74.49437064145387,39.55792812086314]],[[-74.47148221062768,39.55232614112793],[-74.4765091728859,39.55194318489286]],[[-74.45332538444778,39.55395575800151],[-74.4605829725481,39.55330437279175]],[[-74.42136183421859,39.556824560086014],[-74.44355604201729,39.554832578934345]],[[-75.01383992656459,39.980344095330175],[-75.01239614282596,39.979998540907985]],[[-75.01123075270516,39.97899742819464],[-75.01218568983835,39.97031237091268]],[[-74.9721888872518,39.93472924983699],[-74.93441490347983,39.88877182479717]],[[-74.901480882516,39.7906457283709],[-74.84741878489307,39.788958007503076]],[[-74.82278322522869,39.788188929905935],[-74.82193926325412,39.78816258294015]],[[-74.81888853399968,39.78675265013798],[-74.8175956945806,39.78587593891612]],[[-74.78372095885368,39.76290451608441],[-74.73477774537746,39.72971472943729]],[[-74.39881386375394,39.78982616138631],[-74.400075,39.792123]],[[-74.416891,39.822682],[-74.471511,39.924922],[-74.506372,39.991225],[-74.51907172550182,40.01752733597269]],[[-74.53962276627986,40.05643952064088],[-74.553105,40.07913],[-74.55189401870282,40.07963320957611]],[[-74.55189401870282,40.07963320957611],[-74.58761669166691,40.13862714216142]],[[-74.58761669166691,40.13862714216142],[-74.62350963159632,40.1429224406144],[-74.70965268742687,40.18158012669126],[-74.72155216239881,40.155948001329044]],[[-74.72155216239881,40.155948001329044],[-74.724369,40.146412],[-74.741184,40.135165],[-74.75394185237029,40.13498293320297],[-74.78143856728568,40.12058688865888],[-74.799421,40.122703],[-74.81733150721507,40.12745936618366],[-74.83326364882815,40.11125330787406],[-74.838168,40.101055],[-74.8480430688352,40.09621978957921],[-74.86040303513035,40.08364732196321],[-74.97031747195282,40.050763744345105],[-75.000617,40.0287],[-75.013237,40.020303],[-75.0218913931242,40.01812818534917],[-75.02825637412195,40.01387538513087]],[[-74.74875678460374,40.184824640075334],[-74.737205,40.177609],[-74.722325,40.160727],[-74.72155216239881,40.155948001329044]],[[-74.58761669166691,40.13862714216142],[-74.61633104361043,40.182439186381856],[-74.56249163371633,40.19017072359723],[-74.54454516375164,40.216801574005736],[-74.48425929926044,40.2532979158975]],[[-74.48425929926044,40.2532979158975],[-74.48352716587166,40.26369005769356]],[[-74.50109384912273,40.279967822055205],[-74.50962787706167,40.283110175361884]],[[-74.50988743338895,40.28320574777963],[-74.51139815766832,40.28376201844909]],[[-74.52009789426567,40.28696538809581],[-74.52253379947308,40.287862323849716]],[[-74.53374272394737,40.29198961299595],[-74.539918,40.28833],[-74.542244,40.29178],[-74.553396,40.290906],[-74.559489,40.29601],[-74.573397,40.3009],[-74.572403,40.289684],[-74.567528,40.287748],[-74.567387,40.278522],[-74.599285,40.24683],[-74.607709,40.253169],[-74.649937,40.241759],[-74.66455,40.267259],[-74.678385,40.2939],[-74.713221,40.358476],[-74.743733,40.33138],[-74.753837,40.307605],[-74.762224,40.284274],[-74.762433,40.277708],[-74.751582,40.272564],[-74.755842,40.263818],[-74.7496,40.261741],[-74.751877,40.250924],[-74.75631,40.248713],[-74.748942,40.239811],[-74.742449,40.245039],[-74.731791,40.242192],[-74.739478,40.231507],[-74.728808,40.220768],[-74.729765,40.216665],[-74.737423,40.209708],[-74.732565,40.203391],[-74.735519,40.200785],[-74.752841,40.19834],[-74.74875678460374,40.184824640075334]],[[-74.55189401870282,40.07963320957611],[-74.55019786299314,40.0803380780633]],[[-74.4071511093891,40.17209541389328],[-74.36525,40.201433],[-74.341628,40.216542],[-74.329283,40.218049],[-74.328681,40.207426],[-74.312079,40.20974],[-74.308169,40.213927],[-74.29556,40.211876],[-74.296362,40.209585],[-74.28068,40.205156],[-74.27711,40.210757],[-74.268612,40.209022],[-74.268605,40.206006],[-74.258909,40.219374],[-74.223859,40.261186],[-74.221336,40.301667],[-74.224067,40.327679],[-74.221016,40.33331],[-74.225295,40.339457],[-74.213428,40.34367],[-74.202656,40.345718],[-74.193,40.344425],[-74.192587,40.339615],[-74.179885,40.333489],[-74.176103,40.334527],[-74.173481,40.328654],[-74.149078,40.324658],[-74.14885,40.33902],[-74.146187,40.348998],[-74.150076,40.372279],[-74.143446,40.376724],[-74.146126,40.390792],[-74.142907,40.404922],[-74.1368,40.411061],[-74.133157,40.426856]],[[-74.133157,40.426856],[-74.181708,40.412845],[-74.19687,40.409989],[-74.208853,40.405039],[-74.20777,40.389983],[-74.208815,40.381827],[-74.232838,40.390712],[-74.262074,40.395373]],[[-74.262074,40.395373],[-74.35825215017451,40.32050005983886]],[[-74.39315838973492,40.2802468461775],[-74.393438,40.279548],[-74.461017,40.251122],[-74.48425929926044,40.2532979158975]],[[-74.55172375173751,40.079352023510225],[-74.53962276627986,40.05643952064088]],[[-74.51907172550182,40.01752733597269],[-74.41619242571488,39.82273144436419]],[[-74.07753592352272,39.91279994767228],[-74.06751370874605,39.9583754658938]],[[-74.06750193573514,39.958429003069476],[-74.0671455435829,39.96004967847809]],[[-74.05543434680689,40.013305757494],[-74.03654042061754,40.09922493768604]],[[-74.03654042061754,40.09922493768604],[-74.07075835668357,40.0888016801068],[-74.10665129661297,40.13690902278022],[-74.15331211852119,40.09996945608455],[-74.24304446834468,40.1154325305153],[-74.26099093830938,40.166976111951115],[-74.4071511093891,40.17209541389328]],[[-74.55019786299314,40.0803380780633],[-74.55172375173751,40.079352023510225]],[[-74.55172375173751,40.079352023510225],[-74.55189401870282,40.07963320957611]],[[-74.03654042061754,40.09922493768604],[-74.03127612276123,40.12316406773067],[-74.00799854642881,40.195590221257504]],[[-74.00799854642881,40.195590221257504],[-74.016953,40.19511],[-74.021261,40.197489],[-74.025648,40.185312],[-74.029824,40.182817],[-74.030501,40.188891],[-74.036988,40.181922],[-74.04168,40.181531],[-74.056387,40.187814],[-74.061929,40.196201],[-74.082938,40.204357],[-74.094585,40.206321],[-74.091682,40.225584],[-74.087947,40.224601],[-74.081133,40.228633],[-74.077409,40.234395],[-74.030625,40.224354],[-74.01384,40.230234],[-74.022224,40.232755],[-74.022762,40.240874],[-74.008684,40.235364],[-74.009683,40.248417],[-74.003825,40.247453],[-74.003148,40.256832],[-73.999711,40.261809],[-74.002889,40.276407],[-74.027625,40.272741],[-74.029368,40.283519],[-74.032293,40.28313],[-74.038538,40.291496],[-74.033175,40.293715],[-74.037008,40.297485],[-74.032552,40.298755],[-74.041066,40.307384],[-74.051124,40.31502],[-74.040913,40.320413],[-74.047092,40.329805],[-74.063691,40.338267],[-74.08728,40.336285],[-74.090286,40.339579],[-74.083397,40.338917],[-74.084274,40.342822],[-74.076797,40.35608],[-74.079124,40.360094],[-74.058935,40.371998],[-74.049522,40.375482],[-74.042696,40.373504],[-74.035178,40.37802],[-74.031091,40.376709],[-74.011744,40.382333],[-74.0151,40.389046],[-74.022344,40.393716],[-74.021478,40.39805],[-74.029394,40.40302],[-74.032702,40.401792],[-74.043146,40.411642],[-74.089876,40.41981],[-74.099575,40.423733],[-74.116663,40.434545],[-74.118707,40.438134],[-74.131271,40.43548],[-74.133157,40.426856]],[[-74.27151465568826,41.02133176248203],[-74.270658,41.021033],[-74.25628567448803,41.049418903449634]],[[-74.25628567448803,41.049418903449634],[-74.27151465568826,41.02133176248203]],[[-74.24865366609939,41.063494782371485],[-74.218476,41.050705],[-74.199953,41.045089],[-74.171058,41.029324],[-74.16758,41.023781],[-74.187307,41.017399],[-74.191798,40.978564],[-74.171141,40.977066],[-74.170275,40.983904],[-74.141048,40.966348],[-74.14181563452846,40.96309863641359]],[[-74.14181563452846,40.96309863641359],[-74.13381676801995,40.92289530399502]],[[-74.13381676801995,40.92289530399502],[-74.123527,40.924715],[-74.121558,40.920118],[-74.114999,40.921876],[-74.113438,40.917718],[-74.099925,40.921241],[-74.083692,40.918636],[-74.068929,40.908544],[-74.054421,40.906332],[-74.059533,40.892257],[-74.064567,40.887082],[-74.068305,40.876049],[-74.059567,40.869005],[-74.055629,40.874049],[-74.0486,40.873157],[-74.038268,40.858881],[-74.032384,40.858634],[-74.028506,40.854176],[-74.030466,40.84648],[-74.027154,40.846361],[-74.021664,40.839884],[-74.013154,40.838909],[-74.010941,40.846832],[-73.976825,40.827833],[-73.972409,40.840737],[-73.968111,40.847417],[-73.95490033462048,40.84801179743942]],[[-73.95490033462048,40.84801179743942],[-73.93436518495184,40.88171377452774],[-73.92557660585418,40.899382786334606],[-73.914253,40.92796],[-73.90748698375793,40.95057258955497],[-73.8948829510295,40.99682777306772],[-73.90565083300832,40.99768683275832],[-74.21074082240823,41.133418263872635]],[[-74.21074082240823,41.133418263872635],[-74.24865366609939,41.063494782371485]],[[-74.872101,41.201251],[-74.849532,41.146663],[-74.8355,41.103304],[-74.830881,41.104208],[-74.818275,41.072189],[-74.816193,41.073289],[-74.81082,41.059929],[-74.804312,41.062296],[-74.795237,41.068755],[-74.784721,41.063979],[-74.762973,41.068637],[-74.765064,41.061594],[-74.77586,41.055328],[-74.768456,41.049881],[-74.765899,41.04486],[-74.772952,41.021498],[-74.787643,41.005786],[-74.767904,40.989647],[-74.751626,40.977378],[-74.748638,40.999683],[-74.732451,40.995655],[-74.740069,40.96974],[-74.688517,41.009289],[-74.685421,41.052048],[-74.667752,41.094129],[-74.638545,41.118668],[-74.607214,41.096094],[-74.57707,41.07876],[-74.535862,41.058513]],[[-74.535862,41.058513],[-74.503212,41.085873],[-74.50171973958545,41.08595551596419]],[[-74.50171973958545,41.08595551596419],[-74.50147363583636,41.0861699808898]],[[-74.50147363583636,41.0861699808898],[-74.3686819356568,41.20385036671365],[-74.68647273502744,41.3534791804622],[-74.69553285189761,41.35758668910984],[-74.725951,41.346192],[-74.75272421534216,41.34646506714066],[-74.760821,41.33951],[-74.763485,41.331271],[-74.772657,41.324781],[-74.78217475847485,41.32435785251387],[-74.79364562277212,41.31574718418657],[-74.791922,41.31121],[-74.807428,41.302812],[-74.812033,41.298158],[-74.821211,41.294313],[-74.830347,41.287065],[-74.8347782982424,41.28064038537787],[-74.86197298536605,41.22299135259789],[-74.859473,41.218773],[-74.872101,41.201251]],[[-74.46221850573215,41.05112688491437],[-74.50147363583636,41.042541002676685]],[[-74.50147363583636,41.042541002676685],[-74.497147,41.035168],[-74.48738,41.039295],[-74.477017,41.047381],[-74.46221850573215,41.05112688491437]],[[-74.50171973958545,41.08595551596419],[-74.50147363583636,41.08600348351302]],[[-74.50147363583636,41.08600348351302],[-74.50147363583636,41.0861699808898]],[[-74.45833857952977,41.05199359639827],[-74.45007123101486,41.05384038562195]],[[-74.45007123101486,41.05384038562195],[-74.45833857952977,41.05199359639827]],[[-74.44832250743129,41.054231021611656],[-74.4475477773446,41.0543214074953]],[[-74.4475477773446,41.0543214074953],[-74.44832250743129,41.054231021611656]],[[-74.44610355038877,41.05326282220929],[-74.44487956475108,41.05236566876598]],[[-74.44487956475108,41.05236566876598],[-74.44610355038877,41.05326282220929]],[[-74.40642626911355,41.0241802836392],[-74.44188279172397,41.05016910276282]],[[-74.44188279172397,41.05016910276282],[-74.44138,41.045574],[-74.432523,41.037836],[-74.428213,41.037426],[-74.42769,41.031891],[-74.43504,41.020021],[-74.428153,41.020673],[-74.42355,41.027697],[-74.415378,41.028011],[-74.40642626911355,41.0241802836392]],[[-74.40546755097057,41.023477565194916],[-74.39658049904139,41.01696355964318]],[[-74.39658049904139,41.01696355964318],[-74.40546755097057,41.023477565194916]],[[-74.38798867374709,41.0119724999306],[-74.38637100713454,41.011740197057264]],[[-74.38637100713454,41.011740197057264],[-74.38798867374709,41.0119724999306]],[[-74.34470830357856,41.00575727964287],[-74.3513933667925,41.006717279299764]],[[-74.3513933667925,41.006717279299764],[-74.34470830357856,41.00575727964287]],[[-74.33503092146607,41.00436757199011],[-74.326763,41.000911],[-74.31807978018415,41.001933325776754]],[[-74.31807978018415,41.001933325776754],[-74.33503092146607,41.00436757199011]],[[-74.31434167150375,41.00139651962612],[-74.309494,40.998409],[-74.30123048618061,40.999513705207036]],[[-74.30123048618061,40.999513705207036],[-74.31434167150375,41.00139651962612]],[[-74.46221850573215,41.05112688491437],[-74.45833857952977,41.05199359639827]],[[-74.45007123101486,41.05384038562195],[-74.44832250743129,41.054231021611656]],[[-74.4475477773446,41.0543214074953],[-74.44610355038877,41.05326282220929]],[[-74.44487956475108,41.05236566876598],[-74.44188279172397,41.05016910276282]],[[-74.40642626911355,41.0241802836392],[-74.40546755097057,41.023477565194916]],[[-74.39658049904139,41.01696355964318],[-74.38798867374709,41.0119724999306]],[[-74.38637100713454,41.011740197057264],[-74.376736,41.013861],[-74.363951,41.011021],[-74.355093,41.013772],[-74.3513933667925,41.006717279299764]],[[-74.34470830357856,41.00575727964287],[-74.335795,41.007275],[-74.33503092146607,41.00436757199011]],[[-74.31807978018415,41.001933325776754],[-74.31434167150375,41.00139651962612]],[[-74.30123048618061,40.999513705207036],[-74.300029,41.003115]],[[-74.300029,41.003115],[-74.303083,41.012051],[-74.287027,41.016498],[-74.281183,41.023577],[-74.27151465568826,41.02133176248203]],[[-74.25628567448803,41.049418903449634],[-74.24865366609939,41.063494782371485]],[[-74.21074082240823,41.133418263872635],[-74.2358658803588,41.1428679204692],[-74.28252183155419,41.16429574008818],[-74.330675,41.185457],[-74.36868193565681,41.203850366713645],[-74.50147363583636,41.0861699808898]],[[-74.50147363583636,41.08600348351302],[-74.491694,41.078142],[-74.486925,41.076736],[-74.487901,41.065267],[-74.495698,41.059962],[-74.50147363583636,41.042541002676685]],[[-74.14181563452846,40.96309863641359],[-74.148071,40.941643],[-74.144092,40.94092],[-74.13959,40.933759],[-74.14243,40.929562],[-74.140218,40.924002],[-74.13381676801995,40.92289530399502]],[[-74.51698504361218,40.55060488986081],[-74.511853,40.53988],[-74.494862,40.528736],[-74.481902,40.512001],[-74.47399580590638,40.51053186073113]],[[-74.47399580590638,40.51053186073113],[-74.51698504361218,40.55060488986081]],[[-74.48782444019632,40.47346181295067],[-74.4716785347484,40.485827740347666]],[[-74.4716785347484,40.485827740347666],[-74.484937,40.479591],[-74.48782444019632,40.47346181295067]],[[-74.4673176010077,40.50430667708701],[-74.46353803795198,40.50078350364844]],[[-74.46353803795198,40.50078350364844],[-74.4673176010077,40.50430667708701]],[[-74.46021571987956,40.49768655762197],[-74.459878307855,40.49737203420611]],[[-74.459878307855,40.49737203420611],[-74.46021571987956,40.49768655762197]],[[-74.45939069197094,40.49691749612707],[-74.45899745486642,40.495540005394794]],[[-74.45899745486642,40.495540005394794],[-74.45939069197094,40.49691749612707]],[[-74.47399580590638,40.51053186073113],[-74.466947,40.508898],[-74.4673176010077,40.50430667708701]],[[-74.46353803795198,40.50078350364844],[-74.46021571987956,40.49768655762197]],[[-74.459878307855,40.49737203420611],[-74.45939069197094,40.49691749612707]],[[-74.45899745486642,40.495540005394794],[-74.459863,40.491046],[-74.4716785347484,40.485827740347666]],[[-74.48782444019632,40.47346181295067],[-74.477344,40.467244],[-74.471212,40.47324],[-74.467811,40.471181],[-74.460379,40.477626],[-74.447856,40.476145],[-74.414825,40.478623],[-74.411833,40.483902],[-74.4017,40.47977],[-74.387859,40.487319],[-74.376808,40.4778],[-74.378169,40.470068],[-74.382137,40.469021],[-74.379092,40.464297],[-74.386089,40.459521],[-74.380102,40.458317],[-74.375837,40.461047],[-74.378376,40.452483],[-74.371556,40.456204],[-74.368293,40.447506],[-74.363493,40.446406],[-74.353585,40.431836],[-74.357467,40.428343],[-74.355854,40.42411],[-74.36227,40.421111],[-74.36154,40.416595],[-74.328402,40.436605],[-74.313629,40.450617],[-74.30905,40.445963],[-74.308345,40.436717],[-74.301564,40.435406],[-74.30504,40.416107],[-74.294429,40.414011],[-74.287587,40.424762],[-74.274406,40.425285],[-74.261864,40.411954],[-74.26047974390514,40.39690837805721]],[[-74.26047974390514,40.39690837805721],[-74.24663376233762,40.40751282531825],[-74.22535459471649,40.4525005018642]],[[-74.22535459471649,40.4525005018642],[-74.26099093830938,40.46506982458824],[-74.2717588202882,40.48912349592495],[-74.26099093830938,40.49302608137652],[-74.26099093830938,40.502009391283906],[-74.25022305633055,40.54496237581375],[-74.247484,40.549377],[-74.231415,40.559182],[-74.2179194103941,40.5587073308633],[-74.20356223442234,40.59306971848718]],[[-74.20356223442234,40.59306971848718],[-74.20371053990569,40.59322353168996]],[[-74.20371053990569,40.59322353168996],[-74.211504,40.598321],[-74.21230854598983,40.60214084764791]],[[-74.21230854598983,40.60214084764791],[-74.21419090175596,40.604093109712814]],[[-74.21419090175596,40.604093109712814],[-74.215027270591,40.604126256792796]],[[-74.215027270591,40.604126256792796],[-74.21541871032707,40.604063798809094]],[[-74.21541871032707,40.604063798809094],[-74.217963,40.601077],[-74.229745,40.598826],[-74.23423433975151,40.60106158373588]],[[-74.23423433975151,40.60106158373588],[-74.24034646115058,40.60008633584064]],[[-74.24034646115058,40.60008633584064],[-74.2439994517809,40.599503465967665]],[[-74.2439994517809,40.599503465967665],[-74.28394226067037,40.59313020572694]],[[-74.28394226067037,40.59313020572694],[-74.29099,40.591925],[-74.305326,40.600586],[-74.30296178514166,40.60728146993512]],[[-74.30296178514166,40.60728146993512],[-74.30658971185922,40.60838157551576]],[[-74.30658971185922,40.60838157551576],[-74.39472,40.600989]],[[-74.39472,40.600989],[-74.455132,40.595954],[-74.457771,40.594232],[-74.452353,40.589268],[-74.460222,40.584414],[-74.459736,40.581553],[-74.468907,40.580722],[-74.46967,40.585567],[-74.481292,40.578084],[-74.479491,40.57382],[-74.486718,40.57124],[-74.507207,40.560177],[-74.519843,40.555584],[-74.51698504361218,40.55060488986081]],[[-74.00799854642881,40.195590221257504],[-73.98102600686006,40.279512931419305],[-73.97025812488124,40.371432318313175],[-73.98461530085301,40.448747690466895],[-73.99897247682476,40.41094906408063],[-74.04922259272593,40.418680601296],[-74.13536564855649,40.45647922768227],[-74.19279435244353,40.441016153251525],[-74.22535459471649,40.4525005018642]],[[-74.26047974390514,40.39690837805721],[-74.262074,40.395373]],[[-74.30296178514166,40.60728146993512],[-74.30658971185922,40.60838157551576]],[[-74.2439994517809,40.599503465967665],[-74.257689,40.602276],[-74.259559,40.597313],[-74.28394226067037,40.59313020572694]],[[-74.23423433975151,40.60106158373588],[-74.24034646115058,40.60008633584064]],[[-74.215027270591,40.604126256792796],[-74.21541871032707,40.604063798809094]],[[-74.21230854598983,40.60214084764791],[-74.21419090175596,40.604093109712814]],[[-74.20356223442234,40.59306971848718],[-74.20356223442234,40.59315936104812]],[[-74.20356223442234,40.59315936104812],[-74.20371053990569,40.59322353168996]],[[-75.18974887248355,40.592097062344024],[-75.18928001160505,40.59007058645581],[-75.16225826406406,40.564201104460075],[-75.140172,40.57537],[-75.11916,40.573595],[-75.10088573265732,40.568156987459865],[-75.075138,40.545579],[-75.0681,40.541488],[-75.06499279272792,40.536371778907785],[-75.065688,40.522106],[-75.064842,40.503503],[-75.062576,40.494074],[-75.062761,40.480026],[-75.067715,40.473669],[-75.067016,40.465308],[-75.070608,40.456196],[-75.066515,40.447176],[-75.0621416083925,40.42775525488101],[-75.05860205916301,40.41822477456674],[-75.04623149437185,40.413996550482615],[-75.00892489359713,40.40721055476697],[-74.99586,40.410384],[-74.983131,40.404599],[-74.96808185491855,40.39978128810287],[-74.964431,40.395948],[-74.955785,40.380028],[-74.947122,40.360209],[-74.942909,40.341683]],[[-74.942909,40.341683],[-74.94173835455142,40.34143813448017]],[[-74.94173835455142,40.34143813448017],[-74.86038344556498,40.346305994502224]],[[-74.86038344556498,40.346305994502224],[-74.8568677044927,40.346635827329315]],[[-74.8568677044927,40.346635827329315],[-74.87117091710917,40.37744573614736],[-74.86961577086508,40.37762204513569]],[[-74.86961577086508,40.37762204513569],[-74.82952967604923,40.382166658769236]],[[-74.82952967604923,40.382166658769236],[-74.8029743312433,40.38517727336273],[-74.8101529192292,40.416962481914815],[-74.76644422190533,40.42188540712429]],[[-74.76644422190533,40.42188540712429],[-74.74923661092811,40.424020973811466]],[[-74.74923661092811,40.424020973811466],[-74.79938503725037,40.51575434633346],[-74.77425997929979,40.5037275106651],[-74.71324198141981,40.58362006189061],[-74.70247409944099,40.621418688276876],[-74.72759915739157,40.632586464254636],[-74.72400986339863,40.71935149300492]],[[-74.72400986339863,40.71935149300492],[-74.82451009520095,40.74254610465104],[-74.88911738707387,40.788076268252674]],[[-74.88911738707387,40.788076268252674],[-74.96808185491855,40.710760896098954],[-75.0183319708197,40.694438761977615],[-75.10806432064321,40.63945894177941],[-75.14754655456554,40.62829116580165],[-75.18974887248355,40.592097062344024]],[[-74.88911738707387,40.788076268252674],[-74.81733150721507,40.8370426706167],[-74.80656362523625,40.88171377452774],[-74.77067068530685,40.910921804008034]],[[-74.77067068530685,40.910921804008034],[-74.96677631106694,41.09354479258321]],[[-74.96677631106694,41.09354479258321],[-74.970987,41.085293],[-74.98463287544932,41.0789153284468],[-75.02551055880559,41.03978075759757],[-75.1313450048154,40.98996438432445],[-75.131484,40.986647249489],[-75.11883220262203,40.968478803278025],[-75.1003037725785,40.93004573791703],[-75.095528,40.924148],[-75.079295,40.91388],[-75.07609,40.907039],[-75.07538922291221,40.898801376644656],[-75.05063561675617,40.87054599854998],[-75.051029,40.865662],[-75.06427748463356,40.85450472829545],[-75.064328,40.848338],[-75.0703378436277,40.84737844197321],[-75.08528557296752,40.82980162857885],[-75.083929,40.824471],[-75.090518,40.815913],[-75.100277,40.807578],[-75.1008,40.799797],[-75.108505,40.791094],[-75.12111959219632,40.7876649364542],[-75.13318937859378,40.77347225351253],[-75.17167891174833,40.77765955538962],[-75.17325555490369,40.77621465800495],[-75.18731153772632,40.73883519849009],[-75.182804,40.73365],[-75.18674,40.71949],[-75.192615,40.715874],[-75.19872,40.705298],[-75.20372333600774,40.69103758818621],[-75.18675211441847,40.67986740984764],[-75.177299,40.677395],[-75.17626090650906,40.67296226971269],[-75.20062005428899,40.64797610411317],[-75.190515,40.635427],[-75.188595,40.623636],[-75.190688,40.619957],[-75.1987758951942,40.61907931326121],[-75.19800556955832,40.610782693740084],[-75.192291,40.602676],[-75.18974887248355,40.592097062344024]],[[-74.74923661092811,40.424020973811466],[-74.752013,40.431361],[-74.739288,40.439864],[-74.715334,40.442061],[-74.701823,40.468242],[-74.676198,40.470609],[-74.67387,40.479515],[-74.6686,40.480261],[-74.65534,40.478039],[-74.65429,40.480441],[-74.674903,40.484204],[-74.683704,40.488104],[-74.689576,40.516971],[-74.704206,40.52099],[-74.706982,40.527125],[-74.705326,40.531616],[-74.709316,40.537403],[-74.698322,40.542139],[-74.692129,40.551154],[-74.686147,40.555062],[-74.678668,40.548213],[-74.654674,40.551778],[-74.646115,40.560128],[-74.638001,40.564533],[-74.623849,40.562398],[-74.61693,40.55609],[-74.608096,40.558356],[-74.60602,40.563904],[-74.589571,40.561183],[-74.586259,40.570531],[-74.553987,40.567991],[-74.557548,40.572525],[-74.539402,40.571423],[-74.536359,40.579274],[-74.524703,40.581839],[-74.52906,40.570657],[-74.523917,40.56967],[-74.51368,40.581146],[-74.50317310846883,40.585002554234414]],[[-74.50317310846883,40.585002554234414],[-74.5019732887904,40.585412788799346]],[[-74.5019732887904,40.585412788799346],[-74.50105766831587,40.5857258518152]],[[-74.50105766831587,40.5857258518152],[-74.50018157321955,40.58602540057001]],[[-74.50018157321955,40.58602540057001],[-74.49929901590579,40.58632715884431]],[[-74.49929901590579,40.58632715884431],[-74.47779225176293,40.59368061219222]],[[-74.47779225176293,40.59368061219222],[-74.473858,40.597008],[-74.46068261162276,40.599834924713086]],[[-74.46068261162276,40.599834924713086],[-74.45959728364173,40.60045835306735]],[[-74.45959728364173,40.60045835306735],[-74.457376,40.602302],[-74.464951,40.611271],[-74.441682,40.629378],[-74.41653384479905,40.640684813536154]],[[-74.41653384479905,40.640684813536154],[-74.40456269802698,40.66694885187851],[-74.4512235199352,40.65406295651956],[-74.46199140191402,40.67382132940329]],[[-74.46199140191402,40.67382132940329],[-74.52300939979399,40.648908598375975],[-74.51242155670184,40.698126361465825]],[[-74.51242155670184,40.698126361465825],[-74.51435910884891,40.70083146880698]],[[-74.51435910884891,40.70083146880698],[-74.51543548243923,40.702334244412484]],[[-74.51543548243923,40.702334244412484],[-74.526809,40.710933],[-74.52410752507674,40.714441689487984]],[[-74.52410752507674,40.714441689487984],[-74.52509611831698,40.71582191083358]],[[-74.52509611831698,40.71582191083358],[-74.531228,40.719683],[-74.53067389151309,40.72360930135254]],[[-74.53067389151309,40.72360930135254],[-74.53610198825305,40.73118772155763]],[[-74.53610198825305,40.73118772155763],[-74.547676,40.736987],[-74.5495930537736,40.75002323028695]],[[-74.5495930537736,40.75002323028695],[-74.55531304573046,40.75800917908178],[-74.72400986339863,40.71935149300492]],[[-74.50317310846883,40.585002554234414],[-74.5019732887904,40.585412788799346]],[[-74.50105766831587,40.5857258518152],[-74.50018157321955,40.58602540057001]],[[-74.49929901590579,40.58632715884431],[-74.483218,40.589433],[-74.47779225176293,40.59368061219222]],[[-74.30658971185922,40.60838157551576],[-74.395311,40.603072949189134]],[[-74.395311,40.603072949189134],[-74.39472,40.600989]],[[-74.28394226067037,40.59313020572694],[-74.2897052902529,40.59221065879658],[-74.30296178514166,40.60728146993512]],[[-74.24034646115058,40.60008633584064],[-74.2439994517809,40.599503465967665]],[[-74.21541871032707,40.604063798809094],[-74.23423433975151,40.60106158373588]],[[-74.21419090175596,40.604093109712814],[-74.215027270591,40.604126256792796]],[[-74.20371053990569,40.59322353168996],[-74.21230854598983,40.60214084764791]],[[-74.37157485537061,40.739628818471004],[-74.34295011547444,40.725399756525434]],[[-74.34295011547444,40.725399756525434],[-74.358939,40.735975],[-74.37157485537061,40.739628818471004]],[[-74.34003920162633,40.723952771378556],[-74.3255982301823,40.71677431393313],[-74.31433565100228,40.71824463009681]],[[-74.31433565100228,40.71824463009681],[-74.325596,40.717075],[-74.34003920162633,40.723952771378556]],[[-74.94173835455142,40.34143813448017],[-74.932277,40.339427],[-74.86038344556498,40.346305994502224]],[[-74.8568677044927,40.346635827329315],[-74.86961577086508,40.37762204513569]],[[-74.82952967604923,40.382166658769236],[-74.802016,40.384972],[-74.80847,40.416664],[-74.76644422190533,40.42188540712429]],[[-74.77067068530685,40.910921804008034],[-74.73118845138451,40.9212305202952],[-74.70965268742687,40.898894968339675],[-74.65222398353983,40.9212305202952],[-74.64145610156102,40.964183504825044],[-74.63256016981299,40.97193578550989]],[[-74.63256016981299,40.97193578550989],[-74.632378,40.973717],[-74.606344,40.998371],[-74.566974,41.031624],[-74.535862,41.058513]],[[-74.872101,41.201251],[-74.88193879908799,41.18066654685546],[-74.92142103301033,41.13857262201621],[-74.99102812575575,41.093591367005594],[-74.97541269485465,41.094008623818226],[-74.969434,41.096074],[-74.96677631106694,41.09354479258321]],[[-74.41653384479905,40.640684813536154],[-74.40853,40.644346],[-74.382725,40.629467],[-74.38926,40.623511],[-74.397107,40.608099],[-74.395311,40.603072949189134]],[[-74.20356223442234,40.59315936104812],[-74.20356223442234,40.63086834487344],[-74.200668,40.6329]],[[-74.200668,40.6329],[-74.216199,40.643709]],[[-74.216199,40.643709],[-74.228566,40.64293],[-74.231794,40.639063],[-74.239463,40.641245],[-74.246265,40.635135],[-74.255932,40.638294],[-74.265879,40.626792],[-74.271735,40.628339],[-74.274813,40.625479],[-74.285347,40.63471],[-74.287873,40.639636],[-74.296661,40.638209],[-74.304867,40.63349],[-74.327962,40.647259],[-74.333962,40.649171],[-74.328874,40.65713],[-74.322478,40.676849],[-74.310403,40.678476],[-74.311758,40.69007],[-74.306669,40.69318],[-74.306978,40.698821],[-74.311092,40.701121],[-74.301093,40.704561],[-74.297212,40.715189]],[[-74.297212,40.715189],[-74.303523,40.713188],[-74.31433565100228,40.71824463009681]],[[-74.34003920162633,40.723952771378556],[-74.34295011547444,40.725399756525434]],[[-74.37157485537061,40.739628818471004],[-74.371127,40.73458],[-74.379187,40.73418],[-74.377469,40.730044],[-74.384387,40.724414],[-74.391045,40.724518],[-74.39074,40.718522],[-74.40189028469484,40.71812580197486]],[[-74.40189028469484,40.71812580197486],[-74.40284989513286,40.71741841022745]],[[-74.40284989513286,40.71741841022745],[-74.408968,40.709808],[-74.412632351196,40.710207120714294]],[[-74.412632351196,40.710207120714294],[-74.41321436034197,40.70977808362751]],[[-74.41321436034197,40.70977808362751],[-74.41575,40.705566],[-74.4222335752332,40.70312942920553]],[[-74.4222335752332,40.70312942920553],[-74.42989718119345,40.697480082974124]],[[-74.42989718119345,40.697480082974124],[-74.430515,40.693656],[-74.43696208201362,40.692272081541034]],[[-74.43696208201362,40.692272081541034],[-74.43795305213354,40.69154157251676]],[[-74.43795305213354,40.69154157251676],[-74.44046420705297,40.689690435642795]],[[-74.44046420705297,40.689690435642795],[-74.46199140191402,40.67382132940329]],[[-74.46068261162276,40.599834924713086],[-74.45959728364173,40.60045835306735]],[[-74.5495930537736,40.75002323028695],[-74.538175,40.81111],[-74.547809,40.80822],[-74.542589,40.801749],[-74.550144,40.800223],[-74.55067,40.796978],[-74.568284,40.794402],[-74.57736,40.804873],[-74.56638,40.805706],[-74.571735,40.810215],[-74.571585,40.81562],[-74.630647,40.80471],[-74.623797,40.818486],[-74.63066,40.824809],[-74.628039,40.830333],[-74.644866,40.835814],[-74.64485,40.839763],[-74.634134,40.850547],[-74.631404,40.85774],[-74.623603,40.86588],[-74.607394,40.862414],[-74.602228,40.862596],[-74.591791,40.873491],[-74.584259,40.871979],[-74.579069,40.877597],[-74.577823,40.886016],[-74.568816,40.892068],[-74.569124,40.898265],[-74.566012,40.908173],[-74.581035,40.915229],[-74.594861,40.90241],[-74.59798,40.904663],[-74.605949,40.9177],[-74.624227,40.942681],[-74.63644,40.942638],[-74.634878,40.949658],[-74.64156,40.962199],[-74.63256016981299,40.97193578550989]],[[-74.53067389151309,40.72360930135254],[-74.530893,40.729854],[-74.53610198825305,40.73118772155763]],[[-74.52410752507674,40.714441689487984],[-74.52509611831698,40.71582191083358]],[[-74.44046420705297,40.689690435642795],[-74.443762,40.688038],[-74.449449,40.717392],[-74.479871,40.70755],[-74.51242155670184,40.698126361465825]],[[-74.51435910884891,40.70083146880698],[-74.51543548243923,40.702334244412484]],[[-74.43696208201362,40.692272081541034],[-74.43795305213354,40.69154157251676]],[[-74.4222335752332,40.70312942920553],[-74.42989718119345,40.697480082974124]],[[-74.412632351196,40.710207120714294],[-74.41321436034197,40.70977808362751]],[[-74.40189028469484,40.71812580197486],[-74.40284989513286,40.71741841022745]],[[-74.04449086079684,40.80751738567787],[-74.04440983029819,40.8075637621463]],[[-74.04440983029819,40.8075637621463],[-74.04449086079684,40.80751738567787]],[[-74.01894152212438,40.822140127958164],[-74.0114087495887,40.819194758497595]],[[-74.0114087495887,40.819194758497595],[-74.01377,40.823059],[-74.01894152212438,40.822140127958164]],[[-73.99396610158027,40.8062067594568],[-73.99319042085486,40.80562917854633]],[[-73.99319042085486,40.80562917854633],[-73.99396610158027,40.8062067594568]],[[-74.20937672494713,40.690707134421054],[-74.20915182386199,40.69065843316455]],[[-74.20915182386199,40.69065843316455],[-74.20937672494713,40.690707134421054]],[[-74.19306728811546,40.68717540372238],[-74.13633207884878,40.67488966496078]],[[-74.13633207884878,40.67488966496078],[-74.153861,40.685917],[-74.16505,40.690161],[-74.169272,40.688617],[-74.19306728811546,40.68717540372238]],[[-74.16584957808938,40.750966937372276],[-74.16401495819086,40.75426016440833]],[[-74.16401495819086,40.75426016440833],[-74.164037,40.754273]],[[-74.164037,40.754273],[-74.163388,40.759401],[-74.152656,40.774797]],[[-74.152656,40.774797],[-74.15247056228728,40.7749828856299]],[[-74.15247056228728,40.7749828856299],[-74.14964421994642,40.78005630002902]],[[-74.14964421994642,40.78005630002902],[-74.150032,40.780151]],[[-74.150032,40.780151],[-74.171658,40.788235],[-74.180611,40.777877],[-74.186848,40.774571],[-74.189759,40.768634]],[[-74.189759,40.768634],[-74.186567,40.753782],[-74.1852,40.758626],[-74.175748,40.753108],[-74.16584957808938,40.750966937372276]],[[-74.11538924141726,40.71142671035256],[-74.12100847258472,40.74168704496044],[-74.1660691482746,40.74749424379947]],[[-74.1660691482746,40.74749424379947],[-74.161958,40.736007],[-74.16585,40.735976],[-74.169654,40.729637],[-74.174471,40.731482],[-74.176761,40.727569],[-74.165666,40.722515],[-74.1589,40.722137],[-74.161636,40.717016],[-74.151699,40.720032],[-74.149624,40.72525],[-74.143196,40.722096],[-74.138671,40.727148],[-74.120987,40.722901],[-74.120287,40.715901],[-74.11538924141726,40.71142671035256]],[[-74.13619549568382,40.67486008852834],[-74.13536564855649,40.674680389093886]],[[-74.13536564855649,40.674680389093886],[-74.12213772896662,40.692093186409615]],[[-74.12213772896662,40.692093186409615],[-74.13619549568382,40.67486008852834]],[[-74.11538924141726,40.71142671035256],[-74.103772,40.718722],[-74.0947,40.73447],[-74.089286,40.738401],[-74.081205,40.73449],[-74.077826,40.737527],[-74.07154,40.737083],[-74.068815,40.731575],[-74.061257,40.730423],[-74.05802,40.733275],[-74.053966,40.727419],[-74.055499,40.716538],[-74.071815,40.704874],[-74.09449,40.686725],[-74.101914,40.690958],[-74.102851,40.695424],[-74.114559,40.701072],[-74.12213772896662,40.692093186409615]],[[-74.13536564855649,40.674680389093886],[-74.16049070650706,40.644613299922995]],[[-74.16049070650706,40.644613299922995],[-74.07075835668357,40.66093543404433],[-74.06556006883172,40.66697847462647],[-74.05999047470475,40.67897568754687],[-74.05457039988319,40.679754030219556],[-74.0449846475429,40.690712705554695],[-74.02516339714393,40.7081073993258],[-74.023637,40.718069],[-74.014029,40.757551],[-74.00974035880358,40.76488165660656],[-73.98552597424982,40.797998558057955]],[[-73.98552597424982,40.797998558057955],[-73.99331,40.801286],[-73.99319042085486,40.80562917854633]],[[-73.99396610158027,40.8062067594568],[-74.012352,40.815977],[-74.0114087495887,40.819194758497595]],[[-74.01894152212438,40.822140127958164],[-74.020414,40.818644],[-74.028162,40.815649],[-74.036539,40.807848],[-74.04440983029819,40.8075637621463]],[[-74.04449086079684,40.80751738567787],[-74.033678,40.803264],[-74.041243,40.795634],[-74.033649,40.792387],[-74.042344,40.780062],[-74.053906,40.780949],[-74.056289,40.769808],[-74.06002,40.762542],[-74.06493,40.763755],[-74.074799,40.758149],[-74.078686,40.750601],[-74.090644,40.748802],[-74.09545,40.753371],[-74.090787,40.761984],[-74.095836,40.76286],[-74.100884,40.775946],[-74.10923,40.777825],[-74.116183,40.773415],[-74.12719,40.771342],[-74.130359,40.777564],[-74.137482,40.767984],[-74.132966,40.765558],[-74.138566,40.758454],[-74.143447,40.760814],[-74.145549,40.751885],[-74.154174,40.754249],[-74.163539,40.753983]],[[-74.163539,40.753983],[-74.16401495819086,40.75426016440833]],[[-74.16584957808938,40.750966937372276],[-74.1660691482746,40.74749424379947]],[[-74.040747,40.700167],[-74.040747,40.700167]],[[-74.15247056228728,40.7749828856299],[-74.152242,40.775212]],[[-74.152242,40.775212],[-74.148342,40.779885]],[[-74.148342,40.779885],[-74.149082,40.779919]],[[-74.149082,40.779919],[-74.14964421994642,40.78005630002902]],[[-74.200668,40.6329],[-74.19143,40.642025],[-74.18165,40.646528],[-74.16049070650706,40.644613299922995]],[[-74.13619549568382,40.67486008852834],[-74.13633207884878,40.67488966496078]],[[-74.19306728811546,40.68717540372238],[-74.201547,40.686672],[-74.20915182386199,40.69065843316455]],[[-74.20937672494713,40.690707134421054],[-74.214703,40.686611],[-74.2224,40.675125],[-74.231023,40.671674],[-74.236686,40.676023],[-74.238375,40.673047],[-74.246327,40.673215],[-74.254223,40.670165],[-74.216199,40.643709]],[[-74.24865366609939,41.063494782371485],[-74.25628567448803,41.049418903449634]],[[-74.27151465568826,41.02133176248203],[-74.25022305633055,40.99167341492414],[-74.14254423654236,40.96676068389683],[-74.14181563452846,40.96309863641359]],[[-74.14613353053531,40.78635814887148],[-74.09947270862709,40.77604943258432],[-74.04449086079684,40.80751738567787]],[[-74.04440983029819,40.8075637621463],[-74.01894152212438,40.822140127958164]],[[-74.0114087495887,40.819194758497595],[-73.99396610158027,40.8062067594568]],[[-73.99319042085486,40.80562917854633],[-73.98461530085301,40.799244044230434]],[[-73.98461530085301,40.799244044230434],[-73.95490033462048,40.84801179743942]],[[-74.13381676801995,40.92289530399502],[-74.12100847258472,40.85851916288162],[-74.1314972781568,40.82086338675738]],[[-74.1314972781568,40.82086338675738],[-74.1319205663799,40.81952494991499]],[[-74.1319205663799,40.81952494991499],[-74.13918168418807,40.802580697677115]],[[-74.13918168418807,40.802580697677115],[-74.138085,40.798846],[-74.14401864921948,40.79129335078052]],[[-74.14401864921948,40.79129335078052],[-74.14613353053531,40.78635814887148]],[[-74.164037,40.754273],[-74.16401495819085,40.75426016440833]],[[-74.16401495819085,40.75426016440833],[-74.15247056228726,40.77498288562992]],[[-74.15247056228726,40.77498288562992],[-74.152656,40.774797]],[[-74.148539,40.782428],[-74.14851560830921,40.782082209788236]],[[-74.14851560830921,40.782082209788236],[-74.14613353053531,40.78635814887148]],[[-74.14401864921948,40.79129335078052],[-74.148539,40.782428]],[[-74.1319205663799,40.81952494991499],[-74.137005,40.817337],[-74.13918168418807,40.802580697677115]],[[-74.16401495819085,40.75426016440833],[-74.163539,40.753983]],[[-74.14851560830921,40.782082209788236],[-74.14847,40.781408]],[[-74.14847,40.781408],[-74.148342,40.779885]],[[-74.152242,40.775212],[-74.15247056228726,40.77498288562992]],[[-73.98552597424982,40.797998558057955],[-73.98461530085301,40.799244044230434]],[[-74.28338935983503,40.97896079986253],[-74.29518940209255,40.9930818786467]],[[-74.29518940209255,40.9930818786467],[-74.292833,40.987955],[-74.297513,40.983484],[-74.297175,40.979443],[-74.28338935983503,40.97896079986253]],[[-74.27853187373893,40.96931397285775],[-74.27872730823825,40.97139546871389]],[[-74.27872730823825,40.97139546871389],[-74.27853187373893,40.96931397285775]],[[-74.2819326454112,40.97721755363545],[-74.28098017626162,40.97607773636978]],[[-74.28098017626162,40.97607773636978],[-74.2819326454112,40.97721755363545]],[[-74.300029,41.003115],[-74.29518940209255,40.9930818786467]],[[-74.28338935983503,40.97896079986253],[-74.2819326454112,40.97721755363545]],[[-74.28098017626162,40.97607773636978],[-74.27872730823825,40.97139546871389]],[[-74.27853187373893,40.96931397285775],[-74.271515,40.969743],[-74.274014,40.975792],[-74.270005,40.976297],[-74.260459,40.969645],[-74.255991,40.963831],[-74.247569,40.961333],[-74.224727,40.958081],[-74.211974,40.953182],[-74.208992,40.950233],[-74.201675,40.95004],[-74.196883,40.955162],[-74.195802,40.935509],[-74.203678,40.92495],[-74.198613,40.924874],[-74.206136,40.916953],[-74.195767,40.907665],[-74.174122,40.901346],[-74.179267,40.888014],[-74.186307,40.876811],[-74.193924,40.868335],[-74.197889,40.857209],[-74.1314972781568,40.82086338675738]],[[-74.25387050071208,40.71463980918472],[-74.22150870438705,40.707324657336564],[-74.20937672494713,40.690707134421054]],[[-74.20915182386199,40.69065843316455],[-74.19306728811546,40.68717540372238]],[[-74.13633207884878,40.67488966496078],[-74.13619549568382,40.67486008852834]],[[-74.12213772896662,40.692093186409615],[-74.11382988459884,40.70302935888358],[-74.11538924141726,40.71142671035256]],[[-74.1660691482746,40.74749424379947],[-74.16584957808938,40.750966937372276]],[[-74.189759,40.768634],[-74.201516,40.78179],[-74.218528,40.788213],[-74.205674,40.80992],[-74.210665,40.81804],[-74.215752,40.813639],[-74.215407,40.804716],[-74.226126,40.799315],[-74.228093,40.795793],[-74.237729,40.803527],[-74.228981,40.82049],[-74.228791,40.825658],[-74.220241,40.834107],[-74.227067,40.836192],[-74.22738,40.833321],[-74.236759,40.835955],[-74.233137,40.843854],[-74.251602,40.849623],[-74.259805,40.834876],[-74.267797,40.842334],[-74.280181,40.848193],[-74.285213,40.847027],[-74.290622,40.841783],[-74.293516,40.833972],[-74.300225,40.832486],[-74.291455,40.823884],[-74.276426,40.814568],[-74.298092,40.7723],[-74.304721,40.757876],[-74.290214,40.757477],[-74.267829,40.762303],[-74.234671,40.750556],[-74.240608,40.74056],[-74.243914,40.741738],[-74.251361,40.737534],[-74.243127,40.732005],[-74.249596,40.723631],[-74.25387050071208,40.71463980918472]],[[-74.28814651216229,40.721663590668264],[-74.28680284837023,40.721839004359964]],[[-74.28680284837023,40.721839004359964],[-74.28814651216229,40.721663590668264]],[[-74.28608028761798,40.72192060039442],[-74.28085422719727,40.72073928693576]],[[-74.28085422719727,40.72073928693576],[-74.28608028761798,40.72192060039442]],[[-74.25387050071208,40.71463980918472],[-74.256022,40.713418],[-74.28085422719727,40.72073928693576]],[[-74.28608028761798,40.72192060039442],[-74.28680284837023,40.721839004359964]],[[-74.28814651216229,40.721663590668264],[-74.292579,40.720903],[-74.297212,40.715189]],[[-74.53610198825305,40.73118772155763],[-74.5495930537736,40.75002323028695]],[[-74.52509611831698,40.71582191083358],[-74.53067389151309,40.72360930135254]],[[-74.51543548243923,40.702334244412484],[-74.52410752507674,40.714441689487984]],[[-74.51242155670184,40.698126361465825],[-74.51435910884891,40.70083146880698]],[[-74.13918168418807,40.802580697677115],[-74.14401864921948,40.79129335078052]],[[-74.1314972781568,40.82086338675738],[-74.13177635456354,40.81986147680476]],[[-74.13177635456354,40.81986147680476],[-74.1319205663799,40.81952494991499]],[[-74.37225905209051,40.73996892557925],[-74.37157485537061,40.739628818471004]],[[-74.34295011547444,40.725399756525434],[-74.34003920162633,40.723952771378556]],[[-74.31433565100228,40.71824463009681],[-74.28814651216229,40.721663590668264]],[[-74.28680284837023,40.721839004359964],[-74.28608028761798,40.72192060039442]],[[-74.28085422719727,40.72073928693576],[-74.25387050071208,40.71463980918472]],[[-74.150032,40.780151],[-74.14964421994641,40.78005630002902]],[[-74.14964421994641,40.78005630002902],[-74.14851560830921,40.78208220978823]],[[-74.14851560830921,40.78208220978823],[-74.148539,40.782428]],[[-74.13177635456354,40.81986147680476],[-74.2717588202882,40.89717684895848]],[[-74.2717588202882,40.89717684895848],[-74.3255982301823,40.90834462493624],[-74.33636611216112,40.813848058970585],[-74.36866975809758,40.79323062639626],[-74.37225905209051,40.73996892557925]],[[-74.14964421994641,40.78005630002902],[-74.149082,40.779919]],[[-74.14847,40.781408],[-74.14851560830921,40.78208220978823]],[[-74.63256016981299,40.97193578550989],[-74.50171973958545,41.08595551596419]],[[-74.43795305213354,40.69154157251676],[-74.44046420705297,40.689690435642795]],[[-74.42989718119345,40.697480082974124],[-74.43696208201362,40.692272081541034]],[[-74.41321436034197,40.70977808362751],[-74.4222335752332,40.70312942920553]],[[-74.40284989513286,40.71741841022745],[-74.412632351196,40.710207120714294]],[[-74.37225905209051,40.73996892557925],[-74.40189028469484,40.71812580197486]],[[-74.2717588202882,40.89717684895848],[-74.27853187373893,40.96931397285775]],[[-74.27872730823825,40.97139546871389],[-74.28098017626162,40.97607773636978]],[[-74.2819326454112,40.97721755363545],[-74.28338935983503,40.97896079986253]],[[-74.29518940209255,40.9930818786467],[-74.30123048618061,40.999513705207036]],[[-74.31434167150375,41.00139651962612],[-74.31807978018415,41.001933325776754]],[[-74.33503092146607,41.00436757199011],[-74.34470830357856,41.00575727964287]],[[-74.3513933667925,41.006717279299764],[-74.38637100713454,41.011740197057264]],[[-74.38798867374709,41.0119724999306],[-74.39658049904139,41.01696355964318]],[[-74.40546755097057,41.023477565194916],[-74.40642626911355,41.0241802836392]],[[-74.44188279172397,41.05016910276282],[-74.44487956475108,41.05236566876598]],[[-74.44610355038877,41.05326282220929],[-74.4475477773446,41.0543214074953]],[[-74.44832250743129,41.054231021611656],[-74.45007123101486,41.05384038562195]],[[-74.45833857952977,41.05199359639827],[-74.46221850573215,41.05112688491437]],[[-74.50147363583636,41.042541002676685],[-74.50147363583636,41.08600348351302]],[[-74.942909,40.341683],[-74.94272921572441,40.34137884643534]],[[-74.94272921572441,40.34137884643534],[-74.94173835455142,40.34143813448017]],[[-74.86961577086508,40.37762204513569],[-74.82952967604923,40.382166658769236]],[[-74.86038344556498,40.346305994502224],[-74.8568677044927,40.346635827329315]],[[-74.76644422190533,40.42188540712429],[-74.74913492134921,40.42383495943959]],[[-74.74913492134921,40.42383495943959],[-74.74923661092811,40.424020973811466]],[[-74.74913492134921,40.42383495943959],[-74.72042056940569,40.374868557075565],[-74.65222398353983,40.391190691196904],[-74.61992033760338,40.37400949738497]],[[-74.61992033760338,40.37400949738497],[-74.58402739767398,40.417821541605406],[-74.53018798777988,40.441016153251525],[-74.48782444019632,40.47346181295067]],[[-74.4716785347484,40.485827740347666],[-74.45899745486642,40.495540005394794]],[[-74.45939069197094,40.49691749612707],[-74.459878307855,40.49737203420611]],[[-74.46021571987956,40.49768655762197],[-74.46353803795198,40.50078350364844]],[[-74.4673176010077,40.50430667708701],[-74.47399580590638,40.51053186073113]],[[-74.51698504361218,40.55060488986081],[-74.52659869378694,40.5595663905539],[-74.51224151781517,40.58190194250942],[-74.50317310846883,40.585002554234414]],[[-74.5019732887904,40.585412788799346],[-74.50105766831587,40.5857258518152]],[[-74.50018157321955,40.58602540057001],[-74.49929901590579,40.58632715884431]],[[-74.47779225176293,40.59368061219222],[-74.46199140191402,40.599083136321354]],[[-74.46199140191402,40.599083136321354],[-74.46068261162276,40.599834924713086]],[[-74.45959728364173,40.60045835306735],[-74.42609846198462,40.61970056889568],[-74.41653384479905,40.640684813536154]],[[-74.52253379947308,40.287862323849716],[-74.52009789426567,40.28696538809581]],[[-74.51139815766832,40.28376201844909],[-74.50988743338895,40.28320574777963]],[[-74.50962787706167,40.283110175361884],[-74.50109384912273,40.279967822055205]],[[-74.48352716587166,40.26369005769356],[-74.48352716587166,40.2537411407014]],[[-74.48352716587166,40.2537411407014],[-74.39379481604816,40.279512931419305],[-74.39315838973492,40.2802468461775]],[[-74.35825215017451,40.32050005983886],[-74.35431258212581,40.325043095020945],[-74.26047974390514,40.39690837805721]],[[-74.61992033760338,40.37400949738497],[-74.62350963159632,40.325043095020945],[-74.53374272394737,40.29198961299595]],[[-74.395311,40.603072949189134],[-74.46199140191402,40.599083136321354]],[[-74.94272921572441,40.34137884643534],[-74.90080855688898,40.315425333809586],[-74.887109,40.310307],[-74.86758162311622,40.29497600585005],[-74.860492,40.284584],[-74.842308,40.250508],[-74.81521193270571,40.23693743484551],[-74.795306,40.229408],[-74.77067068530685,40.21508345462454],[-74.74875678460374,40.184824640075334]],[[-74.48425929926044,40.2532979158975],[-74.48352716587166,40.2537411407014]]]}