{"type":"Topology","bbox":[-91.51472716237161,36.97041500324003,-87.4947178902789,42.508772828518275],"objects":{"counties":{"type":"GeometryCollection","geometries":[{"type":"Polygon","arcs":[[0,1,2,3,4,5]],"id":"17053","properties":{"name":"Ford"}},{"type":"Polygon","arcs":[[6,7,8,9,10,11]],"id":"17165","properties":{"name":"Saline"}},{"type":"Polygon","arcs":[[12,13,14,15,-8,16]],"id":"17065","properties":{"name":"Hamilton"}},{"type":"Polygon","arcs":[[17,18,19,20]],"id":"17201","properties":{"name":"Winnebago"}},{"type":"Polygon","arcs":[[21,22,23,24,25,26,27]],"id":"17037","properties":{"name":"DeKalb"}},{"type":"Polygon","arcs":[[28,29,30,31,32,33]],"id":"17123","properties":{"name":"Marshall"}},{"type":"Polygon","arcs":[[34,35,36,37,38,39]],"id":"17147","properties":{"name":"Piatt"}},{"type":"Polygon","arcs":[[40,41,42,43,44,45,46]],"id":"17159","properties":{"name":"Richland"}},{"type":"Polygon","arcs":[[47,48,49,50,51,52,53]],"id":"17107","properties":{"name":"Logan"}},{"type":"Polygon","arcs":[[54,55,56,57,58,59,60]],"id":"17051","properties":{"name":"Fayette"}},{"type":"Polygon","arcs":[[61,62,63,64,-57]],"id":"17049","properties":{"name":"Effingham"}},{"type":"Polygon","arcs":[[65,66,67,68,-25]],"id":"17093","properties":{"name":"Kendall"}},{"type":"Polygon","arcs":[[69,70,71,72,73,74]],"id":"17095","properties":{"name":"Knox"}},{"type":"Polygon","arcs":[[-26,-69,75,76,77,-31,78,79,80]],"id":"17099","properties":{"name":"LaSalle"}},{"type":"Polygon","arcs":[[81,82,83,-48,84,85]],"id":"17179","properties":{"name":"Tazewell"}},{"type":"Polygon","arcs":[[86,87,88,89]],"id":"17021","properties":{"name":"Christian"}},{"type":"Polygon","arcs":[[90,91,92]],"id":"17171","properties":{"name":"Scott"}},{"type":"Polygon","arcs":[[-68,93,94,95,-76]],"id":"17063","properties":{"name":"Grundy"}},{"type":"Polygon","arcs":[[96,97,98,-13,99,100]],"id":"17081","properties":{"name":"Jefferson"}},{"type":"Polygon","arcs":[[-79,-30,101]],"id":"17155","properties":{"name":"Putnam"}},{"type":"Polygon","arcs":[[102,-59,103,104,-98,105]],"id":"17121","properties":{"name":"Marion"}},{"type":"Polygon","arcs":[[106,107,108,109,-71,110]],"id":"17073","properties":{"name":"Henry"}},{"type":"Polygon","arcs":[[111,112,113,114,115,116]],"id":"17117","properties":{"name":"Macoupin"}},{"type":"Polygon","arcs":[[117,-35,118,-50]],"id":"17039","properties":{"name":"De Witt"}},{"type":"Polygon","arcs":[[119,120,121,122,123]],"id":"17109","properties":{"name":"McDonough"}},{"type":"Polygon","arcs":[[-105,124,-46,125,126,-14,-99]],"id":"17191","properties":{"name":"Wayne"}},{"type":"Polygon","arcs":[[127,128,129,130,131,132]],"id":"17163","properties":{"name":"St. Clair"}},{"type":"Polygon","arcs":[[-64,133,134,135,-41,136]],"id":"17079","properties":{"name":"Jasper"}},{"type":"Polygon","arcs":[[137,138,139,-134,-63]],"id":"17035","properties":{"name":"Cumberland"}},{"type":"Polygon","arcs":[[140,-61,141,142]],"id":"17005","properties":{"name":"Bond"}},{"type":"Polygon","arcs":[[143,144,145,146,147]],"id":"17045","properties":{"name":"Edgar"}},{"type":"Polygon","arcs":[[148,-20,-28,149,150,151]],"id":"17141","properties":{"name":"Ogle"}},{"type":"Polygon","arcs":[[152,153,154]],"id":"17085","properties":{"name":"Jo Daviess"}},{"type":"Polygon","arcs":[[-122,155,-74,156,-86,157,158]],"id":"17057","properties":{"name":"Fulton"}},{"type":"Polygon","arcs":[[159,160,-80,-102,-29,161,-109]],"id":"17011","properties":{"name":"Bureau"}},{"type":"Polygon","arcs":[[162,-21,-149,163,-153]],"id":"17177","properties":{"name":"Stephenson"}},{"type":"Polygon","arcs":[[164,165,166,-93,167,168,169]],"id":"17149","properties":{"name":"Pike"}},{"type":"Polygon","arcs":[[-158,-85,-54,170,171,172]],"id":"17125","properties":{"name":"Mason"}},{"type":"Polygon","arcs":[[173,174,175,-43]],"id":"17101","properties":{"name":"Lawrence"}},{"type":"Polygon","arcs":[[176,177,178,179,-23,180]],"id":"17111","properties":{"name":"McHenry"}},{"type":"Polygon","arcs":[[-180,181,182,-66,-24]],"id":"17089","properties":{"name":"Kane"}},{"type":"Polygon","arcs":[[-38,183,-148,184,185]],"id":"17041","properties":{"name":"Douglas"}},{"type":"Polygon","arcs":[[-116,186,187,188,189]],"id":"17083","properties":{"name":"Jersey"}},{"type":"Polygon","arcs":[[190,-172,191,192,193,194]],"id":"17017","properties":{"name":"Cass"}},{"type":"Polygon","arcs":[[195,196,197,198]],"id":"17127","properties":{"name":"Massac"}},{"type":"Polygon","arcs":[[199,-194,200,-112,201,-91,-167]],"id":"17137","properties":{"name":"Morgan"}},{"type":"Polygon","arcs":[[202,-111,-70,203,204,205]],"id":"17131","properties":{"name":"Mercer"}},{"type":"Polygon","arcs":[[206,-123,-159,-173,-191,207,208]],"id":"17169","properties":{"name":"Schuyler"}},{"type":"Polygon","arcs":[[-44,-176,209,210,211]],"id":"17185","properties":{"name":"Wabash"}},{"type":"Polygon","arcs":[[-100,-17,-7,212,213,214]],"id":"17055","properties":{"name":"Franklin"}},{"type":"Polygon","arcs":[[-16,215,216,217,-9]],"id":"17059","properties":{"name":"Gallatin"}},{"type":"Polygon","arcs":[[-168,-92,-202,-117,-190,218]],"id":"17061","properties":{"name":"Greene"}},{"type":"Polygon","arcs":[[-45,-212,219,-126]],"id":"17047","properties":{"name":"Edwards"}},{"type":"Polygon","arcs":[[-204,-75,-156,-121,220]],"id":"17187","properties":{"name":"Warren"}},{"type":"Polygon","arcs":[[-208,-195,-200,-166,221]],"id":"17009","properties":{"name":"Brown"}},{"type":"Polygon","arcs":[[222,-89,223,-55,-141,224,-114]],"id":"17135","properties":{"name":"Montgomery"}},{"type":"Polygon","arcs":[[-115,-225,-143,225,-128,226,-187]],"id":"17119","properties":{"name":"Madison"}},{"type":"Polygon","arcs":[[227,228,229,230,231,232]],"id":"17181","properties":{"name":"Union"}},{"type":"Polygon","arcs":[[-11,233,234,-197,235]],"id":"17151","properties":{"name":"Pope"}},{"type":"Polygon","arcs":[[-146,236,237,-135,-140,238]],"id":"17023","properties":{"name":"Clark"}},{"type":"Polygon","arcs":[[-150,-27,-81,-161,239]],"id":"17103","properties":{"name":"Lee"}},{"type":"Polygon","arcs":[[-88,240,241,242,-138,-62,-56,-224]],"id":"17173","properties":{"name":"Shelby"}},{"type":"Polygon","arcs":[[-179,243,244,245,246,-182]],"id":"17031","properties":{"name":"Cook"}},{"type":"Polygon","arcs":[[-95,247,248,249,-2,250]],"id":"17091","properties":{"name":"Kankakee"}},{"type":"Polygon","arcs":[[-231,251,-199,252,253]],"id":"17153","properties":{"name":"Pulaski"}},{"type":"Polygon","arcs":[[-58,-65,-137,-47,-125,-104]],"id":"17025","properties":{"name":"Clay"}},{"type":"Polygon","arcs":[[-4,254,255,-144,256]],"id":"17183","properties":{"name":"Vermilion"}},{"type":"Polygon","arcs":[[-171,-53,257,-192]],"id":"17129","properties":{"name":"Menard"}},{"type":"Polygon","arcs":[[-132,258,259]],"id":"17133","properties":{"name":"Monroe"}},{"type":"Polygon","arcs":[[260,261,-107,-203]],"id":"17161","properties":{"name":"Rock Island"}},{"type":"Polygon","arcs":[[-213,-12,262,-229,263]],"id":"17199","properties":{"name":"Williamson"}},{"type":"Polygon","arcs":[[-32,-78,264,265,-83,266]],"id":"17203","properties":{"name":"Woodford"}},{"type":"Polygon","arcs":[[-10,-218,267,-234]],"id":"17069","properties":{"name":"Hardin"}},{"type":"Polygon","arcs":[[268,-209,-222,-165,269]],"id":"17001","properties":{"name":"Adams"}},{"type":"Polygon","arcs":[[-250,270,-255,-3]],"id":"17075","properties":{"name":"Iroquois"}},{"type":"Polygon","arcs":[[-96,-251,-1,271,-265,-77]],"id":"17105","properties":{"name":"Livingston"}},{"type":"Polygon","arcs":[[-205,-221,-120,272,273]],"id":"17071","properties":{"name":"Henderson"}},{"type":"Polygon","arcs":[[274,-181,-22,-19]],"id":"17007","properties":{"name":"Boone"}},{"type":"Polygon","arcs":[[-232,-254,275]],"id":"17003","properties":{"name":"Alexander"}},{"type":"Polygon","arcs":[[-154,-164,-152,276,277]],"id":"17015","properties":{"name":"Carroll"}},{"type":"Polygon","arcs":[[278,-246,279,-248,-94,-67]],"id":"17197","properties":{"name":"Will"}},{"type":"Polygon","arcs":[[-110,-162,-34,280,-72]],"id":"17175","properties":{"name":"Stark"}},{"type":"Polygon","arcs":[[-259,-131,281,282,283,284]],"id":"17157","properties":{"name":"Randolph"}},{"type":"Polygon","arcs":[[285,-244,-178]],"id":"17097","properties":{"name":"Lake"}},{"type":"Polygon","arcs":[[-51,-119,-40,286,-241,-87,287]],"id":"17115","properties":{"name":"Macon"}},{"type":"Polygon","arcs":[[288,-106,-97,289,-282,-130]],"id":"17189","properties":{"name":"Washington"}},{"type":"Polygon","arcs":[[-238,290,-174,-42,-136]],"id":"17033","properties":{"name":"Crawford"}},{"type":"Polygon","arcs":[[-169,-219,-189,291]],"id":"17013","properties":{"name":"Calhoun"}},{"type":"Polygon","arcs":[[-266,-272,-6,292,-36,-118,-49,-84]],"id":"17113","properties":{"name":"McLean"}},{"type":"Polygon","arcs":[[-293,-5,-257,-184,-37]],"id":"17019","properties":{"name":"Champaign"}},{"type":"Polygon","arcs":[[-226,-142,-60,-103,-289,-129]],"id":"17027","properties":{"name":"Clinton"}},{"type":"Polygon","arcs":[[-273,-124,-207,-269,293]],"id":"17067","properties":{"name":"Hancock"}},{"type":"Polygon","arcs":[[294,-277,-151,-240,-160,-108,-262]],"id":"17195","properties":{"name":"Whiteside"}},{"type":"Polygon","arcs":[[-127,-220,-211,295,-216,-15]],"id":"17193","properties":{"name":"White"}},{"type":"Polygon","arcs":[[-258,-52,-288,-90,-223,-113,-201,-193]],"id":"17167","properties":{"name":"Sangamon"}},{"type":"Polygon","arcs":[[-39,-186,296,-242,-287]],"id":"17139","properties":{"name":"Moultrie"}},{"type":"Polygon","arcs":[[-230,-263,-236,-196,-252]],"id":"17087","properties":{"name":"Johnson"}},{"type":"Polygon","arcs":[[-73,-281,-33,-267,-82,-157]],"id":"17143","properties":{"name":"Peoria"}},{"type":"Polygon","arcs":[[297,-214,-264,-228,298,-284]],"id":"17077","properties":{"name":"Jackson"}},{"type":"Polygon","arcs":[[-185,-147,-239,-139,-243,-297]],"id":"17029","properties":{"name":"Coles"}},{"type":"Polygon","arcs":[[-290,-101,-215,-298,-283]],"id":"17145","properties":{"name":"Perry"}},{"type":"Polygon","arcs":[[-247,-279,-183]],"id":"17043","properties":{"name":"DuPage"}}]}},"arcs":[[[-88.46023797437974,40.61712338982389],[-88.23411245282452,40.617982449514486],[-88.24846962879629,40.994250593995936]],[[-88.24846962879629,40.994250593995936],[-88.1336122210222,40.99768683275832]],[[-88.1336122210222,40.99768683275832],[-88.11925504505045,40.48826443623435],[-87.9362010514105,40.48568725716257]],[[-87.9362010514105,40.48568725716257],[-87.93261175741758,40.39978128810287]],[[-87.93261175741758,40.39978128810287],[-88.46023797437974,40.398922228412275]],[[-88.46023797437974,40.398922228412275],[-88.46023797437974,40.61712338982389]],[[-88.7078992598926,37.86297802177021],[-88.7078992598926,37.906790065990656]],[[-88.7078992598926,37.906790065990656],[-88.37409491854918,37.90764912568125]],[[-88.37409491854918,37.90764912568125],[-88.37409491854918,37.599246696756964]],[[-88.37409491854918,37.599246696756964],[-88.41357715247152,37.60010575644756]],[[-88.41357715247152,37.60010575644756],[-88.7078992598926,37.599246696756964]],[[-88.7078992598926,37.599246696756964],[-88.7078992598926,37.86297802177021]],[[-88.70430996589965,38.12499122740227],[-88.70072067190671,38.2564273600636]],[[-88.70072067190671,38.2564273600636],[-88.37050562455624,38.255568300373]],[[-88.37050562455624,38.255568300373],[-88.37409491854918,37.90850818537185]],[[-88.37409491854918,37.90850818537185],[-88.37409491854918,37.90764912568125]],[[-88.7078992598926,37.906790065990656],[-88.70430996589965,38.12499122740227]],[[-89.40063300053001,42.50018223161231],[-89.3647400606006,42.50018223161231],[-88.9412033694337,42.49502787346873]],[[-88.9412033694337,42.49502787346873],[-88.9412033694337,42.15226305692056]],[[-88.9412033694337,42.15226305692056],[-89.17450747897479,42.150544937539365],[-89.17450747897479,42.20466569804697],[-89.39704370653706,42.20208851897518]],[[-89.39704370653706,42.20208851897518],[-89.40063300053001,42.50018223161231]],[[-88.9412033694337,42.15226305692056],[-88.70430996589965,42.153981176301755]],[[-88.70430996589965,42.153981176301755],[-88.58945255812557,42.153981176301755]],[[-88.58945255812557,42.153981176301755],[-88.58945255812557,42.06635708786087],[-88.6002204401044,42.06635708786087],[-88.6002204401044,41.71929697285972]],[[-88.6002204401044,41.71929697285972],[-88.60380973409734,41.63167288441884]],[[-88.60380973409734,41.63167288441884],[-88.93761407544075,41.62823664565645]],[[-88.93761407544075,41.62823664565645],[-88.9412033694337,41.8919679706697]],[[-88.9412033694337,41.8919679706697],[-88.93761407544075,42.06463896847968],[-88.9412033694337,42.15226305692056]],[[-89.63752640406403,41.148881338303376],[-89.46524029240292,41.148881338303376]],[[-89.46524029240292,41.148881338303376],[-89.3288471206712,41.14802227861278],[-89.35756147261472,41.10335117470174],[-89.16373959699597,41.10421023439234]],[[-89.16373959699597,41.10421023439234],[-89.04888218922189,41.10506929408293],[-89.04888218922189,40.92552581874818]],[[-89.04888218922189,40.92552581874818],[-89.14220383303832,40.92724393812937],[-89.4724188803888,40.9212305202952]],[[-89.4724188803888,40.9212305202952],[-89.44729382243823,40.97363316142161],[-89.63752640406403,40.97363316142161]],[[-89.63752640406403,40.97363316142161],[-89.63752640406403,41.148881338303376]],[[-88.743792199822,40.055298352173516],[-88.743792199822,40.09911039639396],[-88.68636349593496,40.09911039639396],[-88.68636349593496,40.1420633809238],[-88.57509538215382,40.2812310508005]],[[-88.57509538215382,40.2812310508005],[-88.46023797437974,40.2820901104911]],[[-88.46023797437974,40.2820901104911],[-88.46382726837268,40.22367405153051],[-88.46382726837268,39.87919111560115]],[[-88.46382726837268,39.87919111560115],[-88.46382726837268,39.79156702716026],[-88.4745951503515,39.79156702716026]],[[-88.4745951503515,39.79156702716026],[-88.74738149381493,39.79242608685086]],[[-88.74738149381493,39.79242608685086],[-88.743792199822,40.055298352173516]],[[-88.25923751077511,38.847460427194264],[-87.94696893338933,38.850037606266056]],[[-87.94696893338933,38.850037606266056],[-87.90748669946699,38.850037606266056]],[[-87.90748669946699,38.850037606266056],[-87.91107599345993,38.569984147131464]],[[-87.91107599345993,38.569984147131464],[-87.9541475213752,38.569984147131464]],[[-87.9541475213752,38.569984147131464],[-88.14796939699397,38.56912508744087]],[[-88.14796939699397,38.56912508744087],[-88.14796939699397,38.59833311692116],[-88.25205892278922,38.59919217661176]],[[-88.25205892278922,38.59919217661176],[-88.29871974469744,38.634413623926235],[-88.27359468674686,38.66276259371593],[-88.28436256872568,38.731487368963684],[-88.25923751077511,38.731487368963684],[-88.25923751077511,38.847460427194264]],[[-89.60163346413464,40.31988873687736],[-89.26423982879828,40.325043095020945]],[[-89.26423982879828,40.325043095020945],[-89.26423982879828,40.2812310508005],[-89.1493824210242,40.2820901104911]],[[-89.1493824210242,40.2820901104911],[-89.14579312703127,40.04842587464874]],[[-89.14579312703127,40.04842587464874],[-89.14220383303832,39.91784880167801],[-89.21757900689006,39.916989741987415]],[[-89.21757900689006,39.916989741987415],[-89.40422229452294,39.91784880167801],[-89.40422229452294,39.932452816418156],[-89.48318676236762,39.93331187610875],[-89.48318676236762,39.9771239203292],[-89.57650840618406,39.9762648606386]],[[-89.57650840618406,39.9762648606386],[-89.58009770017699,40.09223791886918],[-89.60163346413464,40.12230500804007]],[[-89.60163346413464,40.12230500804007],[-89.60163346413464,40.31988873687736]],[[-89.24988265282653,39.027862962219615],[-89.24988265282653,39.21771515384153],[-89.13861453904539,39.21771515384153]],[[-89.13861453904539,39.21771515384153],[-88.80481019770197,39.21599703446034]],[[-88.80481019770197,39.21599703446034],[-88.80839949169491,38.911889903989035],[-88.69354208392083,38.91446708306082]],[[-88.69354208392083,38.91446708306082],[-88.69354208392083,38.82598393492934]],[[-88.69354208392083,38.82598393492934],[-89.03093571925719,38.82254769616696],[-89.13861453904539,38.82426581554815],[-89.13861453904539,38.73664172710726]],[[-89.13861453904539,38.73664172710726],[-89.25347194681946,38.74179608525085]],[[-89.25347194681946,38.74179608525085],[-89.2570612408124,38.99951399242992],[-89.24988265282653,39.027862962219615]],[[-88.80481019770197,39.21599703446034],[-88.47100585635856,39.21513797476974]],[[-88.47100585635856,39.21513797476974],[-88.47100585635856,39.1713259305493],[-88.35973774257742,39.1713259305493]],[[-88.35973774257742,39.1713259305493],[-88.36332703657037,38.91103084429844]],[[-88.36332703657037,38.91103084429844],[-88.69354208392083,38.91446708306082]],[[-88.6002204401044,41.71929697285972],[-88.26282680476804,41.7244513310033]],[[-88.26282680476804,41.7244513310033],[-88.25205892278922,41.46329718506184]],[[-88.25205892278922,41.46329718506184],[-88.59663114611146,41.457283767227665]],[[-88.59663114611146,41.457283767227665],[-88.60380973409734,41.63167288441884]],[[-90.43793896448965,41.063834428934285],[-90.43793896448965,41.15145851737517]],[[-90.43793896448965,41.15145851737517],[-89.98568792137921,41.14974039799397]],[[-89.98568792137921,41.14974039799397],[-89.98568792137921,40.97449222111221]],[[-89.98568792137921,40.97449222111221],[-89.98568792137921,40.71247901548015]],[[-89.98568792137921,40.71247901548015],[-90.44511755247552,40.71505619455194]],[[-90.44511755247552,40.71505619455194],[-90.43793896448965,41.063834428934285]],[[-88.59663114611146,41.457283767227665],[-88.58586326413264,41.10850553284532]],[[-88.58586326413264,41.10850553284532],[-88.93043548745487,41.10592835377353],[-88.93043548745487,40.92810299781997]],[[-88.93043548745487,40.92810299781997],[-89.04888218922189,40.92552581874818]],[[-89.16373959699597,41.10421023439234],[-89.16373959699597,41.310384560135596]],[[-89.16373959699597,41.310384560135596],[-89.16732889098891,41.5852836611266]],[[-89.16732889098891,41.5852836611266],[-89.16732889098891,41.62909570534705],[-88.93761407544075,41.62823664565645]],[[-89.87083051360513,40.51317716726167],[-89.81340180971809,40.54152613705136],[-89.65906216802168,40.56729792776927],[-89.65906216802168,40.60166031539315],[-89.60881205212051,40.652344837138365],[-89.6159906401064,40.66437167280672],[-89.55856193621936,40.70045217981179],[-89.55497264222642,40.74770046279462]],[[-89.55497264222642,40.74770046279462],[-89.3288471206712,40.748559522485216],[-89.3288471206712,40.6154052704427],[-89.27141841678416,40.6162643301333],[-89.26782912279123,40.59392877817778]],[[-89.26782912279123,40.59392877817778],[-89.26423982879828,40.325043095020945]],[[-89.60163346413464,40.31988873687736],[-89.71649087190872,40.31902967718676],[-89.71649087190872,40.43586179510795],[-89.92466992349924,40.43586179510795]],[[-89.92466992349924,40.43586179510795],[-89.87083051360513,40.51317716726167]],[[-89.21757900689006,39.813043519425186],[-89.14220383303832,39.80101668375683],[-89.13861453904539,39.654976536355356],[-89.02734642526426,39.65411747666476]],[[-89.02734642526426,39.65411747666476],[-89.02375713127131,39.34571504774047],[-89.13861453904539,39.34915128650286]],[[-89.13861453904539,39.34915128650286],[-89.52984758427584,39.34915128650286],[-89.53343687826877,39.524399463384626]],[[-89.53343687826877,39.524399463384626],[-89.53343687826877,39.6412315813058],[-89.47959746837468,39.6412315813058],[-89.47959746837468,39.68418456583565],[-89.42575805848058,39.68332550614505],[-89.42575805848058,39.76235899767997],[-89.39704370653706,39.74174156510564],[-89.35397217862179,39.77180865427653],[-89.30372206272062,39.77610395272952],[-89.24629335883358,39.82592941478414],[-89.21757900689006,39.813043519425186]],[[-90.59945719417193,39.789848907779074],[-90.48459978639787,39.78898984808848],[-90.48459978639787,39.753768400774],[-90.36974237862378,39.753768400774],[-90.37333167261673,39.66614431233312],[-90.33743873268732,39.66528525264252],[-90.33743873268732,39.63693628285282],[-90.30154579275792,39.63693628285282],[-90.30154579275792,39.520104164931645]],[[-90.30154579275792,39.520104164931645],[-90.58151072420723,39.52182228431283]],[[-90.58151072420723,39.52182228431283],[-90.57074284222841,39.539003478124776],[-90.60663578215782,39.63779534254342],[-90.64611801608015,39.70308387902878],[-90.59945719417193,39.789848907779074]],[[-88.25205892278922,41.46329718506184],[-88.24488033480334,41.20128397942979]],[[-88.24488033480334,41.20128397942979],[-88.24129104081041,41.1145189506795],[-88.25205892278922,41.1145189506795]],[[-88.25205892278922,41.1145189506795],[-88.58586326413264,41.10850553284532]],[[-89.14579312703127,38.21261531584315],[-89.14579312703127,38.47376946178461]],[[-89.14579312703127,38.47376946178461],[-88.923256899469,38.477205700546996],[-88.70072067190671,38.47462852147521]],[[-88.70072067190671,38.47462852147521],[-88.70072067190671,38.2564273600636]],[[-88.70430996589965,38.12499122740227],[-89.12784665706657,38.12499122740227]],[[-89.12784665706657,38.12499122740227],[-89.1493824210242,38.12499122740227],[-89.14579312703127,38.21261531584315]],[[-89.46524029240292,41.148881338303376],[-89.46524029240292,41.23392824767247],[-89.35756147261472,41.233069187981876],[-89.33602570865709,41.30093490353903],[-89.26782912279123,41.322411395803954],[-89.16373959699597,41.310384560135596]],[[-89.14220383303832,38.50297749126491],[-89.13861453904539,38.73664172710726]],[[-88.69354208392083,38.82598393492934],[-88.69713137791378,38.60606465413653]],[[-88.69713137791378,38.60606465413653],[-88.70072067190671,38.47462852147521]],[[-89.14579312703127,38.47376946178461],[-89.14220383303832,38.50297749126491]],[[-90.4343496704967,41.326706694256934],[-90.43076037650376,41.45642470753707],[-90.37692096660966,41.47876025949259],[-90.33384943869439,41.51398170680706],[-90.24052779487795,41.52514948278482],[-90.19386697296973,41.54318973628735],[-90.18668838498385,41.584424601436005]],[[-90.18668838498385,41.584424601436005],[-89.86365192561925,41.584424601436005]],[[-89.86365192561925,41.584424601436005],[-89.85647333763337,41.518277005260046],[-89.85647333763337,41.234787307363064]],[[-89.85647333763337,41.234787307363064],[-89.8672412196122,41.234787307363064],[-89.8672412196122,41.148881338303376],[-89.98568792137921,41.14974039799397]],[[-90.43793896448965,41.15145851737517],[-90.4343496704967,41.326706694256934]],[[-90.15438473904739,39.520104164931645],[-89.92466992349924,39.52182228431283]],[[-89.92466992349924,39.52182228431283],[-89.70213369593695,39.52354040369403]],[[-89.70213369593695,39.52354040369403],[-89.69854440194402,38.99865493273932]],[[-89.69854440194402,38.99865493273932],[-90.14720615106151,39.000373052120516]],[[-90.14720615106151,39.000373052120516],[-90.14720615106151,39.26152719806198]],[[-90.14720615106151,39.26152719806198],[-90.15438473904739,39.520104164931645]],[[-89.1493824210242,40.2820901104911],[-88.57509538215382,40.2812310508005]],[[-88.743792199822,40.055298352173516],[-89.14579312703127,40.04842587464874]],[[-90.90454718357184,40.63945894177941],[-90.78968977579775,40.63602270301703]],[[-90.78968977579775,40.63602270301703],[-90.44511755247552,40.62743210611105]],[[-90.44511755247552,40.62743210611105],[-90.44870684646845,40.27607669265692]],[[-90.44870684646845,40.27607669265692],[-90.90813647756477,40.28466728956289]],[[-90.90813647756477,40.28466728956289],[-90.90454718357184,40.63945894177941]],[[-88.69713137791378,38.60606465413653],[-88.564327500175,38.60692371382713],[-88.25205892278922,38.59919217661176]],[[-88.14796939699397,38.56912508744087],[-88.1515586909869,38.2564273600636]],[[-88.1515586909869,38.2564273600636],[-88.37050562455624,38.255568300373]],[[-90.18309909099091,38.66018541464414],[-89.7057229899299,38.65503105650056]],[[-89.7057229899299,38.65503105650056],[-89.7057229899299,38.415353402824024]],[[-89.7057229899299,38.415353402824024],[-89.70213369593695,38.219487793367925]],[[-89.70213369593695,38.219487793367925],[-89.89954486554865,38.22034685305852]],[[-89.89954486554865,38.22034685305852],[-89.92466992349924,38.27360855387553],[-89.91390204152042,38.307970941499406],[-90.03593803728037,38.30883000119],[-90.03593803728037,38.323434015930154],[-90.14720615106151,38.411917164061634],[-90.14361685706857,38.426521178801785],[-90.26206355883558,38.52101774476744]],[[-90.26206355883558,38.52101774476744],[-90.25847426484265,38.5321855207452],[-90.18309909099091,38.61121901228012],[-90.18309909099091,38.66018541464414]],[[-88.35973774257742,39.1713259305493],[-88.00798693126931,39.17390310962109]],[[-88.00798693126931,39.17390310962109],[-87.95055822738227,39.174762169311684]],[[-87.95055822738227,39.174762169311684],[-87.94696893338933,38.850037606266056]],[[-88.25923751077511,38.847460427194264],[-88.36332703657037,38.85175572564725],[-88.36332703657037,38.91103084429844]],[[-88.47100585635856,39.21513797476974],[-88.47100585635856,39.374923077220764]],[[-88.47100585635856,39.374923077220764],[-88.01157622526225,39.37921837567375]],[[-88.01157622526225,39.37921837567375],[-88.00798693126931,39.17390310962109]],[[-89.63752640406403,38.99951399242992],[-89.58727628816288,38.99951399242992],[-89.58727628816288,39.027862962219615],[-89.24988265282653,39.027862962219615]],[[-89.25347194681946,38.74179608525085],[-89.59804417014169,38.74351420463204]],[[-89.59804417014169,38.74351420463204],[-89.59804417014169,38.87495033729336],[-89.63752640406403,38.87409127760277],[-89.63752640406403,38.99951399242992]],[[-87.9362010514105,39.88005017529175],[-87.61675388603885,39.88176829467294],[-87.55573588815888,39.86888239931399],[-87.53420012420123,39.882627354363535]],[[-87.53420012420123,39.882627354363535],[-87.5306108302083,39.60772825337253],[-87.5306108302083,39.4771511804018]],[[-87.5306108302083,39.4771511804018],[-87.68853976589766,39.4771511804018],[-87.68853976589766,39.48745989668896],[-87.9613261093611,39.481446478854785]],[[-87.9613261093611,39.481446478854785],[-87.96491540335403,39.685902685216845]],[[-87.96491540335403,39.685902685216845],[-87.96850469734697,39.79242608685086],[-87.9362010514105,39.79242608685086],[-87.9362010514105,39.88005017529175]],[[-89.6877765199652,42.199511339903395],[-89.39704370653706,42.20208851897518]],[[-88.9412033694337,41.8919679706697],[-89.36115076660766,41.887672672216716],[-89.36115076660766,41.90227668695686],[-89.4724188803888,41.911726343553426],[-89.47959746837468,41.90227668695686],[-89.63034781607816,41.90141762726626]],[[-89.63034781607816,41.90141762726626],[-89.63034781607816,41.929766597055966],[-89.68418722597225,41.930625656746564]],[[-89.68418722597225,41.930625656746564],[-89.6877765199652,42.199511339903395]],[[-89.92825921749217,42.50619564944649],[-89.92108062950629,42.1969341608316]],[[-89.92108062950629,42.1969341608316],[-90.31949226272262,42.19349792206921]],[[-90.31949226272262,42.19349792206921],[-90.37692096660966,42.21497441433414],[-90.43076037650376,42.27854483143831],[-90.41999249452495,42.33008841287412],[-90.47383190441904,42.381631994309934],[-90.55638566625666,42.415994381933814],[-90.56356425424254,42.438329933889335],[-90.64252872208722,42.46839702306023],[-90.64252872208722,42.508772828518275],[-90.42717108251082,42.50705470913709],[-89.92825921749217,42.50619564944649]],[[-90.44511755247552,40.62743210611105],[-90.44511755247552,40.71505619455194]],[[-89.98568792137921,40.71247901548015],[-89.98927721537216,40.62571398672986],[-89.87441980759807,40.624854927039266],[-89.87083051360513,40.51317716726167]],[[-89.92466992349924,40.43586179510795],[-89.98209862738626,40.3929088105781],[-90.0395273312733,40.374868557075565],[-90.07183097720977,40.29325788646886],[-90.11849179911799,40.23484182750827],[-90.2010455609556,40.18415730576305]],[[-90.2010455609556,40.18415730576305],[-90.4522961404614,40.18931166390663],[-90.44870684646845,40.27607669265692]],[[-89.86365192561925,41.584424601436005],[-89.63034781607816,41.5852836611266]],[[-89.63034781607816,41.5852836611266],[-89.16732889098891,41.5852836611266]],[[-89.63752640406403,41.148881338303376],[-89.63752640406403,41.23392824767247],[-89.85647333763337,41.234787307363064]],[[-89.92825921749217,42.50619564944649],[-89.83852686766868,42.50533658975589],[-89.40063300053001,42.50018223161231]],[[-89.6877765199652,42.199511339903395],[-89.92108062950629,42.1969341608316]],[[-91.36397681466815,39.758922758917585],[-90.91531506555066,39.75720463953639],[-90.91531506555066,39.84482872797727]],[[-90.91531506555066,39.84482872797727],[-90.89377930159301,39.840533429524285],[-90.57074284222841,39.839674369833695]],[[-90.57074284222841,39.839674369833695],[-90.59945719417193,39.789848907779074]],[[-90.58151072420723,39.52182228431283],[-90.61022507615075,39.45739280751807],[-90.6138143701437,39.39554050979509]],[[-90.6138143701437,39.39554050979509],[-90.93685082950829,39.39983580824808]],[[-90.93685082950829,39.39983580824808],[-91.00504741537415,39.42732571834718],[-91.06247611926119,39.47371494163941],[-91.10195835318353,39.539003478124776],[-91.14861917509175,39.54587595564955],[-91.17733352703527,39.59827859677596],[-91.22399434894349,39.617177909969094],[-91.30654811078111,39.68504362552625],[-91.37115540265403,39.732291908509076],[-91.36397681466815,39.758922758917585]],[[-89.60163346413464,40.12230500804007],[-89.6339371100711,40.15323115690156],[-89.68418722597225,40.15494927628276],[-89.74879451784517,40.12660030649306],[-89.89954486554865,40.12745936618366],[-89.97133074540746,40.1420633809238],[-89.99645580335803,40.108560052990526]],[[-89.99645580335803,40.108560052990526],[-90.0646523892239,40.10082851577515],[-90.13284897508974,40.06217082969829],[-90.19745626696266,40.05272117310172],[-90.28718861678617,40.055298352173516],[-90.31590296872969,40.1162915902059],[-90.35538520265202,40.12402312742127]],[[-90.35538520265202,40.12402312742127],[-90.26924214682147,40.15494927628276],[-90.21540273692736,40.15065397782977],[-90.2010455609556,40.18415730576305]],[[-87.90748669946699,38.850037606266056],[-87.53420012420123,38.85261478533785]],[[-87.53420012420123,38.85261478533785],[-87.49830718427184,38.77873565194651],[-87.4947178902789,38.742655144941445],[-87.54496800618006,38.677366608456076],[-87.59521812208122,38.66705789216891],[-87.6203431800318,38.63956798206981],[-87.65264682596826,38.56826602775027]],[[-87.65264682596826,38.56826602775027],[-87.91107599345993,38.569984147131464]],[[-88.7078992598926,42.493309754087534],[-88.30589833268333,42.49502787346873],[-88.19821951289512,42.495886933159326]],[[-88.19821951289512,42.495886933159326],[-88.19821951289512,42.153981176301755]],[[-88.19821951289512,42.153981176301755],[-88.23770174681746,42.153981176301755]],[[-88.23770174681746,42.153981176301755],[-88.58945255812557,42.153981176301755]],[[-88.70430996589965,42.153981176301755],[-88.7078992598926,42.493309754087534]],[[-88.23770174681746,42.153981176301755],[-88.23770174681746,42.06721614755147],[-88.26282680476804,42.06635708786087],[-88.26282680476804,41.98646453663536]],[[-88.26282680476804,41.98646453663536],[-88.26282680476804,41.7244513310033]],[[-88.46382726837268,39.87919111560115],[-87.9362010514105,39.88005017529175]],[[-87.96491540335403,39.685902685216845],[-88.06182634116341,39.68160738676386],[-88.06182634116341,39.652399357283564],[-88.47100585635856,39.651540297592966]],[[-88.47100585635856,39.651540297592966],[-88.4745951503515,39.79156702716026]],[[-90.14720615106151,39.000373052120516],[-90.2728314408144,38.99951399242992],[-90.27642073480735,38.923057679966796]],[[-90.27642073480735,38.923057679966796],[-90.3087243807438,38.92391673965739],[-90.40563531855318,38.96257442573425],[-90.4522961404614,38.96772878387783]],[[-90.4522961404614,38.96772878387783],[-90.53484990229902,38.958279127281266],[-90.57074284222841,38.99350057459574],[-90.58151072420723,39.06566158860588],[-90.60304648816488,39.11720517004169]],[[-90.60304648816488,39.11720517004169],[-90.57433213622136,39.178198408074074],[-90.53484990229902,39.192802422814225],[-90.4881890803908,39.174762169311684],[-90.31231367473674,39.17390310962109],[-90.31231367473674,39.2254466910569],[-90.2010455609556,39.2254466910569],[-90.20463485494855,39.25809095929959],[-90.14720615106151,39.26152719806198]],[[-90.51331413834139,39.98829169630696],[-90.4343496704967,40.020935964549636],[-90.42717108251082,40.060452710317094],[-90.35538520265202,40.12402312742127]],[[-89.99645580335803,40.108560052990526],[-89.99286650936509,39.901526667556666]],[[-89.99286650936509,39.901526667556666],[-89.99286650936509,39.87317769776697]],[[-89.99286650936509,39.87317769776697],[-90.58510001820018,39.87661393652936]],[[-90.58510001820018,39.87661393652936],[-90.55279637226371,39.901526667556666],[-90.50972484434844,39.96767426373263],[-90.51331413834139,39.98829169630696]],[[-88.93043548745487,37.302871103501026],[-88.90889972349723,37.33551537174371],[-88.71148855388553,37.337233491124906]],[[-88.71148855388553,37.337233491124906],[-88.48895232632326,37.15940813517135],[-88.48895232632326,37.067488748277476]],[[-88.48895232632326,37.067488748277476],[-88.564327500175,37.07865652425524],[-88.62893479204791,37.12075044909449],[-88.75456008180082,37.15511283671836],[-88.80481019770197,37.18861616465164],[-88.92684619346193,37.226414791037904]],[[-88.92684619346193,37.226414791037904],[-88.93043548745487,37.302871103501026]],[[-90.57074284222841,39.839674369833695],[-90.58510001820018,39.87661393652936]],[[-89.99286650936509,39.87317769776697],[-89.98568792137921,39.71768789376893],[-89.92466992349924,39.558761851008505],[-89.92466992349924,39.52182228431283]],[[-90.15438473904739,39.520104164931645],[-90.30154579275792,39.520104164931645]],[[-91.07324400124001,41.333579171781714],[-90.4343496704967,41.326706694256934]],[[-90.43793896448965,41.063834428934285],[-90.78610048180481,41.06898878707786]],[[-90.78610048180481,41.06898878707786],[-90.94761871148711,41.06984784676846]],[[-90.94761871148711,41.06984784676846],[-90.94761871148711,41.09647869717696],[-90.99427953339533,41.160908173971734],[-91.04094035530355,41.16606253211531],[-91.11272623516234,41.23908260581605],[-91.07324400124001,41.333579171781714]],[[-90.91172577155771,40.19274790266902],[-90.90813647756477,40.28466728956289]],[[-90.51331413834139,39.98829169630696],[-90.60663578215782,39.98141921878218],[-90.60304648816488,40.0028957110471],[-90.67842166201662,40.05272117310172],[-90.69636813198132,40.10340569484694],[-90.91531506555066,40.10426475453754]],[[-90.91531506555066,40.10426475453754],[-90.91172577155771,40.19274790266902]],[[-87.65264682596826,38.56826602775027],[-87.65264682596826,38.511568088170876],[-87.73878988179881,38.47548758116581],[-87.7459684697847,38.41449434313343],[-87.77827211572115,38.37068229891298],[-87.80698646766467,38.36295076169761],[-87.85364728957289,38.27532667325673],[-87.88236164151641,38.303675643046425],[-87.90748669946699,38.26845419573195],[-87.92543316943168,38.29852128490284],[-87.95773681536815,38.24010522594225],[-87.98645116731167,38.2564273600636]],[[-87.98645116731167,38.2564273600636],[-87.99004046130462,38.25986359882598]],[[-87.99004046130462,38.25986359882598],[-87.95055822738227,38.29078974768747],[-87.97568328533285,38.399890328393276],[-87.9433796393964,38.45572920828208],[-87.9541475213752,38.569984147131464]],[[-88.7078992598926,37.86297802177021],[-89.1493824210242,37.86211896207961]],[[-89.1493824210242,37.86211896207961],[-89.1493824210242,37.95060211021109],[-89.17809677296772,37.95060211021109]],[[-89.17809677296772,37.95060211021109],[-89.14579312703127,37.98582355752557],[-89.1206680690807,38.0597026909169],[-89.12784665706657,38.12499122740227]],[[-88.37409491854918,37.90850818537185],[-88.13720151501515,37.90764912568125],[-88.09054069310693,37.89132699155991]],[[-88.09054069310693,37.89132699155991],[-88.04029057720577,37.822602216312156],[-88.08336210512105,37.830333753527526],[-88.06900492914929,37.80112572404723],[-88.02952269522694,37.79940760466604],[-88.05823704717046,37.74270966508664],[-88.11925504505045,37.71264257591575],[-88.15873727897278,37.664535233242326],[-88.1336122210222,37.57433396572965]],[[-88.1336122210222,37.57433396572965],[-88.18027304293042,37.599246696756964],[-88.37409491854918,37.599246696756964]],[[-90.60304648816488,39.11720517004169],[-90.6138143701437,39.16273533364333],[-90.59227860618606,39.1988158406484],[-90.61022507615075,39.25980907868078],[-90.60304648816488,39.292453346923466],[-90.62099295812958,39.3654734206242],[-90.6138143701437,39.39554050979509]],[[-87.99004046130462,38.25986359882598],[-88.1515586909869,38.2564273600636]],[[-90.78968977579775,40.63602270301703],[-90.78610048180481,41.06898878707786]],[[-90.91531506555066,39.84482872797727],[-90.91531506555066,40.10426475453754]],[[-89.70213369593695,39.52354040369403],[-89.53343687826877,39.524399463384626]],[[-89.13861453904539,39.34915128650286],[-89.13861453904539,39.21771515384153]],[[-89.63752640406403,38.99951399242992],[-89.69854440194402,38.99865493273932]],[[-89.59804417014169,38.74351420463204],[-89.59445487614876,38.65589011619115],[-89.7057229899299,38.65503105650056]],[[-90.18309909099091,38.66018541464414],[-90.21181344293443,38.72203771236712],[-90.16515262102621,38.77272223411234],[-90.11849179911799,38.805366502355014],[-90.11490250512504,38.84917854657546],[-90.25129567685677,38.919621441204406],[-90.27642073480735,38.923057679966796]],[[-89.52266899628997,37.57089772696726],[-89.4724188803888,37.56230713006129],[-89.45088311643116,37.60010575644756],[-89.15297171501715,37.60010575644756]],[[-89.15297171501715,37.60010575644756],[-89.04170360123601,37.59666951768517]],[[-89.04170360123601,37.59666951768517],[-89.04529289522895,37.329501953909535]],[[-89.04529289522895,37.329501953909535],[-89.24988265282653,37.33551537174371]],[[-89.24988265282653,37.33551537174371],[-89.48677605636055,37.33465631205311]],[[-89.48677605636055,37.33465631205311],[-89.4365259404594,37.34410596864968],[-89.42216876448764,37.39736766946669],[-89.51549040830407,37.53567627965279],[-89.52266899628997,37.56660242851428],[-89.52266899628997,37.57089772696726]],[[-88.41357715247152,37.60010575644756],[-88.41357715247152,37.42399851987519]],[[-88.41357715247152,37.42399851987519],[-88.47818444434444,37.387058953179526],[-88.48536303233033,37.3398106701967],[-88.51766667826678,37.283971790307895],[-88.5104880902809,37.26249529804297],[-88.44947009240092,37.206656418154175],[-88.42434503445034,37.14995847857478],[-88.46023797437974,37.07350216611165],[-88.48895232632326,37.067488748277476]],[[-88.71148855388553,37.337233491124906],[-88.7078992598926,37.599246696756964]],[[-87.5306108302083,39.4771511804018],[-87.5306108302083,39.34829222681226],[-87.57727165211652,39.34056068959689],[-87.60957529805297,39.2821446306363],[-87.6023967100671,39.25980907868078],[-87.57368235812358,39.21857421353213],[-87.64187894398944,39.15758097549975]],[[-87.64187894398944,39.15758097549975],[-87.65623611996119,39.1721849902399],[-87.7459684697847,39.17905746776467],[-87.95055822738227,39.174762169311684]],[[-88.01157622526225,39.37921837567375],[-88.01516551925519,39.48058741916419],[-87.9613261093611,39.481446478854785]],[[-89.63034781607816,41.5852836611266],[-89.63034781607816,41.90141762726626]],[[-89.02734642526426,39.65411747666476],[-88.81198878568786,39.65325841697416]],[[-88.81198878568786,39.65325841697416],[-88.80839949169491,39.58023834327343],[-88.71866714187142,39.57937928358283],[-88.71866714187142,39.52096322462224],[-88.63970267402674,39.52096322462224],[-88.58586326413264,39.4479431509215],[-88.47100585635856,39.447084091230906]],[[-88.47100585635856,39.447084091230906],[-88.47100585635856,39.374923077220764]],[[-88.19821951289512,42.153981176301755],[-87.76032564575645,42.15226305692056]],[[-87.76032564575645,42.15226305692056],[-87.68136117791178,42.07580674445744],[-87.67059329593296,42.02941752116521],[-87.62393247402474,41.91000822417224],[-87.60957529805297,41.845578747377466],[-87.55932518215182,41.765686196151954],[-87.5306108302083,41.74850500234002],[-87.52343224222241,41.70812919688196],[-87.52702153621536,41.47016966258662]],[[-87.52702153621536,41.47016966258662],[-87.78903999769997,41.47016966258662],[-87.79262929169292,41.5586528107181],[-87.91107599345993,41.556934691336906],[-87.91107599345993,41.64369972008719],[-88.02593340123401,41.641122541015406],[-88.02952269522694,41.68579364492644]],[[-88.02952269522694,41.68579364492644],[-87.96850469734697,41.68665270461704],[-87.91466528745288,41.71671979378793],[-87.92184387543875,41.861900881498805],[-87.92184387543875,41.99419607385073],[-88.26282680476804,41.98646453663536]],[[-88.24488033480334,41.20128397942979],[-88.01157622526225,41.20557927788277],[-88.01516551925519,41.29234430663306],[-87.52702153621536,41.29835772446724]],[[-87.52702153621536,41.29835772446724],[-87.52702153621536,41.010572728117275]],[[-87.52702153621536,41.010572728117275],[-88.1336122210222,40.99768683275832]],[[-88.24846962879629,40.994250593995936],[-88.25205892278922,41.1145189506795]],[[-89.04529289522895,37.329501953909535],[-89.04529289522895,37.29428050659506],[-89.00222136731367,37.311461700407],[-88.93043548745487,37.302871103501026]],[[-88.92684619346193,37.226414791037904],[-88.93402478144782,37.2281329104191],[-88.98427489734897,37.228991970109696],[-89.03093571925719,37.21095171660716],[-89.0775965411654,37.17487120960209],[-89.10990018710187,37.11903232971329],[-89.17091818498184,37.068347807968074]],[[-89.17091818498184,37.068347807968074],[-89.26065053480535,37.106146434354336],[-89.26782912279123,37.18088462743627],[-89.2391147708477,37.271085894948946],[-89.20322183091831,37.28912614845148],[-89.20681112491124,37.32177041669416],[-89.24988265282653,37.33551537174371]],[[-87.9362010514105,40.48568725716257],[-87.52702153621536,40.490841615306145]],[[-87.52702153621536,40.490841615306145],[-87.52702153621536,40.4770966602566],[-87.5306108302083,40.148076798757984],[-87.53420012420123,39.882627354363535]],[[-87.9362010514105,39.88005017529175],[-87.9433796393964,40.225392170911704],[-87.92902246342463,40.225392170911704],[-87.93261175741758,40.39978128810287]],[[-89.57650840618406,39.9762648606386],[-89.69854440194402,39.975405800948],[-89.70213369593695,39.916989741987415],[-89.77033028180281,39.91613068229682],[-89.77033028180281,39.902385727247264],[-89.99286650936509,39.901526667556666]],[[-89.89954486554865,38.22034685305852],[-90.03593803728037,38.222924032130315],[-90.03593803728037,38.13529994368943],[-90.20822414894148,38.088051660706604]],[[-90.20822414894148,38.088051660706604],[-90.25129567685677,38.12756840647406],[-90.2907779107791,38.1705213910039],[-90.35538520265202,38.21347437553375],[-90.37333167261673,38.27360855387553],[-90.36974237862378,38.34061520974209],[-90.34102802668026,38.38786349272492],[-90.29436720477204,38.426521178801785],[-90.26206355883558,38.52101774476744]],[[-91.07324400124001,41.333579171781714],[-91.04452964929649,41.41604890207901],[-90.97633306343063,41.434089155581546],[-90.92967224152241,41.4212032602226],[-90.8471184796848,41.45556564784647],[-90.78610048180481,41.452988468774684],[-90.73585036590366,41.45041128970289],[-90.6497073100731,41.465015304443035],[-90.59227860618606,41.51312264711646],[-90.55638566625666,41.52429042309422],[-90.46306402244022,41.523431363403624],[-90.3984567305673,41.572397765767654],[-90.34102802668026,41.59043801927019],[-90.34461732067321,41.64713595884958],[-90.31231367473674,41.6978204805948],[-90.31590296872969,41.72874662945629],[-90.24411708887088,41.78286738996389]],[[-90.24411708887088,41.78286738996389],[-90.23334920689207,41.676343988329876],[-90.16156332703326,41.64369972008719],[-90.16515262102621,41.59731049679496],[-90.18668838498385,41.584424601436005]],[[-88.7078992598926,37.599246696756964],[-89.04170360123601,37.59666951768517]],[[-89.15297171501715,37.60010575644756],[-89.1493824210242,37.86211896207961]],[[-88.93043548745487,40.92810299781997],[-88.93043548745487,40.7537138806288]],[[-88.93043548745487,40.7537138806288],[-88.98786419134191,40.751995761247606],[-88.98427489734897,40.66523073249732],[-89.04529289522895,40.663512613116126],[-89.04529289522895,40.62743210611105],[-89.10272159911598,40.624854927039266],[-89.13502524505245,40.59650595724957],[-89.26782912279123,40.59392877817778]],[[-89.55497264222642,40.74770046279462],[-89.5621512302123,40.79323062639626],[-89.4724188803888,40.9212305202952]],[[-88.1336122210222,37.57433396572965],[-88.07259422314223,37.52880380212802],[-88.06182634116341,37.5056091904819],[-88.08336210512105,37.472964922239214],[-88.25564821678216,37.456642788117875],[-88.29871974469744,37.44719313152131],[-88.35973774257742,37.40509920668206],[-88.41357715247152,37.42485757956579],[-88.41357715247152,37.42399851987519]],[[-91.5039592803928,40.20047943988439],[-90.91172577155771,40.19274790266902]],[[-91.36397681466815,39.758922758917585],[-91.37474469664696,39.808748220972205],[-91.42858410654107,39.8379562504525],[-91.44653057650576,39.87060051869518],[-91.41781622456224,39.92729845827458],[-91.43576269452694,39.94533871177711],[-91.49319139841398,40.036399038980385],[-91.51472716237161,40.178143887928876],[-91.5039592803928,40.20047943988439]],[[-87.52702153621536,41.010572728117275],[-87.52702153621536,40.490841615306145]],[[-88.46023797437974,40.61712338982389],[-88.57509538215382,40.6162643301333],[-88.58586326413264,40.75800917908178],[-88.93043548745487,40.7537138806288]],[[-90.90454718357184,40.63945894177941],[-91.02299388533885,40.63516364332643],[-91.18451211502115,40.637740822398214]],[[-91.18451211502115,40.637740822398214],[-91.11990482314823,40.67296226971269],[-91.11272623516234,40.69615688135881],[-91.09119047120471,40.825015834948346],[-91.05529753127531,40.84821044659446],[-91.00504741537415,40.90490838617386],[-90.96556518145181,40.9212305202952],[-90.94402941749416,41.01229084749847],[-90.94761871148711,41.06984784676846]],[[-88.9412033694337,42.49502787346873],[-88.77609584575845,42.492450694396936],[-88.7078992598926,42.493309754087534]],[[-89.17091818498184,37.068347807968074],[-89.18168606696067,37.02711294281942],[-89.1314359510595,36.982441838908386],[-89.17091818498184,36.97041500324003],[-89.19963253692536,37.01594516684166],[-89.26065053480535,37.064052509515086],[-89.3109006507065,37.05374379322792],[-89.2570612408124,37.01508610715106],[-89.26782912279123,36.99360961488614],[-89.3109006507065,37.00907268931689],[-89.37909723657236,37.03999883817838],[-89.37550794257942,37.08552900178001],[-89.41499017650176,37.12504574754747],[-89.46165099840998,37.1997839406294],[-89.45806170441703,37.24015974608746],[-89.4903653503535,37.25132752206522],[-89.51907970229702,37.28568990968909],[-89.48677605636055,37.33465631205311]],[[-89.68418722597225,41.930625656746564],[-90.15079544505444,41.92890753736537]],[[-90.15079544505444,41.92890753736537],[-90.16515262102621,41.95639744746447],[-90.14002756307562,42.00880008859088],[-90.15438473904739,42.03285375992759],[-90.16874191501914,42.07580674445744],[-90.16156332703326,42.11704160960609],[-90.20822414894148,42.15226305692056],[-90.31949226272262,42.19349792206921]],[[-88.26282680476804,41.7244513310033],[-88.02952269522694,41.72874662945629],[-88.02952269522694,41.68579364492644]],[[-87.52702153621536,41.47016966258662],[-87.52702153621536,41.29835772446724]],[[-89.63752640406403,40.97363316142161],[-89.98568792137921,40.97449222111221]],[[-89.70213369593695,38.219487793367925],[-89.59445487614876,38.219487793367925]],[[-89.59445487614876,38.219487793367925],[-89.59086558215581,38.13959524214241],[-89.59445487614876,37.95489740866408]],[[-89.59445487614876,37.95489740866408],[-89.65547287402873,37.85868272331723],[-89.67341934399343,37.80284384342843]],[[-89.67341934399343,37.80284384342843],[-89.7416159298593,37.84665588764887],[-89.79545533975339,37.856964603936035],[-89.79904463374633,37.88187733496334],[-89.84570545565455,37.90593100630006],[-89.9031341595416,37.869850499294984],[-89.93902709947099,37.87500485743857],[-89.97492003940039,37.926548438874384],[-89.93184851148511,37.94716587144871],[-89.94261639346394,37.97036048309482],[-90.00004509735096,37.96434706526065],[-90.06106309523095,38.01589064669646],[-90.08977744717447,38.01589064669646],[-90.12925968109681,38.06227986998869],[-90.20822414894148,38.088051660706604]],[[-88.19821951289512,42.495886933159326],[-87.7998078796788,42.49159163470634],[-87.80698646766467,42.385068233072325],[-87.83570081960819,42.30173944308442],[-87.7998078796788,42.20810193680936],[-87.76032564575645,42.15226305692056]],[[-88.74738149381493,39.79242608685086],[-88.75814937579375,39.740023445724454],[-88.81198878568786,39.740882505415044],[-88.81198878568786,39.65325841697416]],[[-89.21757900689006,39.813043519425186],[-89.21757900689006,39.916989741987415]],[[-89.7057229899299,38.415353402824024],[-89.6159906401064,38.47205134240342],[-89.54061546625466,38.480641939309386],[-89.48318676236762,38.46861510364103],[-89.42934735247353,38.49868219281192],[-89.34320429664297,38.51070902848028],[-89.14220383303832,38.50297749126491]],[[-89.14579312703127,38.21261531584315],[-89.59445487614876,38.219487793367925]],[[-87.64187894398944,39.15758097549975],[-87.63111106201062,39.10431927468274],[-87.57368235812358,39.05707099169991],[-87.57727165211652,38.989205276142755],[-87.5126643602436,38.954842888518876],[-87.52702153621536,38.90759460553605],[-87.55214659416593,38.85948726286262],[-87.53420012420123,38.85261478533785]],[[-90.4522961404614,38.96772878387783],[-90.47383190441904,38.95913818697186],[-90.5061355503555,38.90244024739247],[-90.54561778427784,38.87495033729336],[-90.58510001820018,38.86893691945919],[-90.62817154611545,38.89127247141471],[-90.66406448604485,38.934225455944556],[-90.67483236802367,38.98405091799918],[-90.71431460194601,39.05707099169991],[-90.68201095600956,39.0879971405614],[-90.71072530795307,39.155003796427955],[-90.72149318993189,39.22372857167571],[-90.7932790697907,39.3096345407354],[-90.93685082950829,39.39983580824808]],[[-88.46023797437974,40.398922228412275],[-88.46023797437974,40.2820901104911]],[[-91.5039592803928,40.20047943988439],[-91.49678069240692,40.248586782557815],[-91.49319139841398,40.27779481203812],[-91.44653057650576,40.36284172140721],[-91.41781622456224,40.37830479583795],[-91.37474469664696,40.3920497508875],[-91.38192328463285,40.43500273541735],[-91.36756610866108,40.51231810757107],[-91.40704834258342,40.54238519674196],[-91.3603875206752,40.60166031539315],[-91.24911940689407,40.63859988208881],[-91.18451211502115,40.637740822398214]],[[-90.24411708887088,41.78286738996389],[-90.17950979699796,41.8094982403724],[-90.18309909099091,41.84471968768687],[-90.15079544505444,41.92890753736537]],[[-87.98645116731167,38.2564273600636],[-87.98645116731167,38.22979650965509],[-87.97568328533285,38.198011301103],[-87.92543316943168,38.14646771966719],[-88.00439763727637,38.08375636225362],[-87.9613261093611,38.100078496374955],[-87.96850469734697,38.06743422813228],[-88.03670128321284,38.05111209401093],[-88.00798693126931,38.02877654205541],[-88.01157622526225,37.9772329606196],[-88.06541563515634,37.919675961349604],[-88.01157622526225,37.8947632303223],[-88.09054069310693,37.89132699155991]],[[-88.47100585635856,39.651540297592966],[-88.47100585635856,39.447084091230906]],[[-89.59445487614876,37.95489740866408],[-89.17809677296772,37.95060211021109]],[[-89.52266899628997,37.57089772696726],[-89.47600817438175,37.595810457994574],[-89.5083118203182,37.62501848747487],[-89.51549040830407,37.69288420303202],[-89.58368699416994,37.71350163560635],[-89.6159906401064,37.74958214261142],[-89.66624075600755,37.75215932168321],[-89.67341934399343,37.80284384342843]]]}