{"type":"Topology","bbox":[-109.05919619986199,36.99275055519555,-102.04212644366443,41.002841190901904],"objects":{"counties":{"type":"GeometryCollection","geometries":[{"type":"Polygon","arcs":[[0,1,2,3,4]],"id":"08021","properties":{"name":"Conejos"}},{"type":"Polygon","arcs":[[5,6,7,8]],"id":"08057","properties":{"name":"Jackson"}},{"type":"Polygon","arcs":[[9,10,11,-5,12,13]],"id":"08007","properties":{"name":"Archuleta"}},{"type":"Polygon","arcs":[[14,15,16,17,18,19,20]],"id":"08121","properties":{"name":"Washington"}},{"type":"Polygon","arcs":[[21,22,23,24,25,26]],"id":"08045","properties":{"name":"Garfield"}},{"type":"Polygon","arcs":[[27,28,-1,-12,29]],"id":"08105","properties":{"name":"Rio Grande"}},{"type":"Polygon","arcs":[[30,-16,31,32]],"id":"08087","properties":{"name":"Morgan"}},{"type":"Polygon","arcs":[[33,34,35,36]],"id":"08039","properties":{"name":"Elbert"}},{"type":"Polygon","arcs":[[37,38,39,40,41,42]],"id":"08085","properties":{"name":"Montrose"}},{"type":"Polygon","arcs":[[43,44,45,46,47]],"id":"08089","properties":{"name":"Otero"}},{"type":"Polygon","arcs":[[48,49,50,51]],"id":"08119","properties":{"name":"Teller"}},{"type":"Polygon","arcs":[[52,53,54,55]],"id":"08095","properties":{"name":"Phillips"}},{"type":"Polygon","arcs":[[56,-55,57,58,-18]],"id":"08125","properties":{"name":"Yuma"}},{"type":"Polygon","arcs":[[59,60,61,-48,62,63,64]],"id":"08101","properties":{"name":"Pueblo"}},{"type":"Polygon","arcs":[[-29,65,66,67,-2]],"id":"08003","properties":{"name":"Alamosa"}},{"type":"Polygon","arcs":[[68,69,70,71]],"id":"08009","properties":{"name":"Baca"}},{"type":"Polygon","arcs":[[72,73,74]],"id":"08083","properties":{"name":"Montezuma"}},{"type":"MultiPolygon","arcs":[[[75]],[[76,77,78,79,-21,80,-34,81,82]]],"id":"08005","properties":{"name":"Arapahoe"}},{"type":"Polygon","arcs":[[83,-30,-11,84]],"id":"08079","properties":{"name":"Mineral"}},{"type":"Polygon","arcs":[[85,86,-73,87]],"id":"08033","properties":{"name":"Dolores"}},{"type":"MultiPolygon","arcs":[[[-78,77,88]],[[89,90,91,92,93,94,-83,95,96]]],"id":"08059","properties":{"name":"Jefferson"}},{"type":"Polygon","arcs":[[97,-39,98]],"id":"08029","properties":{"name":"Delta"}},{"type":"Polygon","arcs":[[-8,99,100,101,102,103,104,105]],"id":"08049","properties":{"name":"Grand"}},{"type":"Polygon","arcs":[[106,107,108,109,110,-66,-28,-84,111]],"id":"08109","properties":{"name":"Saguache"}},{"type":"Polygon","arcs":[[-104,112,113,114,115]],"id":"08117","properties":{"name":"Summit"}},{"type":"Polygon","arcs":[[-40,-98,116,117,118,-107,119,120]],"id":"08051","properties":{"name":"Gunnison"}},{"type":"Polygon","arcs":[[-68,121,122,123,-3]],"id":"08023","properties":{"name":"Costilla"}},{"type":"MultiPolygon","arcs":[[[124]],[[125,126,-33,127,128,129,130]]],"id":"08123","properties":{"name":"Weld"}},{"type":"Polygon","arcs":[[131,-63,-47,132,-72,133,-123]],"id":"08071","properties":{"name":"Las Animas"}},{"type":"Polygon","arcs":[[134,-9,-106,135,-23,136,137]],"id":"08107","properties":{"name":"Routt"}},{"type":"Polygon","arcs":[[-82,-37,138,-49,-96]],"id":"08035","properties":{"name":"Douglas"}},{"type":"Polygon","arcs":[[139,-137,-22,140]],"id":"08103","properties":{"name":"Rio Blanco"}},{"type":"MultiPolygon","arcs":[[[141,-142,142]],[[143,-142,144,-129,145,-93],[146],[124]]],"id":"08014","properties":{"name":"Broomfield"}},{"type":"Polygon","arcs":[[147,-79,-78,-77,-95],[75]],"id":"08031","properties":{"name":"Denver"}},{"type":"MultiPolygon","arcs":[[[146]],[[148,-130,-145,141,-144,-92,149,-101],[-142,141,150]]],"id":"08013","properties":{"name":"Boulder"}},{"type":"Polygon","arcs":[[151,-131,-149,-100,-7]],"id":"08069","properties":{"name":"Larimer"}},{"type":"Polygon","arcs":[[152,153,-44,-62]],"id":"08025","properties":{"name":"Crowley"}},{"type":"Polygon","arcs":[[154,-65,155,-110]],"id":"08027","properties":{"name":"Custer"}},{"type":"Polygon","arcs":[[-139,-36,156,-61,157,-50]],"id":"08041","properties":{"name":"El Paso"}},{"type":"Polygon","arcs":[[-150,-91,158,-102]],"id":"08047","properties":{"name":"Gilpin"}},{"type":"Polygon","arcs":[[-111,-156,-64,-132,-122,-67]],"id":"08055","properties":{"name":"Huerfano"}},{"type":"Polygon","arcs":[[-121,159,160,161,-41]],"id":"08091","properties":{"name":"Ouray"}},{"type":"Polygon","arcs":[[162,163,164,165]],"id":"08017","properties":{"name":"Cheyenne"}},{"type":"Polygon","arcs":[[-138,-140,166]],"id":"08081","properties":{"name":"Moffat"}},{"type":"Polygon","arcs":[[-25,167,168,169,-118,170]],"id":"08097","properties":{"name":"Pitkin"}},{"type":"Polygon","arcs":[[171,172,-70,173]],"id":"08099","properties":{"name":"Prowers"}},{"type":"Polygon","arcs":[[174,-161,175,176,-87]],"id":"08111","properties":{"name":"San Juan"}},{"type":"Polygon","arcs":[[-177,177,-14,178,-74]],"id":"08067","properties":{"name":"La Plata"}},{"type":"Polygon","arcs":[[-120,-112,-85,-10,-178,-176,-160]],"id":"08053","properties":{"name":"Hinsdale"}},{"type":"Polygon","arcs":[[-19,-59,179,-163,180]],"id":"08063","properties":{"name":"Kit Carson"}},{"type":"Polygon","arcs":[[-42,-162,-175,-86,181]],"id":"08113","properties":{"name":"San Miguel"}},{"type":"Polygon","arcs":[[-103,-159,-90,182,-113]],"id":"08019","properties":{"name":"Clear Creek"}},{"type":"Polygon","arcs":[[183,-165,184,-172,185,-45,-154]],"id":"08061","properties":{"name":"Kiowa"}},{"type":"Polygon","arcs":[[-114,-183,-97,-52,186,187,188]],"id":"08093","properties":{"name":"Park"}},{"type":"Polygon","arcs":[[189,-115,-189,190,-169]],"id":"08065","properties":{"name":"Lake"}},{"type":"Polygon","arcs":[[-35,-81,-20,-181,-166,-184,-153,-157]],"id":"08073","properties":{"name":"Lincoln"}},{"type":"Polygon","arcs":[[-146,-128,-32,-15,-80,-148,-94]],"id":"08001","properties":{"name":"Adams"}},{"type":"Polygon","arcs":[[-136,-105,-116,-190,-168,-24]],"id":"08037","properties":{"name":"Eagle"}},{"type":"Polygon","arcs":[[191,192,-56,-57,-17,-31,-127]],"id":"08075","properties":{"name":"Logan"}},{"type":"Polygon","arcs":[[193,-53,-193]],"id":"08115","properties":{"name":"Sedgwick"}},{"type":"Polygon","arcs":[[-170,-191,-188,194,-108,-119]],"id":"08015","properties":{"name":"Chaffee"}},{"type":"Polygon","arcs":[[-195,-187,-51,-158,-60,-155,-109]],"id":"08043","properties":{"name":"Fremont"}},{"type":"Polygon","arcs":[[-26,-171,-117,-99,-38,195]],"id":"08077","properties":{"name":"Mesa"}},{"type":"Polygon","arcs":[[-186,-174,-69,-133,-46]],"id":"08011","properties":{"name":"Bent"}}]}},"arcs":[[[-106.67949428254282,37.403381087300865],[-106.489261700917,37.399085788847884],[-106.0405999517995,37.40080390822908]],[[-106.0405999517995,37.40080390822908],[-106.0405999517995,37.356991864008634],[-105.7426885503855,37.356991864008634]],[[-105.7426885503855,37.356991864008634],[-105.75345643236432,37.34324690895908],[-105.72115278642787,37.28998520814208],[-105.74627784437844,37.24789128330283],[-105.72833137441374,37.18088462743627],[-105.74986713837137,37.13535446383463],[-105.73909925639256,37.103569255282544],[-105.77140290232902,37.04171695755957],[-105.71756349243492,36.99618679395793]],[[-105.71756349243492,36.99618679395793],[-106.00470701187011,36.995327734267335],[-106.47490452494525,36.99360961488614]],[[-106.47490452494525,36.99360961488614],[-106.58976193271933,37.140508821978216],[-106.5969405207052,37.19462958248582],[-106.67949428254282,37.228991970109696],[-106.67949428254282,37.403381087300865]],[[-106.85895898218982,41.002841190901904],[-106.32056488324882,40.999404952139514],[-106.19135029950299,40.99768683275832]],[[-106.19135029950299,40.99768683275832],[-106.18776100551005,40.937552654416535],[-106.13751088960889,40.90147214741147],[-106.12674300763007,40.86968693885938],[-106.0477785397854,40.80439840237402],[-105.94727830798307,40.6420361208512],[-105.91138536805367,40.56643886807868],[-105.90779607406074,40.51575434633346],[-105.8683138401384,40.52090870447704],[-105.85395666416663,40.486546316853165]],[[-105.85395666416663,40.486546316853165],[-105.89702819208192,40.46936512304122],[-105.90061748607485,40.410090004390035],[-105.94368901399014,40.38517727336273],[-105.95804618996189,40.349096766357654],[-106.02624277582775,40.371432318313175],[-106.13751088960889,40.33105651285512],[-106.16622524155241,40.34308334852348],[-106.23083253342533,40.325043095020945],[-106.25954688536885,40.35768736326363],[-106.29543982529825,40.355969243882434],[-106.29902911929119,40.33019745316452],[-106.35645782317823,40.35768736326363],[-106.39235076310763,40.34566052759527],[-106.45695805498055,40.35854642295422],[-106.49285099490994,40.40837188500884],[-106.53233322883229,40.3662779601696],[-106.61129769667696,40.37830479583795],[-106.62565487264872,40.42813025789257],[-106.6507799305993,40.44531145170451]],[[-106.6507799305993,40.44531145170451],[-106.65436922459224,40.509740928499276],[-106.70103004650046,40.57588852467524],[-106.7046193404934,40.6162643301333],[-106.668726400564,40.6970159410494],[-106.67231569455694,40.737391746507456],[-106.63642275462755,40.81298899927999],[-106.69026216452164,40.88686813267132],[-106.73333369243691,40.872264117931174],[-106.77999451434513,40.906626505555046],[-106.80153027830278,40.89717684895848],[-106.848191100211,40.92466675905759],[-106.87331615816157,40.97019692265922],[-106.85895898218982,41.002841190901904]],[[-107.48349613696136,37.422280400493996],[-107.12815603166031,37.42313946018459]],[[-107.12815603166031,37.42313946018459],[-107.12815603166031,37.392213311323104],[-106.71179792847929,37.39650860977609],[-106.71179792847929,37.40424014699146]],[[-106.71179792847929,37.40424014699146],[-106.67949428254282,37.403381087300865]],[[-106.47490452494525,36.99360961488614],[-106.86972686416864,36.99275055519555],[-106.87690545215452,37.00048209241092],[-107.42247813908139,36.99962303272032],[-107.48349613696136,36.99962303272032]],[[-107.48349613696136,36.99962303272032],[-107.48349613696136,37.422280400493996]],[[-103.70755885638856,39.740023445724454],[-103.70396956239561,40.00117759166591]],[[-103.70396956239561,40.00117759166591],[-103.47066545285452,40.00117759166591],[-103.47066545285452,40.34995582604825],[-103.46707615886159,40.436720854798544]],[[-103.46707615886159,40.436720854798544],[-103.3881116910169,40.43586179510795],[-102.78152100621006,40.43843897417973]],[[-102.78152100621006,40.43843897417973],[-102.78152100621006,40.35081488573885],[-102.79228888818888,40.35167394542945],[-102.79228888818888,40.0028957110471],[-102.8030567701677,40.0028957110471],[-102.8030567701677,39.56821150760507]],[[-102.8030567701677,39.56821150760507],[-103.15480758147581,39.56563432853328]],[[-103.15480758147581,39.56563432853328],[-103.70755885638856,39.566493388223876]],[[-103.70755885638856,39.566493388223876],[-103.70755885638856,39.740023445724454]],[[-109.05201761187611,39.66013089449894],[-108.89408867618675,39.66013089449894],[-108.89408867618675,39.650681237902376],[-108.55310574685747,39.64982217821178],[-108.55310574685747,39.693634222432216],[-107.93933647406473,39.694493282122814],[-107.93933647406473,39.825070355093544],[-107.69526448254481,39.83022471323713],[-107.4332460210602,39.828506593855934],[-107.4332460210602,39.91784880167801],[-107.31838861328613,39.91527162260622],[-107.31838861328613,40.090519799487986],[-107.03842368183682,40.09137885917858]],[[-107.03842368183682,40.09137885917858],[-107.03124509385093,40.0028957110471],[-107.03483438784387,39.91870786136861]],[[-107.03483438784387,39.91870786136861],[-107.11379885568856,39.91870786136861],[-107.11379885568856,39.366332480314796]],[[-107.11379885568856,39.366332480314796],[-107.42965672706727,39.366332480314796]],[[-107.42965672706727,39.366332480314796],[-109.05201761187611,39.366332480314796]],[[-109.05201761187611,39.366332480314796],[-109.05201761187611,39.66013089449894]],[[-106.69385145851457,37.83548811167111],[-106.58617263872638,37.834629051980514],[-106.58617263872638,37.74786402323023],[-106.03701065780658,37.748723082920826]],[[-106.03701065780658,37.748723082920826],[-106.0405999517995,37.40080390822908]],[[-106.71179792847929,37.40424014699146],[-106.71179792847929,37.664535233242326],[-106.69385145851457,37.664535233242326],[-106.69385145851457,37.83548811167111]],[[-103.58193356663566,40.52348588354883],[-103.46707615886159,40.52348588354883],[-103.46707615886159,40.436720854798544]],[[-103.70396956239561,40.00117759166591],[-104.14904201752017,40.00117759166591]],[[-104.14904201752017,40.00117759166591],[-104.14904201752017,40.52434494323943],[-103.58193356663566,40.52348588354883]],[[-104.66231105851058,39.56563432853328],[-103.71473744437444,39.566493388223876]],[[-103.71473744437444,39.566493388223876],[-103.72191603236031,39.128372946019454],[-103.71832673836738,38.86721880007799],[-104.05572037370374,38.86893691945919]],[[-104.05572037370374,38.86893691945919],[-104.05213107971079,39.128372946019454],[-104.66231105851058,39.12923200571005]],[[-104.66231105851058,39.12923200571005],[-104.66231105851058,39.56563432853328]],[[-109.05919619986199,38.500400312193115],[-108.38081963519635,38.500400312193115],[-108.3772303412034,38.66791695185951]],[[-108.3772303412034,38.66791695185951],[-107.50144260692606,38.66877601155011]],[[-107.50144260692606,38.66877601155011],[-107.50144260692606,38.30195752366523],[-107.63424648466484,38.30195752366523]],[[-107.63424648466484,38.30195752366523],[-107.63424648466484,38.33202461283612],[-108.13315834968348,38.331165553145524],[-108.10444399773998,38.31398435933359],[-108.08649752777526,38.255568300373],[-108.01112235392354,38.255568300373],[-107.93933647406473,38.21862873367733],[-107.94651506205061,38.15248113750137],[-107.96446153201532,38.15248113750137]],[[-107.96446153201532,38.15248113750137],[-108.90844585215852,38.15505831657316],[-109.04124972989729,38.153340197191966]],[[-109.04124972989729,38.153340197191966],[-109.05919619986199,38.27532667325673],[-109.05919619986199,38.500400312193115]],[[-104.05930966769667,38.14646771966719],[-103.99470237582375,38.14646771966719],[-103.97316661186612,38.13186370492704],[-103.84754132211322,38.123273108021074],[-103.8367734401344,38.11296439173391],[-103.61782650656507,38.11296439173391],[-103.61782650656507,38.1713804506945],[-103.51014768677686,38.1722395103851],[-103.50296909879098,38.265017956969565]],[[-103.50296909879098,38.265017956969565],[-103.39887957299572,38.265017956969565]],[[-103.39887957299572,38.265017956969565],[-103.39887957299572,37.822602216312156],[-103.4060581609816,37.643917800668]],[[-103.4060581609816,37.643917800668],[-104.05930966769667,37.643917800668],[-104.06289896168961,37.73497812787127]],[[-104.06289896168961,37.73497812787127],[-104.05930966769667,37.822602216312156],[-104.05930966769667,38.14646771966719]],[[-105.3299197411974,39.13009106540065],[-105.03200833978339,39.13009106540065]],[[-105.03200833978339,39.13009106540065],[-105.02841904579046,38.86893691945919],[-105.06790127971279,38.869795979149785],[-105.07149057370573,38.79935308452084],[-104.93868669596695,38.796775905449046],[-104.9422759899599,38.64987669835698]],[[-104.9422759899599,38.64987669835698],[-105.24018739137391,38.647299519285184],[-105.23659809738096,38.697124981339805],[-105.3299197411974,38.697124981339805]],[[-105.3299197411974,38.697124981339805],[-105.3299197411974,39.13009106540065]],[[-102.65230642246422,40.749418582175814],[-102.05289432564325,40.749418582175814]],[[-102.05289432564325,40.749418582175814],[-102.05289432564325,40.44015709356093]],[[-102.05289432564325,40.44015709356093],[-102.66307430444304,40.43843897417973]],[[-102.66307430444304,40.43843897417973],[-102.66307430444304,40.705606537955376],[-102.65230642246422,40.749418582175814]],[[-102.78152100621006,40.43843897417973],[-102.66307430444304,40.43843897417973]],[[-102.05289432564325,40.44015709356093],[-102.05289432564325,40.0028957110471],[-102.0493050316503,39.574224925439246]],[[-102.0493050316503,39.574224925439246],[-102.8030567701677,39.56821150760507]],[[-105.04995480974809,38.258145479444785],[-104.93868669596695,38.258145479444785],[-104.9422759899599,38.519299625386246]],[[-104.9422759899599,38.519299625386246],[-104.5654001207012,38.520158685076844],[-104.05213107971079,38.522735864148636]],[[-104.05213107971079,38.522735864148636],[-104.05930966769667,38.14646771966719]],[[-104.06289896168961,37.73497812787127],[-104.3500424811248,37.81744785816858]],[[-104.3500424811248,37.81744785816858],[-104.64795388253881,37.90077664815647],[-105.01406186981869,37.881018275272744],[-105.04995480974809,37.915380662896624]],[[-105.04995480974809,37.915380662896624],[-105.04995480974809,38.258145479444785]],[[-106.03701065780658,37.748723082920826],[-105.4555450309503,37.75130026199261]],[[-105.4555450309503,37.75130026199261],[-105.47708079490795,37.70748821777217],[-105.47708079490795,37.66539429293292],[-105.50220585285852,37.59752857737577],[-105.48425938289382,37.57777020449204]],[[-105.48425938289382,37.57777020449204],[-105.49502726487265,37.56402524944249],[-105.7426885503855,37.356991864008634]],[[-103.07584311363114,37.6430587409774],[-102.74921736027359,37.643917800668]],[[-102.74921736027359,37.643917800668],[-102.04212644366443,37.643917800668]],[[-102.04212644366443,37.643917800668],[-102.04212644366443,36.99275055519555],[-102.69896724437244,36.995327734267335],[-102.77793171221711,36.99962303272032],[-103.0004679397794,37.00048209241092],[-103.08661099560995,37.00048209241092]],[[-103.08661099560995,37.00048209241092],[-103.08302170161701,37.38190459503594],[-103.07584311363114,37.38190459503594],[-103.07584311363114,37.6430587409774]],[[-109.04483902389023,37.48499175790757],[-108.9156244401444,37.63189096499964],[-108.161872701627,37.63532720376203],[-107.9716401200012,37.63962250221502]],[[-107.9716401200012,37.63962250221502],[-108.02189023590235,37.591515159541586],[-108.03624741187411,37.52364944398443],[-108.03265811788117,37.464374325333246],[-108.07931893978939,37.43516629585295],[-108.10444399773998,37.38534083379833],[-108.19776564155642,37.35527374462744],[-108.21930140551405,37.29256238721386],[-108.24801575745757,37.25046846237462],[-108.29467657936578,37.21696513444134],[-108.29108728537285,37.145663180121794],[-108.30903375533755,37.13020010569105],[-108.33415881328813,37.05460285291852],[-108.38081963519635,36.99962303272032]],[[-108.38081963519635,36.99962303272032],[-109.04483902389023,36.998763973029725],[-109.04483902389023,37.48499175790757]],[[-104.9422759899599,39.71081541624416],[-104.9422759899599,39.71081541624416]],[[-105.05354410374103,39.621473208422074],[-105.05354410374103,39.62920474563745]],[[-105.05354410374103,39.62920474563745],[-105.05354410374103,39.63178192470924]],[[-105.05354410374103,39.63178192470924],[-105.03559763377633,39.65325841697416],[-104.97457963589635,39.66786243171431],[-104.88484728607285,39.62405038749387],[-104.84895434614346,39.65669465573655],[-104.90279375603755,39.66786243171431],[-104.90279375603755,39.69277516274162],[-104.86690081610816,39.69621140150401],[-104.88484728607285,39.740023445724454]],[[-104.88484728607285,39.740023445724454],[-104.47207847688476,39.73830532634326],[-103.70755885638856,39.740023445724454]],[[-103.70755885638856,39.566493388223876],[-103.71473744437444,39.566493388223876]],[[-104.66231105851058,39.56563432853328],[-105.04995480974809,39.566493388223876]],[[-105.04995480974809,39.566493388223876],[-105.05354410374103,39.621473208422074]],[[-106.99894144791448,37.95575646835468],[-106.96663780197801,37.97465578154781],[-106.94510203802038,37.954038348973484],[-106.88049474614746,37.96091082649826],[-106.848191100211,37.918816901659014],[-106.80153027830278,37.91366254351543],[-106.77281592635926,37.88531357372573],[-106.69385145851457,37.873286738057374],[-106.69385145851457,37.83548811167111]],[[-107.12815603166031,37.42313946018459],[-107.12456673766737,37.67484394952949],[-107.14610250162501,37.675703009220086],[-107.13892391363913,37.93857527454274],[-107.06713803378034,37.96091082649826],[-106.99894144791448,37.95575646835468]],[[-109.04124972989729,37.881018275272744],[-108.82230279632796,37.881018275272744],[-108.81512420834208,37.895622290012895],[-108.25519434544344,37.8947632303223],[-108.20853352353522,37.82088409693096],[-108.14033693766937,37.83205187290872],[-108.11162258572585,37.85524648455484],[-108.09008682176821,37.83978341012409],[-107.9895865899659,37.856964603936035],[-107.86037200622006,37.77535393332933]],[[-107.86037200622006,37.77535393332933],[-107.87472918219181,37.72209223251232],[-107.96805082600825,37.69632044179441],[-107.9716401200012,37.63962250221502]],[[-109.04483902389023,37.48499175790757],[-109.04124972989729,37.53052192150921],[-109.04124972989729,37.881018275272744]],[[-105.05354410374103,39.63178192470924],[-105.05354410374103,39.63178192470924]],[[-105.39811632706326,39.56563432853328],[-105.39811632706326,39.74689592324923]],[[-105.39811632706326,39.74689592324923],[-105.39811632706326,39.91269444353443]],[[-105.39811632706326,39.91269444353443],[-105.14686574755747,39.913553503225025]],[[-105.14686574755747,39.913553503225025],[-105.07149057370573,39.89980854817548],[-105.05354410374103,39.91441256291562]],[[-105.05354410374103,39.91441256291562],[-105.05354410374103,39.790707967469665]],[[-105.05354410374103,39.790707967469665],[-105.05354410374103,39.697070461194606],[-105.08225845568455,39.670439610786104],[-105.05354410374103,39.651540297592966],[-105.11097280762807,39.62662756656566],[-105.05354410374103,39.621473208422074]],[[-105.04995480974809,39.566493388223876],[-105.0858477496775,39.49519143390433],[-105.13609786557865,39.47113776256762],[-105.1217406896069,39.43419819587195],[-105.17199080550805,39.40756734546345],[-105.16481221752217,39.362037181861815],[-105.23300880338803,39.246923183321826],[-105.3299197411974,39.13009106540065]],[[-105.3299197411974,39.13009106540065],[-105.39811632706326,39.12923200571005],[-105.39811632706326,39.56563432853328]],[[-107.50144260692606,39.21771515384153],[-107.50144260692606,38.66877601155011]],[[-108.3772303412034,38.66791695185951],[-108.3772303412034,38.82942017369173],[-108.14033693766937,38.90673554584545],[-108.08649752777526,38.96772878387783],[-108.09367611576116,38.97975561954619],[-107.98240800198002,39.0596481707717],[-107.90703282812828,39.0605072304623],[-107.85678271222712,39.07940654365543],[-107.76705036240362,39.04332603665036],[-107.68808589455894,39.0871380808708],[-107.63783577865777,39.14211790106901],[-107.50144260692606,39.21771515384153]],[[-105.85395666416663,40.486546316853165],[-105.80729584225841,40.47451948118481],[-105.8144744302443,40.421257780367796],[-105.76781360833608,40.35940548264482],[-105.68525984649845,40.302707543065424],[-105.652956200562,40.260613618226174]],[[-105.652956200562,40.260613618226174],[-105.67808125851258,40.20133849957499],[-105.66731337653376,40.15838551504515],[-105.6350097305973,40.14635867937679],[-105.63859902459023,40.04584869557695],[-105.6888491404914,40.01492254671546],[-105.69243843448434,39.941043413324124],[-105.67449196451965,39.932452816418156]],[[-105.67449196451965,39.932452816418156],[-105.69961702247022,39.8912179512695],[-105.6888491404914,39.851701205502046]],[[-105.6888491404914,39.851701205502046],[-105.73550996239962,39.80445292251922],[-105.80011725427254,39.80359386282862],[-105.82165301823018,39.78555360932609],[-105.8862603101031,39.79672138530385],[-105.88267101611015,39.736587206962064],[-105.92574254402544,39.6987885805758]],[[-105.92574254402544,39.6987885805758],[-105.99752842388423,39.68418456583565],[-106.0585464217642,39.724560371293705],[-106.0836714797148,39.80617104190041],[-106.13033230162301,39.843969668286675],[-106.20211818148181,39.863728041170404],[-106.25236829738297,39.91441256291562],[-106.39594005710056,39.91441256291562],[-106.4354222910229,39.924721279202785]],[[-106.4354222910229,39.924721279202785],[-106.62565487264872,39.924721279202785]],[[-106.62565487264872,39.924721279202785],[-106.63642275462755,40.002036651356505],[-106.6328334606346,40.34136522914228],[-106.65436922459224,40.34136522914228],[-106.6507799305993,40.44531145170451]],[[-107.0025307419074,38.14732677935779],[-106.99894144791448,38.42566211911119],[-106.24518970939708,38.423084940039395]],[[-106.24518970939708,38.423084940039395],[-106.07649289172892,38.42394399972999],[-106.0585464217642,38.45658826797267],[-106.01188559985599,38.446279551685514]],[[-106.01188559985599,38.446279551685514],[-105.88984960409603,38.34061520974209],[-105.85754595815958,38.29852128490284],[-105.79652796027959,38.265017956969565]],[[-105.79652796027959,38.265017956969565],[-105.78934937229371,38.24440052439524],[-105.67449196451965,38.15935361502614],[-105.65654549455493,38.092346959159585],[-105.62783114261143,38.06743422813228],[-105.60270608466084,38.00901816917168],[-105.55963455674556,37.95146116990169],[-105.5093844408444,37.93943433423333],[-105.473491500915,37.895622290012895]],[[-105.473491500915,37.895622290012895],[-105.43041997299973,37.85181024579245],[-105.43400926699266,37.80456196280962],[-105.4555450309503,37.795971365903654],[-105.4555450309503,37.75130026199261]],[[-106.99894144791448,37.95575646835468],[-107.0025307419074,38.14732677935779]],[[-105.92574254402544,39.6987885805758],[-105.92574254402544,39.67301678985789],[-105.8503673701737,39.643808760377595],[-105.79293866628666,39.636077223162225],[-105.77499219632196,39.61116449213492],[-105.82883160621606,39.56477526884268]],[[-105.82883160621606,39.56477526884268],[-105.81806372423723,39.53814441843418],[-105.8683138401384,39.516667926169255],[-105.85395666416663,39.5046410905009],[-105.91138536805367,39.45653374782747],[-105.96522477794777,39.43763443463434],[-105.95086760197601,39.41443982298822],[-105.99393912989129,39.40155392762927],[-106.02265348183481,39.362037181861815],[-106.05495712777127,39.358600943099425],[-106.13392159561594,39.37921837567375]],[[-106.13392159561594,39.37921837567375],[-106.20570747547475,39.37921837567375]],[[-106.20570747547475,39.37921837567375],[-106.20570747547475,39.39897674855748],[-106.25236829738297,39.46770152380523],[-106.2559575913759,39.52525852307522],[-106.21288606346063,39.531271940909406],[-106.21288606346063,39.577661164201636],[-106.18058241752416,39.60686919368193],[-106.18776100551005,39.65325841697416],[-106.23083253342533,39.66184901388013],[-106.2631361793618,39.6996476402664],[-106.2918505313053,39.70394293871938],[-106.34210064720646,39.755486520155195],[-106.38517217512175,39.76579523644236],[-106.42465440904408,39.84139248921488],[-106.4354222910229,39.924721279202785]],[[-107.50144260692606,39.21771515384153],[-107.4511924910249,39.23060104920049],[-107.42965672706727,39.25723189960899],[-107.39376378713787,39.25637283991839]],[[-107.39376378713787,39.25637283991839],[-107.37222802318023,39.239191646106455],[-107.37581731717317,39.1979567809578],[-107.35428155321553,39.173044049930496],[-107.29685284932849,39.15328567704677],[-107.28249567335673,39.11892328942289],[-107.06713803378034,39.11892328942289],[-106.99535215392153,39.06909782736827],[-107.0025307419074,39.042466976959766],[-106.90561980409804,38.99178245521455],[-106.86254827618275,39.00982270871708],[-106.848191100211,38.98662809707096],[-106.80153027830278,38.978037500164994],[-106.74769086840868,39.042466976959766],[-106.69385145851457,39.055352872318714],[-106.65436922459224,39.044185096340954],[-106.60052981469813,38.99779587304872]],[[-106.60052981469813,38.99779587304872],[-106.5610475807758,38.99865493273932],[-106.4713152309523,38.91274896367963],[-106.4174758210582,38.923057679966796],[-106.32415417724177,38.90329930708307],[-106.35286852918529,38.855191964409634],[-106.42106511505115,38.8113799201892],[-106.4174758210582,38.72375583174831],[-106.44977946699467,38.69626592164921],[-106.42824370303703,38.658467295262945],[-106.37081499914999,38.619809609186085],[-106.34568994119941,38.561393550225496],[-106.33133276522764,38.49438689435894],[-106.24518970939708,38.423084940039395]],[[-107.0025307419074,38.14732677935779],[-107.56963919279193,38.14732677935779]],[[-107.56963919279193,38.14732677935779],[-107.56246060480605,38.158494555335544],[-107.58758566275662,38.24955488253882],[-107.63424648466484,38.30195752366523]],[[-105.48425938289382,37.57777020449204],[-105.44118785497854,37.61213259211591],[-105.40170562105621,37.61299165180651],[-105.36940197511974,37.63962250221502],[-105.29761609526095,37.65852181540815],[-105.23659809738096,37.62072318902188],[-105.18634798147981,37.61986412933129],[-105.21865162741626,37.58206550294502],[-105.17916939349394,37.54598499593995],[-105.17558009950099,37.456642788117875],[-105.15763362953629,37.45750184780847],[-105.12891927759277,37.41197168420683],[-105.16481221752217,37.38877707256072],[-105.16481221752217,37.28912614845148],[-105.15404433554335,37.29342144690446]],[[-105.15404433554335,37.29342144690446],[-105.15404433554335,36.995327734267335]],[[-105.15404433554335,36.995327734267335],[-105.22224092140921,36.995327734267335],[-105.71756349243492,36.99618679395793]],[[-104.97816892988929,40.032962800217994],[-104.97816892988929,40.032962800217994]],[[-104.9422759899599,40.99768683275832],[-104.49720353483534,41.00198213121131],[-104.05213107971079,41.00112307152071],[-103.57475497864978,41.00198213121131]],[[-103.57475497864978,41.00198213121131],[-103.57475497864978,40.702170299192986],[-103.58193356663566,40.6970159410494],[-103.58193356663566,40.52348588354883]],[[-104.14904201752017,40.00117759166591],[-104.49002494684946,40.00031853197531],[-104.9602224599246,40.00031853197531]],[[-104.9602224599246,40.00031853197531],[-104.9602224599246,40.044130576195755],[-104.99970469384694,40.02609032269322],[-104.98893681186811,40.00805006919069],[-105.05354410374103,40.00031853197531]],[[-105.05354410374103,40.00031853197531],[-105.05713339773398,40.00117759166591],[-105.05354410374103,40.26147267791677]],[[-105.05354410374103,40.26147267791677],[-105.05713339773398,40.349096766357654],[-104.94586528395283,40.349096766357654],[-104.94586528395283,40.59564689755897],[-104.9422759899599,40.68241192630926],[-104.9422759899599,40.99768683275832]],[[-105.15404433554335,37.29342144690446],[-105.11097280762807,37.298575805048046],[-104.99970469384694,37.36901869967699],[-104.93150810798107,37.395649550085494],[-104.88125799207991,37.387058953179526],[-104.75204340833407,37.406817326063255],[-104.69461470444703,37.44375689275892],[-104.68743611646116,37.49615953388533],[-104.66231105851058,37.495300474194735],[-104.55822153271532,37.56917960758607],[-104.54386435674355,37.6164278905689],[-104.45772130091301,37.73841436663366],[-104.3500424811248,37.81744785816858]],[[-103.4060581609816,37.643917800668],[-103.07584311363114,37.6430587409774]],[[-103.08661099560995,37.00048209241092],[-104.00905955179552,36.99618679395793],[-104.33927459914598,36.99360961488614],[-104.99970469384694,36.99360961488614],[-105.15404433554335,36.995327734267335]],[[-107.31838861328613,41.002841190901904],[-106.85895898218982,41.002841190901904]],[[-106.62565487264872,39.924721279202785],[-106.65436922459224,39.91956692105921],[-107.03483438784387,39.91870786136861]],[[-107.03842368183682,40.09137885917858],[-107.03842368183682,40.225392170911704],[-107.44042460904609,40.22367405153051]],[[-107.44042460904609,40.22367405153051],[-107.44401390303902,40.33449275161751],[-107.4332460210602,40.33449275161751],[-107.42965672706727,40.54238519674196],[-107.37222802318023,40.54238519674196],[-107.37222802318023,40.59994219601195],[-107.31479931929319,40.59994219601195],[-107.31838861328613,41.002841190901904]],[[-104.66231105851058,39.12923200571005],[-105.03200833978339,39.13009106540065]],[[-109.05201761187611,40.22281499183991],[-108.62489162671626,40.221955932149314],[-107.44042460904609,40.22367405153051]],[[-109.05201761187611,39.66013089449894],[-109.05201761187611,40.22281499183991]],[[-105.08943704367043,39.95822460713607],[-105.11097280762807,39.95650648775487]],[[-105.08943704367043,39.95822460713607],[-105.08943704367043,39.95822460713607]],[[-105.14686574755747,39.913553503225025],[-105.11097280762807,39.95650648775487]],[[-105.08943704367043,39.95822460713607],[-105.05354410374103,40.00031853197531]],[[-104.9602224599246,40.00031853197531],[-104.98893681186811,39.96853332342323],[-105.01406186981869,39.98141921878218],[-105.01406186981869,39.921285040440395],[-105.05354410374103,39.91441256291562]],[[-105.08225845568455,39.959083666826665],[-105.08225845568455,39.959083666826665]],[[-105.05354410374103,39.790707967469665],[-104.91356163801638,39.78383548994489],[-104.88484728607285,39.79843950468504],[-104.79152564225642,39.79843950468504],[-104.79152564225642,39.84139248921488],[-104.73050764437644,39.84482872797727],[-104.73050764437644,39.89894948848488],[-104.68025752847528,39.90668102570025],[-104.6012930606306,39.89980854817548],[-104.6192395305953,39.87403675745757],[-104.6192395305953,39.82249317602175],[-104.7628112903129,39.82335223571235],[-104.73409693836938,39.76923147520475],[-104.82741858218581,39.77352677365773],[-104.88484728607285,39.740023445724454]],[[-105.652956200562,40.260613618226174],[-105.40529491504914,40.25803643915439],[-105.29043750727507,40.263190797297966],[-105.05354410374103,40.26147267791677]],[[-105.39811632706326,39.91269444353443],[-105.39811632706326,39.93331187610875],[-105.67449196451965,39.932452816418156]],[[-105.11097280762807,39.95650648775487],[-105.11097280762807,39.95650648775487]],[[-106.19135029950299,40.99768683275832],[-105.7247420804208,40.99682777306772],[-105.2760803313033,40.99854589244892],[-104.9422759899599,40.99768683275832]],[[-104.05213107971079,38.522735864148636],[-103.61423721257212,38.522735864148636],[-103.50296909879098,38.51672244631445]],[[-103.50296909879098,38.51672244631445],[-103.50655839278392,38.342333329123285],[-103.50296909879098,38.265017956969565]],[[-105.79652796027959,38.265017956969565],[-105.04995480974809,38.258145479444785]],[[-105.04995480974809,37.915380662896624],[-105.0858477496775,37.95575646835468],[-105.12532998359983,37.95146116990169],[-105.14686574755747,38.0055819304093],[-105.19352656946569,38.007300049790494],[-105.24018739137391,37.96262894587945],[-105.27249103731037,37.90764912568125],[-105.31556256522565,37.93857527454274],[-105.41247350303503,37.89046793186931],[-105.473491500915,37.895622290012895]],[[-104.05572037370374,38.86893691945919],[-104.05213107971079,38.522735864148636]],[[-104.9422759899599,38.519299625386246],[-104.9422759899599,38.64987669835698]],[[-105.39811632706326,39.74689592324923],[-105.49861655886558,39.75806369922699],[-105.63142043660436,39.84311060859608],[-105.6888491404914,39.851701205502046]],[[-107.56963919279193,38.14732677935779],[-107.56604989879898,38.09921943668436],[-107.51221048890488,38.0605617506075],[-107.54810342883428,37.99870945288452],[-107.59117495674955,37.991836975359746],[-107.56963919279193,37.965206124951244]],[[-107.56963919279193,37.965206124951244],[-107.64142507265072,37.965206124951244],[-107.63783577865777,37.9205350210402],[-107.69526448254481,37.892186051250505],[-107.7383360104601,37.90507194660946]],[[-107.7383360104601,37.90507194660946],[-107.73115742247423,37.92998467763677],[-107.79576471434714,37.98840073659736],[-107.84960412424124,37.99269603505034],[-107.89985424014239,38.026199362983625],[-107.89267565215651,38.1155415708057],[-107.95010435604355,38.1164006304963],[-107.96446153201532,38.15248113750137]],[[-103.16198616946168,39.03731261881618],[-102.71691371433714,39.039030738197376],[-102.04571573765737,39.046762275412746]],[[-102.04571573765737,39.046762275412746],[-102.04571573765737,38.615514310733104]],[[-102.04571573765737,38.615514310733104],[-103.06148593765937,38.61465525104251],[-103.1727540514405,38.612078071970714]],[[-103.1727540514405,38.612078071970714],[-103.16557546345463,38.69025250381503],[-103.16198616946168,39.03731261881618]],[[-109.05201761187611,40.22281499183991],[-109.05201761187611,40.50029127190271],[-109.04842831788318,40.66265355342553],[-109.04842831788318,41.00026401183011],[-108.17981917159172,41.00026401183011],[-107.9178007101071,41.00198213121131],[-107.31838861328613,41.002841190901904]],[[-107.11379885568856,39.366332480314796],[-106.42824370303703,39.362037181861815]],[[-106.42824370303703,39.362037181861815],[-106.43183299702997,39.316507018260175],[-106.48567240692407,39.312211719807195],[-106.48208311293112,39.27269497403974],[-106.5072081708817,39.16703063209631],[-106.5610475807758,39.15586285611855],[-106.55745828678286,39.12064140880408],[-106.58617263872638,39.0879971405614],[-106.5789940507405,39.05793005139051]],[[-106.5789940507405,39.05793005139051],[-106.60052981469813,38.99779587304872]],[[-107.39376378713787,39.25637283991839],[-107.3794066111661,39.26925873527735],[-107.46554966699667,39.31478889887898],[-107.42965672706727,39.366332480314796]],[[-102.74203877228771,38.26673607635076],[-102.04571573765737,38.26845419573195]],[[-102.04571573765737,38.26845419573195],[-102.04571573765737,38.26244077789777],[-102.04212644366443,37.73841436663366],[-102.04212644366443,37.643917800668]],[[-102.74921736027359,37.643917800668],[-102.74921736027359,37.82346127600275],[-102.74203877228771,37.82432033569335],[-102.74203877228771,38.26673607635076]],[[-107.86037200622006,37.77535393332933],[-107.79576471434714,37.822602216312156],[-107.78140753837538,37.868132379913796],[-107.7383360104601,37.90507194660946]],[[-107.56963919279193,37.965206124951244],[-107.53374625286253,37.94372963268632],[-107.51938907689076,37.90163570784707],[-107.53733554685546,37.87414579774797],[-107.51579978289783,37.826038455074546],[-107.46913896098961,37.8097163209532],[-107.45837107901079,37.7822264108541],[-107.48349613696136,37.768481455804555],[-107.48349613696136,37.63962250221502]],[[-107.48349613696136,37.63962250221502],[-107.9716401200012,37.63962250221502]],[[-107.48349613696136,37.63962250221502],[-107.48349613696136,37.422280400493996]],[[-107.48349613696136,36.99962303272032],[-108.24801575745757,36.998763973029725],[-108.38081963519635,36.99962303272032]],[[-102.0493050316503,39.574224925439246],[-102.0493050316503,39.30276206321062],[-102.04571573765737,39.13352730416303],[-102.04571573765737,39.046762275412746]],[[-103.16198616946168,39.03731261881618],[-103.15480758147581,39.128372946019454],[-103.15480758147581,39.56563432853328]],[[-109.04124972989729,37.881018275272744],[-109.04124972989729,38.153340197191966]],[[-105.39811632706326,39.56563432853328],[-105.58834890868908,39.56821150760507],[-105.82883160621606,39.56477526884268]],[[-103.50296909879098,38.51672244631445],[-103.50296909879098,38.523594923839234],[-103.1727540514405,38.52531304322043],[-103.1727540514405,38.612078071970714]],[[-102.04571573765737,38.615514310733104],[-102.04571573765737,38.26845419573195]],[[-102.74203877228771,38.26673607635076],[-103.39887957299572,38.265017956969565]],[[-105.3299197411974,38.697124981339805],[-105.96881407194071,38.69368874257742]],[[-105.96881407194071,38.69368874257742],[-105.94009971999719,38.76327257751577],[-105.90779607406074,38.80708462173621],[-105.94368901399014,38.85261478533785],[-105.92574254402544,38.87237315822158],[-105.97599265992659,38.88268187450874],[-105.96522477794777,38.90587648615485],[-106.0298320698207,38.942816052850524],[-106.11238583165832,38.94023887377873],[-106.10879653766537,38.98748715676156],[-106.16981453554536,38.99092339552395],[-106.19135029950299,39.05621193200931]],[[-106.19135029950299,39.05621193200931],[-106.16981453554536,39.086279021180204],[-106.20929676946768,39.10431927468274],[-106.17340382953829,39.13696354292542],[-106.18417171151711,39.20912455693556],[-106.18417171151711,39.3096345407354],[-106.15186806558064,39.32080231671316],[-106.13392159561594,39.37921837567375]],[[-106.42824370303703,39.362037181861815],[-106.3995293510935,39.38093649505495],[-106.35286852918529,39.35344658495584],[-106.28467194331942,39.34915128650286],[-106.20570747547475,39.37921837567375]],[[-106.19135029950299,39.05621193200931],[-106.5789940507405,39.05793005139051]],[[-103.57475497864978,41.00198213121131],[-102.65230642246422,41.00198213121131]],[[-102.65230642246422,41.00198213121131],[-102.65230642246422,40.749418582175814]],[[-102.65230642246422,41.00198213121131],[-102.62000277652776,41.002841190901904],[-102.05289432564325,41.00198213121131],[-102.05289432564325,40.749418582175814]],[[-105.96881407194071,38.69368874257742],[-105.92574254402544,38.67994378752787],[-105.91497466204662,38.63011832547325],[-105.87908172211722,38.60176935568355],[-105.9042067800678,38.54764859517594],[-105.90779607406074,38.5055546703367],[-105.93651042600426,38.503836550955505],[-106.01188559985599,38.446279551685514]],[[-109.05919619986199,38.500400312193115],[-109.05919619986199,38.719460533295326],[-109.05201761187611,38.905017426464255],[-109.05201761187611,39.366332480314796]]]}