{"type":"Topology","bbox":[-95.76804054400543,35.99538225441254,-89.09913230512305,40.613687151061505],"objects":{"counties":{"type":"GeometryCollection","geometries":[{"type":"Polygon","arcs":[[0,1,2,3,4,5,6]],"id":"29185","properties":{"name":"St. Clair"}},{"type":"Polygon","arcs":[[7,8,9]],"id":"29119","properties":{"name":"McDonald"}},{"type":"Polygon","arcs":[[10,11,12,13,14,15]],"id":"29225","properties":{"name":"Webster"}},{"type":"Polygon","arcs":[[16,17,18,19,20]],"id":"29219","properties":{"name":"Warren"}},{"type":"Polygon","arcs":[[21,-15,22,23,24,25]],"id":"29043","properties":{"name":"Christian"}},{"type":"Polygon","arcs":[[26,27,28,29,30,31]],"id":"29053","properties":{"name":"Cooper"}},{"type":"Polygon","arcs":[[32,33,34,35,-12,36]],"id":"29105","properties":{"name":"Laclede"}},{"type":"Polygon","arcs":[[37,38,39,40,41,42]],"id":"29117","properties":{"name":"Livingston"}},{"type":"Polygon","arcs":[[43,44,45,46,47]],"id":"29011","properties":{"name":"Barton"}},{"type":"Polygon","arcs":[[48,49,50,-8,51]],"id":"29145","properties":{"name":"Newton"}},{"type":"Polygon","arcs":[[52,-25,53,54,55]],"id":"29209","properties":{"name":"Stone"}},{"type":"Polygon","arcs":[[56,57,-43,58,59,60]],"id":"29061","properties":{"name":"Daviess"}},{"type":"Polygon","arcs":[[61,62,63,64,65]],"id":"29199","properties":{"name":"Scotland"}},{"type":"Polygon","arcs":[[66,-6,67,68,-45]],"id":"29039","properties":{"name":"Cedar"}},{"type":"Polygon","arcs":[[69,70,71,-32,72,73,74]],"id":"29159","properties":{"name":"Pettis"}},{"type":"Polygon","arcs":[[-74,75,76,77,-3,78]],"id":"29015","properties":{"name":"Benton"}},{"type":"Polygon","arcs":[[-14,79,80,81,82,83,-23]],"id":"29067","properties":{"name":"Douglas"}},{"type":"Polygon","arcs":[[84,85,86,87,88,89]],"id":"29065","properties":{"name":"Dent"}},{"type":"Polygon","arcs":[[90,-88,91,92,93,94]],"id":"29203","properties":{"name":"Shannon"}},{"type":"Polygon","arcs":[[95,96,97,98,99]],"id":"29211","properties":{"name":"Sullivan"}},{"type":"Polygon","arcs":[[100,101,102,103,104,105]],"id":"29049","properties":{"name":"Clinton"}},{"type":"Polygon","arcs":[[106,107,108,109,110]],"id":"29205","properties":{"name":"Shelby"}},{"type":"Polygon","arcs":[[111,112,113,114,115]],"id":"29221","properties":{"name":"Washington"}},{"type":"Polygon","arcs":[[116,117,-65,118,119,120,-97]],"id":"29001","properties":{"name":"Adair"}},{"type":"Polygon","arcs":[[121,122,123,124,125,-34]],"id":"29169","properties":{"name":"Pulaski"}},{"type":"Polygon","arcs":[[126,-115,127,128,129,130,-86]],"id":"29093","properties":{"name":"Iron"}},{"type":"Polygon","arcs":[[131,-59,-42,132,133,-102]],"id":"29025","properties":{"name":"Caldwell"}},{"type":"Polygon","arcs":[[134,135,136]],"id":"29155","properties":{"name":"Pemiscot"}},{"type":"Polygon","arcs":[[137,138,139,140,-109]],"id":"29127","properties":{"name":"Marion"}},{"type":"Polygon","arcs":[[141,-60,-132,-101,142,143]],"id":"29063","properties":{"name":"DeKalb"}},{"type":"Polygon","arcs":[[-19,144,145,146,-112,147,148]],"id":"29071","properties":{"name":"Franklin"}},{"type":"Polygon","arcs":[[-47,149,150,-49,151]],"id":"29097","properties":{"name":"Jasper"}},{"type":"Polygon","arcs":[[-36,152,-80,-13]],"id":"29229","properties":{"name":"Wright"}},{"type":"Polygon","arcs":[[-35,-126,153,-89,-91,154,-81,-153]],"id":"29215","properties":{"name":"Texas"}},{"type":"Polygon","arcs":[[155,156,157,158,-129]],"id":"29123","properties":{"name":"Madison"}},{"type":"Polygon","arcs":[[159,160,161,162,-21,163,164]],"id":"29139","properties":{"name":"Montgomery"}},{"type":"Polygon","arcs":[[165,166,167,-90,-154,-125]],"id":"29161","properties":{"name":"Phelps"}},{"type":"Polygon","arcs":[[-103,-134,168,169,170,171]],"id":"29177","properties":{"name":"Ray"}},{"type":"Polygon","arcs":[[172,173,174,175,176,177,-40]],"id":"29041","properties":{"name":"Chariton"}},{"type":"Polygon","arcs":[[178,179,180,181,-123,182,183]],"id":"29131","properties":{"name":"Miller"}},{"type":"Polygon","arcs":[[184,185]],"id":"29510","properties":{"name":"St. Louis"}},{"type":"Polygon","arcs":[[186,187,-162,188,189]],"id":"29163","properties":{"name":"Pike"}},{"type":"Polygon","arcs":[[190,-160,191,192,193]],"id":"29027","properties":{"name":"Callaway"}},{"type":"Polygon","arcs":[[194,-140,195,-190,196]],"id":"29173","properties":{"name":"Ralls"}},{"type":"Polygon","arcs":[[-170,197,198,-71,199,200]],"id":"29107","properties":{"name":"Lafayette"}},{"type":"Polygon","arcs":[[201,202,-166,-124,-182]],"id":"29125","properties":{"name":"Maries"}},{"type":"Polygon","arcs":[[203,-192,-165,204,-202,-181]],"id":"29151","properties":{"name":"Osage"}},{"type":"Polygon","arcs":[[205,206,207]],"id":"29133","properties":{"name":"Mississippi"}},{"type":"Polygon","arcs":[[208,-171,-201,209,210,211]],"id":"29095","properties":{"name":"Jackson"}},{"type":"Polygon","arcs":[[212,-183,-122,-33,213,214,-77]],"id":"29029","properties":{"name":"Camden"}},{"type":"Polygon","arcs":[[215,216,-208,217,218]],"id":"29201","properties":{"name":"Scott"}},{"type":"Polygon","arcs":[[-133,-41,-178,219,-198,-169]],"id":"29033","properties":{"name":"Carroll"}},{"type":"Polygon","arcs":[[220,221,222]],"id":"29005","properties":{"name":"Atchison"}},{"type":"Polygon","arcs":[[223,224,225,-61,-142,226]],"id":"29075","properties":{"name":"Gentry"}},{"type":"Polygon","arcs":[[227,-143,-106,228,229]],"id":"29021","properties":{"name":"Buchanan"}},{"type":"Polygon","arcs":[[230,-197,-189,-161,-191,231,232]],"id":"29007","properties":{"name":"Audrain"}},{"type":"Polygon","arcs":[[-210,-200,-70,233,234]],"id":"29101","properties":{"name":"Johnson"}},{"type":"Polygon","arcs":[[-158,235,236,237,238]],"id":"29017","properties":{"name":"Bollinger"}},{"type":"Polygon","arcs":[[-93,239,240,241,242,243]],"id":"29035","properties":{"name":"Carter"}},{"type":"Polygon","arcs":[[244,-232,-194,245,246,-29,247]],"id":"29019","properties":{"name":"Boone"}},{"type":"Polygon","arcs":[[248,249,250,251,-236,-157]],"id":"29157","properties":{"name":"Perry"}},{"type":"Polygon","arcs":[[-188,252,253,254,255,256,257,258,259,-17,-163]],"id":"29113","properties":{"name":"Lincoln"}},{"type":"Polygon","arcs":[[260,261,-1,262,263]],"id":"29013","properties":{"name":"Bates"}},{"type":"Polygon","arcs":[[264,-104,-172,-209,265]],"id":"29047","properties":{"name":"Clay"}},{"type":"Polygon","arcs":[[266,267,-117,-96,268]],"id":"29171","properties":{"name":"Putnam"}},{"type":"Polygon","arcs":[[269,-66,-118,-268]],"id":"29197","properties":{"name":"Schuyler"}},{"type":"Polygon","arcs":[[-63,270,271,272]],"id":"29045","properties":{"name":"Clark"}},{"type":"Polygon","arcs":[[273,274,-16,-22,275,276]],"id":"29077","properties":{"name":"Greene"}},{"type":"Polygon","arcs":[[-30,-247,277,-179,278]],"id":"29135","properties":{"name":"Moniteau"}},{"type":"Polygon","arcs":[[279,280,281,-57,-226,282]],"id":"29081","properties":{"name":"Harrison"}},{"type":"Polygon","arcs":[[-148,-116,-127,-85,-168,283]],"id":"29055","properties":{"name":"Crawford"}},{"type":"Polygon","arcs":[[284,-82,-155,-95,285,286]],"id":"29091","properties":{"name":"Howell"}},{"type":"Polygon","arcs":[[-211,-235,287,-261,288]],"id":"29037","properties":{"name":"Cass"}},{"type":"Polygon","arcs":[[-131,289,-240,-92,-87]],"id":"29179","properties":{"name":"Reynolds"}},{"type":"Polygon","arcs":[[290,-283,-225,291]],"id":"29227","properties":{"name":"Worth"}},{"type":"Polygon","arcs":[[292,293,-233,-245,294,-175]],"id":"29175","properties":{"name":"Randolph"}},{"type":"Polygon","arcs":[[295,-292,-224,296,297,-221]],"id":"29147","properties":{"name":"Nodaway"}},{"type":"Polygon","arcs":[[298,299,-186,300,301,-146]],"id":"29189","properties":{"name":"St. Louis"}},{"type":"Polygon","arcs":[[302,303,304,-137,305]],"id":"29069","properties":{"name":"Dunklin"}},{"type":"Polygon","arcs":[[-110,-141,-195,-231,-294]],"id":"29137","properties":{"name":"Monroe"}},{"type":"Polygon","arcs":[[-73,-31,-279,-184,-213,-76]],"id":"29141","properties":{"name":"Morgan"}},{"type":"Polygon","arcs":[[306,-218,-207,307,-135,-305]],"id":"29143","properties":{"name":"New Madrid"}},{"type":"Polygon","arcs":[[-94,-244,308,309,-286]],"id":"29149","properties":{"name":"Oregon"}},{"type":"Polygon","arcs":[[310,311,-250,312]],"id":"29186","properties":{"name":"Ste. Genevieve"}},{"type":"Polygon","arcs":[[-272,313,-138,-108,314]],"id":"29111","properties":{"name":"Lewis"}},{"type":"Polygon","arcs":[[315,-238,316,-219,-307,-304,317]],"id":"29207","properties":{"name":"Stoddard"}},{"type":"Polygon","arcs":[[318,-99,319,-38,-58,-282]],"id":"29079","properties":{"name":"Grundy"}},{"type":"Polygon","arcs":[[-114,320,-313,-249,-156,-128]],"id":"29187","properties":{"name":"St. Francois"}},{"type":"Polygon","arcs":[[-229,-105,-265,321]],"id":"29165","properties":{"name":"Platte"}},{"type":"Polygon","arcs":[[322,-83,-285,323]],"id":"29153","properties":{"name":"Ozark"}},{"type":"Polygon","arcs":[[-24,-84,-323,324,-54]],"id":"29213","properties":{"name":"Taney"}},{"type":"Polygon","arcs":[[-130,-159,-239,-316,325,-241,-290]],"id":"29223","properties":{"name":"Wayne"}},{"type":"Polygon","arcs":[[-222,-298,326,327]],"id":"29087","properties":{"name":"Holt"}},{"type":"Polygon","arcs":[[-288,-234,-75,-79,-2,-262]],"id":"29083","properties":{"name":"Henry"}},{"type":"Polygon","arcs":[[-4,-78,-215,328,329]],"id":"29085","properties":{"name":"Hickory"}},{"type":"Polygon","arcs":[[330,-269,-100,-319,-281]],"id":"29129","properties":{"name":"Mercer"}},{"type":"Polygon","arcs":[[-5,-330,331,-274,332,-68]],"id":"29167","properties":{"name":"Polk"}},{"type":"Polygon","arcs":[[-64,-273,-315,-107,333,-119]],"id":"29103","properties":{"name":"Knox"}},{"type":"Polygon","arcs":[[-120,-334,-111,-293,-174,334]],"id":"29121","properties":{"name":"Macon"}},{"type":"Polygon","arcs":[[-46,-69,-333,-277,335,-150]],"id":"29057","properties":{"name":"Dade"}},{"type":"Polygon","arcs":[[-320,-98,-121,-335,-173,-39]],"id":"29115","properties":{"name":"Linn"}},{"type":"Polygon","arcs":[[-151,-336,-276,-26,-53,336,-50]],"id":"29109","properties":{"name":"Lawrence"}},{"type":"Polygon","arcs":[[-297,-227,-144,-228,337,-327]],"id":"29003","properties":{"name":"Andrew"}},{"type":"Polygon","arcs":[[-176,-295,-248,-28,338]],"id":"29089","properties":{"name":"Howard"}},{"type":"Polygon","arcs":[[-329,-214,-37,-11,-275,-332]],"id":"29059","properties":{"name":"Dallas"}},{"type":"Polygon","arcs":[[-246,-193,-204,-180,-278]],"id":"29051","properties":{"name":"Cole"}},{"type":"Polygon","arcs":[[-9,-51,-337,-56,339]],"id":"29009","properties":{"name":"Barry"}},{"type":"Polygon","arcs":[[-220,-177,-339,-27,-72,-199]],"id":"29195","properties":{"name":"Saline"}},{"type":"Polygon","arcs":[[-260,258,-258,256,-256,254,-254,340,-299,-145,-18]],"id":"29183","properties":{"name":"St. Charles"}},{"type":"Polygon","arcs":[[-243,341,342,-309]],"id":"29181","properties":{"name":"Ripley"}},{"type":"Polygon","arcs":[[-263,-7,-67,-44,343]],"id":"29217","properties":{"name":"Vernon"}},{"type":"Polygon","arcs":[[-326,-318,-303,344,-342,-242]],"id":"29023","properties":{"name":"Butler"}},{"type":"Polygon","arcs":[[-252,345,-216,-317,-237]],"id":"29031","properties":{"name":"Cape Girardeau"}},{"type":"Polygon","arcs":[[-205,-164,-20,-149,-284,-167,-203]],"id":"29073","properties":{"name":"Gasconade"}},{"type":"Polygon","arcs":[[-302,346,-311,-321,-113,-147]],"id":"29099","properties":{"name":"Jefferson"}}]}},"arcs":[[[-94.05953660336603,38.03650807927079],[-94.0487687213872,38.21433343522435]],[[-94.0487687213872,38.21433343522435],[-93.55703544435444,38.20144753986539],[-93.52473179841797,38.207460957699574]],[[-93.52473179841797,38.207460957699574],[-93.49601744647445,38.1988703607936],[-93.50319603446034,38.07344764596645]],[[-93.50319603446034,38.07344764596645],[-93.51037462244622,37.91366254351543],[-93.56780332633326,37.914521603206026],[-93.57498191431914,37.82775657445574]],[[-93.57498191431914,37.82775657445574],[-93.62882132421323,37.82947469383693]],[[-93.62882132421323,37.82947469383693],[-93.81187531785318,37.834629051980514],[-93.80828602386023,37.8930451109411],[-94.0667151913519,37.90077664815647]],[[-94.0667151913519,37.90077664815647],[-94.05953660336603,38.03650807927079]],[[-94.61946646626465,36.76681785656856],[-94.07030448534485,36.74791854337543]],[[-94.07030448534485,36.74791854337543],[-94.0667151913519,36.73846888677886],[-94.07748307333073,36.498791233102324]],[[-94.07748307333073,36.498791233102324],[-94.61946646626465,36.49965029279292],[-94.61946646626465,36.76681785656856]],[[-93.07248075530755,37.41540792296922],[-93.07248075530755,37.487568936979365],[-92.85353382173821,37.484132698216975]],[[-92.85353382173821,37.484132698216975],[-92.68842629806298,37.48155551914518]],[[-92.68842629806298,37.48155551914518],[-92.69201559205591,37.26335435773357],[-92.67765841608416,37.26335435773357],[-92.68483700407003,37.06662968858688]],[[-92.68483700407003,37.06662968858688],[-92.90378393763937,37.07092498703987]],[[-92.90378393763937,37.07092498703987],[-92.90378393763937,37.08552900178001],[-93.06530216732168,37.0889652405424]],[[-93.06530216732168,37.0889652405424],[-93.06171287332873,37.27022683525835],[-93.07607004930048,37.27022683525835],[-93.07248075530755,37.41540792296922]],[[-91.26347658286582,38.992641514905145],[-91.18810140901408,38.99178245521455],[-91.18810140901408,38.93250733656336],[-91.10913694116941,38.931648276872764],[-91.11272623516234,38.87237315822158],[-90.95838659346593,38.87065503884038]],[[-90.95838659346593,38.87065503884038],[-90.96556518145181,38.54764859517594]],[[-90.96556518145181,38.54764859517594],[-91.0086367093671,38.562252609916094],[-91.05529753127531,38.608641833208324],[-91.13426199911999,38.59833311692116],[-91.22758364293642,38.62152772856728],[-91.22758364293642,38.6430042208322],[-91.31731599275993,38.708292757317565],[-91.36756610866108,38.6997021604116]],[[-91.36756610866108,38.6997021604116],[-91.41781622456224,38.71001087669876]],[[-91.41781622456224,38.71001087669876],[-91.4142269305693,38.84488324812247],[-91.26347658286582,38.84402418843188],[-91.26347658286582,38.992641514905145]],[[-93.6072855602556,37.098414897138966],[-93.06530216732168,37.0889652405424]],[[-92.90378393763937,37.07092498703987],[-92.91096252562525,36.80891178140781]],[[-92.91096252562525,36.80891178140781],[-93.30578486484865,36.81664331862318]],[[-93.30578486484865,36.81664331862318],[-93.34167780477804,36.817502378313776],[-93.3380885107851,36.99275055519555],[-93.61087485424854,36.99618679395793]],[[-93.61087485424854,36.99618679395793],[-93.6072855602556,37.098414897138966]],[[-93.05094499134991,38.928212038110374],[-93.04735569735696,38.97202408233082],[-92.93608758357583,39.06480252891528]],[[-92.93608758357583,39.06480252891528],[-92.9145518196182,39.02099048469484],[-92.85353382173821,38.98233279861798],[-92.79251582385824,38.97202408233082],[-92.7171406500065,38.98405091799918],[-92.59510465424654,38.96772878387783],[-92.55921171431714,38.970305962949624]],[[-92.55921171431714,38.970305962949624],[-92.49819371643716,38.9221986202762]],[[-92.49819371643716,38.9221986202762],[-92.61664041820418,38.69454780226802],[-92.61664041820418,38.67994378752787],[-92.83917664576646,38.684239085980856]],[[-92.83917664576646,38.684239085980856],[-93.06171287332873,38.692829682886824]],[[-93.06171287332873,38.692829682886824],[-93.05094499134991,38.928212038110374]],[[-92.85712311573116,37.895622290012895],[-92.62022971219712,37.892186051250505],[-92.59869394823947,37.84064246981469],[-92.54844383233832,37.800266664356634],[-92.5017830104301,37.82775657445574],[-92.45153289452894,37.82432033569335],[-92.40846136661366,37.85954178300782]],[[-92.40846136661366,37.85954178300782],[-92.4120506606066,37.714360695296946],[-92.25053243092431,37.64821309912099],[-92.25053243092431,37.60440105490054]],[[-92.25053243092431,37.60440105490054],[-92.25053243092431,37.472964922239214]],[[-92.25053243092431,37.472964922239214],[-92.68842629806298,37.48155551914518]],[[-92.85353382173821,37.484132698216975],[-92.84635523375233,37.72123317282172],[-92.86071240972409,37.72123317282172],[-92.85712311573116,37.895622290012895]],[[-93.76162520195201,39.959942726517255],[-93.36321356873569,39.96767426373263]],[[-93.36321356873569,39.96767426373263],[-93.36321356873569,39.70394293871938],[-93.2663026309263,39.70394293871938]],[[-93.2663026309263,39.70394293871938],[-93.28783839488395,39.68160738676386],[-93.26271333693336,39.62319132780327],[-93.27707051290513,39.6154597905879]],[[-93.27707051290513,39.6154597905879],[-93.75803590795907,39.61116449213492]],[[-93.75803590795907,39.61116449213492],[-93.75803590795907,39.78469454963549]],[[-93.75803590795907,39.78469454963549],[-93.76162520195201,39.959942726517255]],[[-94.61587717227172,37.653367457264565],[-94.0738937793378,37.63962250221502]],[[-94.0738937793378,37.63962250221502],[-94.0738937793378,37.58120644325442]],[[-94.0738937793378,37.58120644325442],[-94.08107236732367,37.349260326793264]],[[-94.08107236732367,37.349260326793264],[-94.61587717227172,37.36386434153341]],[[-94.61587717227172,37.36386434153341],[-94.61587717227172,37.653367457264565]],[[-94.61946646626465,37.05718003199031],[-94.05953660336603,37.04773037539375]],[[-94.05953660336603,37.04773037539375],[-94.06312589735897,36.93175731716317]],[[-94.06312589735897,36.93175731716317],[-94.07030448534485,36.74791854337543]],[[-94.61946646626465,36.76681785656856],[-94.61946646626465,37.05718003199031]],[[-93.61087485424854,36.9231667202572],[-93.61087485424854,36.99618679395793]],[[-93.30578486484865,36.81664331862318],[-93.31655274682747,36.498791233102324]],[[-93.31655274682747,36.498791233102324],[-93.58574979629796,36.498791233102324]],[[-93.58574979629796,36.498791233102324],[-93.57498191431914,36.82007955738557],[-93.61446414824148,36.820938617076166],[-93.61087485424854,36.9231667202572]],[[-94.21746553905538,40.13690902278022],[-93.76521449594496,40.132613724327236]],[[-93.76521449594496,40.132613724327236],[-93.76162520195201,39.959942726517255]],[[-93.75803590795907,39.78469454963549],[-94.20669765707656,39.78898984808848]],[[-94.20669765707656,39.78898984808848],[-94.20310836308363,40.03468091959919],[-94.21746553905538,40.03468091959919]],[[-94.21746553905538,40.03468091959919],[-94.21746553905538,40.13690902278022]],[[-92.35103266272662,40.59736501694016],[-92.1787465510655,40.60080125570255],[-91.94185314753148,40.605955613846135]],[[-91.94185314753148,40.605955613846135],[-91.94903173551735,40.30098942368423]],[[-91.94903173551735,40.30098942368423],[-92.34744336873368,40.302707543065424]],[[-92.34744336873368,40.302707543065424],[-92.35103266272662,40.34651958728587]],[[-92.35103266272662,40.34651958728587],[-92.35103266272662,40.59736501694016]],[[-94.0738937793378,37.63962250221502],[-94.0738937793378,37.7555955604456],[-94.0667151913519,37.90077664815647]],[[-93.62882132421323,37.82947469383693],[-93.63241061820618,37.74270966508664],[-93.61087485424854,37.741850605396046],[-93.61446414824148,37.572615846348455]],[[-93.61446414824148,37.572615846348455],[-94.0738937793378,37.58120644325442]],[[-93.51037462244622,38.55623919208191],[-93.50678532845328,38.69454780226802],[-93.49242815248152,38.88783623265232],[-93.49601744647445,38.928212038110374]],[[-93.49601744647445,38.928212038110374],[-93.49601744647445,38.942816052850524]],[[-93.49601744647445,38.942816052850524],[-93.05094499134991,38.928212038110374]],[[-93.06171287332873,38.692829682886824],[-93.0688914613146,38.52960834167341]],[[-93.0688914613146,38.52960834167341],[-93.29142768887688,38.53562175950759],[-93.29142768887688,38.50641373002729],[-93.51396391643917,38.51242714786147]],[[-93.51396391643917,38.51242714786147],[-93.51037462244622,38.55623919208191]],[[-93.0688914613146,38.52960834167341],[-93.07607004930048,38.26329983758837]],[[-93.07607004930048,38.26329983758837],[-93.08324863728637,38.18684352512525],[-93.05812357933578,38.18598446543465],[-93.06530216732168,38.06227986998869]],[[-93.06530216732168,38.06227986998869],[-93.50319603446034,38.07344764596645]],[[-93.52473179841797,38.207460957699574],[-93.51037462244622,38.447138611376104],[-93.51396391643917,38.51242714786147]],[[-92.68483700407003,37.06662968858688],[-92.25053243092431,37.059757211062106]],[[-92.25053243092431,37.059757211062106],[-92.08901420124201,37.056320972299716]],[[-92.08901420124201,37.056320972299716],[-92.09619278922789,36.79430776666766],[-92.11413925919258,36.79430776666766]],[[-92.11413925919258,36.79430776666766],[-92.76380147191472,36.806334602336015]],[[-92.76380147191472,36.806334602336015],[-92.91096252562525,36.80891178140781]],[[-91.52908433834338,37.78909888837888],[-91.30654811078111,37.787380768997686],[-91.31013740477404,37.6997566805568],[-91.15220846908468,37.69717950148501]],[[-91.15220846908468,37.69717950148501],[-91.15579776307763,37.5880789207792]],[[-91.15579776307763,37.5880789207792],[-91.31372669876698,37.59323327892278],[-91.31372669876698,37.5047501307913],[-91.20963717297172,37.50217295171951],[-91.21322646696467,37.41540792296922]],[[-91.21322646696467,37.41540792296922],[-91.6475310401104,37.42313946018459]],[[-91.6475310401104,37.42313946018459],[-91.7552098598986,37.42399851987519],[-91.7552098598986,37.59838763706637],[-91.8090492697927,37.599246696756964]],[[-91.8090492697927,37.599246696756964],[-91.80545997579975,37.791676067450666],[-91.52908433834338,37.78909888837888]],[[-91.65470962809627,37.048589435084345],[-91.6475310401104,37.248750342993425],[-91.6475310401104,37.42313946018459]],[[-91.21322646696467,37.41540792296922],[-91.17374423304233,37.414548863278625],[-91.17733352703527,37.31232076009759],[-91.15938705707056,37.31317981978819],[-91.15938705707056,37.2547637608276],[-91.12349411714116,37.2547637608276],[-91.12708341113411,37.1997839406294],[-91.08760117721177,37.203220179391785],[-91.06965470724707,37.16284437393373],[-91.03376176731767,37.16971685145851],[-91.01581529735297,37.14308600105],[-91.0194045913459,37.09583771806717]],[[-91.0194045913459,37.09583771806717],[-91.10554764717646,37.08638806147061],[-91.2168157609576,37.08638806147061],[-91.22399434894349,36.883649974489735]],[[-91.22399434894349,36.883649974489735],[-91.65829892208922,36.88880433263332]],[[-91.65829892208922,36.88880433263332],[-91.65470962809627,37.048589435084345]],[[-93.36680286272862,40.382600094290936],[-92.85353382173821,40.386036333053326],[-92.85712311573116,40.34308334852348]],[[-92.85712311573116,40.34308334852348],[-92.85712311573116,40.03725809867098]],[[-92.85712311573116,40.03725809867098],[-93.36321356873569,40.032962800217994]],[[-93.36321356873569,40.032962800217994],[-93.36680286272862,40.266627036060356]],[[-93.36680286272862,40.266627036060356],[-93.36680286272862,40.382600094290936]],[[-94.60151999629996,39.74689592324923],[-94.20669765707656,39.74603686355863]],[[-94.20669765707656,39.74603686355863],[-94.20669765707656,39.52697664245642]],[[-94.20669765707656,39.52697664245642],[-94.2102869510695,39.454815628446276]],[[-94.2102869510695,39.454815628446276],[-94.60151999629996,39.45653374782747]],[[-94.60151999629996,39.45653374782747],[-94.60151999629996,39.53041288121881]],[[-94.60151999629996,39.53041288121881],[-94.60151999629996,39.74689592324923]],[[-92.2864253708537,39.952211189301885],[-91.9526210295103,39.9496340102301]],[[-91.9526210295103,39.9496340102301],[-91.84135291572915,39.947915890848904]],[[-91.84135291572915,39.947915890848904],[-91.84853150371504,39.658412775117746]],[[-91.84853150371504,39.658412775117746],[-92.18592513905139,39.66270807357073],[-92.18592513905139,39.60772825337253],[-92.30078254682546,39.605151074300736]],[[-92.30078254682546,39.605151074300736],[-92.2864253708537,39.952211189301885]],[[-91.09477976519764,38.204024718937184],[-90.77892189381893,38.204024718937184]],[[-90.77892189381893,38.204024718937184],[-90.68201095600956,38.10265567544675],[-90.63893942809428,38.076883884728844]],[[-90.63893942809428,38.076883884728844],[-90.64611801608015,37.73497812787127]],[[-90.64611801608015,37.73497812787127],[-90.87583283162832,37.734119068180675],[-91.09836905919059,37.74013248601485]],[[-91.09836905919059,37.74013248601485],[-91.09477976519764,37.87070955898558],[-91.09477976519764,38.204024718937184]],[[-92.85712311573116,40.34308334852348],[-92.68483700407003,40.34308334852348]],[[-92.68483700407003,40.34308334852348],[-92.35103266272662,40.34651958728587]],[[-92.34744336873368,40.302707543065424],[-92.34385407474075,40.03725809867098]],[[-92.34385407474075,40.03725809867098],[-92.84635523375233,40.03725809867098]],[[-92.84635523375233,40.03725809867098],[-92.85712311573116,40.03725809867098]],[[-92.40846136661366,37.85954178300782],[-92.40487207262072,38.02104500484004]],[[-92.40487207262072,38.02104500484004],[-92.18592513905139,38.01674970638706]],[[-92.18592513905139,38.01674970638706],[-92.02081761537615,38.01073628855288]],[[-92.02081761537615,38.01073628855288],[-92.02799620336204,37.60268293551935]],[[-92.02799620336204,37.60268293551935],[-92.25053243092431,37.60440105490054]],[[-91.15220846908468,37.69717950148501],[-91.14502988109881,37.74099154570545],[-91.09836905919059,37.74013248601485]],[[-90.64611801608015,37.73497812787127],[-90.64611801608015,37.6430587409774],[-90.53484990229902,37.643917800668]],[[-90.53484990229902,37.643917800668],[-90.54561778427784,37.59838763706637],[-90.54920707827078,37.31747511824118]],[[-90.54920707827078,37.31747511824118],[-90.54920707827078,37.272804014330134],[-90.73585036590366,37.271085894948946]],[[-90.73585036590366,37.271085894948946],[-90.75379683586836,37.27022683525835],[-90.75020754187541,37.372454938439375],[-90.77174330583306,37.37331399812997],[-90.76815401184011,37.60268293551935],[-90.98710094540945,37.603541995209945],[-91.10195835318353,37.5880789207792],[-91.15579776307763,37.5880789207792]],[[-94.20669765707656,39.74603686355863],[-94.20669765707656,39.78898984808848]],[[-93.75803590795907,39.61116449213492],[-93.75803590795907,39.524399463384626]],[[-93.75803590795907,39.524399463384626],[-94.20669765707656,39.52697664245642]],[[-89.96056286342863,36.38883159270592],[-89.75238381183811,36.38625441363413],[-89.73084804788047,36.42748927878278],[-89.67700863798638,36.40085842837428],[-89.61240134611346,36.41116714466144],[-89.5442047602476,36.359623563225625],[-89.5442047602476,36.33642895157951]],[[-89.5442047602476,36.33642895157951],[-89.61240134611346,36.340724250032494],[-89.61240134611346,36.30893904148041],[-89.53702617226172,36.27543571354713],[-89.53343687826877,36.252241101901014],[-89.58727628816288,36.23935520654206],[-89.69495510795107,36.25310016159161],[-89.7057229899299,36.23505990808908],[-89.63034781607816,36.18523444603446],[-89.59086558215581,36.15001299871998],[-89.60163346413464,36.11908684985849],[-89.68059793197932,36.08472446223462],[-89.69136581395813,36.02029498543985],[-89.73443734187342,36.00053661255612],[-89.96056286342863,35.99881849317492]],[[-89.96056286342863,35.99881849317492],[-89.96056286342863,36.38883159270592]],[[-91.84135291572915,39.947915890848904],[-91.43576269452694,39.94533871177711]],[[-91.43576269452694,39.94533871177711],[-91.41781622456224,39.92729845827458],[-91.44653057650576,39.87060051869518],[-91.42858410654107,39.8379562504525],[-91.37474469664696,39.808748220972205],[-91.36397681466815,39.758922758917585],[-91.37115540265403,39.732291908509076],[-91.30654811078111,39.68504362552625]],[[-91.30654811078111,39.68504362552625],[-91.71572762597626,39.68676174490744],[-91.71572762597626,39.65755371542715]],[[-91.71572762597626,39.65755371542715],[-91.84853150371504,39.658412775117746]],[[-94.6051092902929,40.03897621805218],[-94.32873365283652,40.03897621805218],[-94.21746553905538,40.03468091959919]],[[-94.60151999629996,39.74689592324923],[-94.60151999629996,39.819915996949966]],[[-94.60151999629996,39.819915996949966],[-94.6051092902929,40.03897621805218]],[[-90.96556518145181,38.54764859517594],[-90.89377930159301,38.54077611765117],[-90.775332599826,38.59489687815878],[-90.73226107191071,38.63956798206981]],[[-90.73226107191071,38.63956798206981],[-90.73585036590366,38.46689698425983]],[[-90.73585036590366,38.46689698425983],[-90.73585036590366,38.415353402824024],[-90.76456471784718,38.295944105831055],[-90.77892189381893,38.204024718937184]],[[-91.09477976519764,38.204024718937184],[-91.36756610866108,38.204024718937184],[-91.36756610866108,38.21003813677136]],[[-91.36756610866108,38.21003813677136],[-91.36756610866108,38.6997021604116]],[[-94.08107236732367,37.349260326793264],[-94.0846616613166,37.290844267832675],[-94.05235801538015,37.28998520814208]],[[-94.05235801538015,37.28998520814208],[-94.05953660336603,37.04773037539375]],[[-94.61946646626465,37.05718003199031],[-94.61587717227172,37.3380925508155],[-94.61587717227172,37.36386434153341]],[[-92.25053243092431,37.472964922239214],[-92.25412172491724,37.2547637608276],[-92.25053243092431,37.059757211062106]],[[-92.02799620336204,37.60268293551935],[-91.8090492697927,37.599246696756964]],[[-91.65470962809627,37.048589435084345],[-92.08901420124201,37.056320972299716]],[[-90.53484990229902,37.643917800668],[-90.14720615106151,37.64134062159621]],[[-90.14720615106151,37.64134062159621],[-90.14720615106151,37.59752857737577]],[[-90.14720615106151,37.59752857737577],[-90.14002756307562,37.54083063779637],[-90.14720615106151,37.31232076009759],[-90.2189920309203,37.314897939169384]],[[-90.2189920309203,37.314897939169384],[-90.54920707827078,37.31747511824118]],[[-91.6475310401104,38.70313839917399],[-91.63317386413864,39.058789111081104]],[[-91.63317386413864,39.058789111081104],[-91.6295845701457,39.14813131890318],[-91.41063763657637,39.14211790106901]],[[-91.41063763657637,39.14211790106901],[-91.25988728887289,39.139540721997214]],[[-91.25988728887289,39.139540721997214],[-91.26347658286582,38.992641514905145]],[[-91.41781622456224,38.71001087669876],[-91.4860128104281,38.71344711546115],[-91.54703080830808,38.67650754876548],[-91.64035245212452,38.703997458864585]],[[-91.64035245212452,38.703997458864585],[-91.6475310401104,38.70313839917399]],[[-92.02081761537615,38.01073628855288],[-91.96697820548205,38.00987722886228],[-91.89519232562326,38.05111209401093],[-91.63317386413864,38.05111209401093],[-91.6295845701457,38.153340197191966]],[[-91.6295845701457,38.153340197191966],[-91.53267363233633,38.15248113750137]],[[-91.53267363233633,38.15248113750137],[-91.52549504435044,38.15248113750137],[-91.52908433834338,37.78909888837888]],[[-93.75803590795907,39.524399463384626],[-93.75803590795907,39.20740643755437]],[[-93.75803590795907,39.20740643755437],[-93.8405896697967,39.21513797476974],[-93.89801837368373,39.18421182590825],[-93.94108990159901,39.17991652745527],[-93.96262566555666,39.143836020450195],[-93.98775072350723,39.15242661735617],[-93.96262566555666,39.18335276621765],[-93.98057213552136,39.20568831817317],[-94.02723295742958,39.19194336312363],[-94.02364366343663,39.15414473673736],[-94.06312589735897,39.13438636385363],[-94.10619742527425,39.143836020450195]],[[-94.10619742527425,39.143836020450195],[-94.13491177721777,39.1713259305493],[-94.18875118711186,39.18335276621765],[-94.17080471714716,39.212560795697954],[-94.21387624506245,39.20740643755437]],[[-94.21387624506245,39.20740643755437],[-94.2102869510695,39.454815628446276]],[[-93.2663026309263,39.70394293871938],[-93.08324863728637,39.70652011779117],[-92.85712311573116,39.6996476402664]],[[-92.85712311573116,39.6996476402664],[-92.68842629806298,39.697929520885204],[-92.69201559205591,39.61030543244432]],[[-92.69201559205591,39.61030543244432],[-92.69560488604886,39.608587313063126],[-92.70637276802768,39.32166137640376]],[[-92.70637276802768,39.32166137640376],[-92.7889265298653,39.343996928359275],[-92.84994452774528,39.2263057507475]],[[-92.84994452774528,39.2263057507475],[-92.8966053496535,39.22201045229452],[-92.95762334753347,39.28300369032689],[-92.96121264152642,39.312211719807195],[-93.04376640336403,39.31736607795077],[-93.104784401244,39.38351367412673]],[[-93.104784401244,39.38351367412673],[-93.11555228322283,39.416157942369416],[-93.21246322103221,39.44107067339673],[-93.22682039700396,39.47285588194881],[-93.26271333693336,39.46082904628046],[-93.284249100891,39.51924510524105],[-93.2663026309263,39.54931219441194],[-93.27707051290513,39.6154597905879]],[[-92.62381900619006,38.430816477254766],[-92.49460442244423,38.42823929818297]],[[-92.49460442244423,38.42823929818297],[-92.40487207262072,38.42566211911119],[-92.40846136661366,38.34147426943269],[-92.28283607686076,38.3371789709797],[-92.25053243092431,38.322574956239556],[-92.19310372703727,38.33546085159851]],[[-92.19310372703727,38.33546085159851],[-92.1966930210302,38.292507867068664]],[[-92.1966930210302,38.292507867068664],[-92.1966930210302,38.161930794097934],[-92.18233584505845,38.16107173440734],[-92.18592513905139,38.01674970638706]],[[-92.40487207262072,38.02104500484004],[-92.51614018640186,38.022763124221235],[-92.58792606626066,38.095783197921975],[-92.60587253622536,38.1705213910039],[-92.64176547615476,38.1713804506945],[-92.64176547615476,38.21261531584315],[-92.69560488604886,38.22206497243972]],[[-92.69560488604886,38.22206497243972],[-92.68842629806298,38.34834674695746],[-92.63458688816888,38.34834674695746],[-92.62381900619006,38.430816477254766]],[[-90.16515262102621,38.77272223411234],[-90.21181344293443,38.72203771236712],[-90.18309909099091,38.66018541464414],[-90.18309909099091,38.61121901228012],[-90.25847426484265,38.5321855207452]],[[-90.25847426484265,38.5321855207452],[-90.29795649876499,38.562252609916094],[-90.31949226272262,38.600051236302356],[-90.30154579275792,38.65589011619115],[-90.25129567685677,38.71860147360473],[-90.16515262102621,38.77272223411234]],[[-91.17733352703527,39.59827859677596],[-91.14861917509175,39.54587595564955],[-91.10195835318353,39.539003478124776],[-91.06247611926119,39.47371494163941],[-91.00504741537415,39.42732571834718],[-90.93685082950829,39.39983580824808],[-90.7932790697907,39.3096345407354],[-90.72149318993189,39.22372857167571]],[[-90.72149318993189,39.22372857167571],[-91.18451211502115,39.2271648104381],[-91.18451211502115,39.13868166230662],[-91.25988728887289,39.139540721997214]],[[-91.41063763657637,39.14211790106901],[-91.43935198851987,39.31908419733197]],[[-91.43935198851987,39.31908419733197],[-91.46088775247752,39.450520329993296],[-91.20245858498585,39.59827859677596],[-91.17733352703527,39.59827859677596]],[[-92.11054996519965,39.06394346922468],[-91.63317386413864,39.058789111081104]],[[-91.6475310401104,38.70313839917399],[-91.72649550795508,38.70657463793637],[-91.75879915389153,38.68509814567145],[-91.81981715177152,38.67994378752787],[-91.87724585565856,38.65760823557235],[-91.9454424415244,38.59747405723056],[-92.01004973339732,38.57084320682206]],[[-92.01004973339732,38.57084320682206],[-92.06388914329143,38.55709825177251],[-92.1679786690867,38.58201098279982],[-92.20387160901609,38.60520559444594],[-92.22181807898079,38.6430042208322]],[[-92.22181807898079,38.6430042208322],[-92.21463949099491,38.71430617515175],[-92.16438937509375,38.764990696896966],[-92.13567502315023,38.81481615895159],[-92.1608000811008,38.8655006806968],[-92.15362149311493,38.94367511254112],[-92.12849643516435,39.023567663766634],[-92.13208572915728,39.06480252891528],[-92.11054996519965,39.06394346922468]],[[-91.7193169199692,39.3388425702157],[-91.71213833198331,39.59913765646656],[-91.71572762597626,39.65755371542715]],[[-91.30654811078111,39.68504362552625],[-91.22399434894349,39.617177909969094],[-91.17733352703527,39.59827859677596]],[[-91.43935198851987,39.31908419733197],[-91.7193169199692,39.324238555475546],[-91.7193169199692,39.3388425702157]],[[-93.75803590795907,39.20740643755437],[-93.71137508605085,39.20654737786377],[-93.65035708817088,39.24864130270302],[-93.58574979629796,39.24005070579705],[-93.56062473834739,39.21857421353213],[-93.49242815248152,39.22372857167571],[-93.49242815248152,39.28300369032689],[-93.47807097650976,39.292453346923466]],[[-93.47807097650976,39.292453346923466],[-93.49601744647445,38.942816052850524]],[[-93.49601744647445,38.928212038110374],[-93.83341108181081,38.93766169470694],[-93.83700037580375,38.908453665226645],[-94.11337601326012,38.91704426213261]],[[-94.11337601326012,38.91704426213261],[-94.10619742527425,39.143836020450195]],[[-92.1966930210302,38.292507867068664],[-92.02440690936909,38.289071628306274],[-91.86288867968679,38.29336692675926],[-91.64394174611746,38.28821256861568]],[[-91.64394174611746,38.28821256861568],[-91.64394174611746,38.153340197191966],[-91.6295845701457,38.153340197191966]],[[-92.19310372703727,38.33546085159851],[-92.19310372703727,38.37068229891298],[-92.11413925919258,38.40160844777447],[-92.1679786690867,38.46346074549745],[-92.11772855318553,38.45744732766327],[-92.04235337933379,38.46689698425983],[-92.01004973339732,38.500400312193115],[-92.02440690936909,38.52445398352983],[-92.01004973339732,38.57084320682206]],[[-91.64035245212452,38.703997458864585],[-91.64394174611746,38.28821256861568]],[[-89.3109006507065,37.00907268931689],[-89.26782912279123,36.99360961488614],[-89.2570612408124,37.01508610715106],[-89.3109006507065,37.05374379322792],[-89.26065053480535,37.064052509515086],[-89.19963253692536,37.01594516684166],[-89.17091818498184,36.97041500324003],[-89.1314359510595,36.982441838908386],[-89.09913230512305,36.94378415283152],[-89.13861453904539,36.84756946748467],[-89.17450747897479,36.8398379302693],[-89.17809677296772,36.80719366202661],[-89.12425736307362,36.78485811007109],[-89.12784665706657,36.75135478213782],[-89.18527536095361,36.75393196120961],[-89.19963253692536,36.71613333482334],[-89.16732889098891,36.68520718596185],[-89.17450747897479,36.65084479833798],[-89.21398971289713,36.58040190370903],[-89.26065053480535,36.56493882927828],[-89.3288471206712,36.63194548514485]],[[-89.3288471206712,36.63194548514485],[-89.37550794257942,36.70324743946439],[-89.42934735247353,36.74620042399423],[-89.48318676236762,36.832965452744524],[-89.51907970229702,36.86990501944019]],[[-89.51907970229702,36.86990501944019],[-89.50113323233232,36.90598552644526],[-89.46524029240292,36.90598552644526],[-89.46524029240292,36.93605261561615],[-89.42934735247353,36.93519355592555],[-89.41140088250881,36.964401585405845],[-89.37550794257942,36.96526064509644],[-89.37550794257942,36.99446867457674],[-89.3109006507065,37.00907268931689]],[[-94.60869858428583,39.1137689312793],[-94.52255552845529,39.14899037859378],[-94.48307329453294,39.14555413983139],[-94.4615375305753,39.12064140880408],[-94.40051953269533,39.16703063209631],[-94.3897516507165,39.193661482504815],[-94.36821588675886,39.16359439333392],[-94.28925141891419,39.23661446703466],[-94.25694777297772,39.23661446703466],[-94.21387624506245,39.20740643755437]],[[-94.11337601326012,38.91704426213261],[-94.12055460124601,38.83285641245412]],[[-94.12055460124601,38.83285641245412],[-94.49025188251882,38.84144700936009],[-94.60869858428583,38.847460427194264]],[[-94.60869858428583,38.847460427194264],[-94.60869858428583,39.1137689312793]],[[-93.07607004930048,38.26329983758837],[-93.05812357933578,38.27189043449434],[-93.01505205142051,38.241823345323446],[-92.98992699346994,38.188561644506436],[-92.96121264152642,38.22807839027389],[-92.9324982895829,38.22034685305852],[-92.96121264152642,38.19715224141241],[-92.76380147191472,38.18942070419703],[-92.75662288392884,38.21261531584315],[-92.69560488604886,38.22206497243972]],[[-92.85712311573116,37.895622290012895],[-93.07248075530755,37.90249476753767]],[[-93.07248075530755,37.90249476753767],[-93.06530216732168,38.06227986998869]],[[-89.76674098780987,37.125904807238065],[-89.72008016590165,37.140508821978216],[-89.6877765199652,37.19806582124821],[-89.61957993409933,37.21868325382253],[-89.61957993409933,37.23328726856268],[-89.4903653503535,37.25132752206522]],[[-89.4903653503535,37.25132752206522],[-89.45806170441703,37.24015974608746],[-89.46165099840998,37.1997839406294],[-89.41499017650176,37.12504574754747],[-89.37550794257942,37.08552900178001],[-89.37909723657236,37.03999883817838],[-89.3109006507065,37.00907268931689]],[[-89.51907970229702,36.86990501944019],[-89.69136581395813,36.859596303153026]],[[-89.69136581395813,36.859596303153026],[-89.68418722597225,36.9231667202572],[-89.71649087190872,36.953233809428085],[-89.72008016590165,36.99017337612376],[-89.78827675176751,37.087247121161205],[-89.76674098780987,37.125904807238065]],[[-93.104784401244,39.38351367412673],[-93.1406773411734,39.378359315983154],[-93.16580239912399,39.404990166391656],[-93.20169533905339,39.40155392762927],[-93.19092745707457,39.3654734206242],[-93.23040969099691,39.327674794237936],[-93.25553474894748,39.3379835105251],[-93.27707051290513,39.3113526601166],[-93.33090992279922,39.3096345407354],[-93.33449921679217,39.250359422084216],[-93.39551721467214,39.2263057507475],[-93.4098743906439,39.26754061589615],[-93.47807097650976,39.292453346923466]],[[-95.20093209312093,40.57846570374703],[-95.20093209312093,40.47881477963779],[-95.17939632916328,40.47881477963779],[-95.17939632916328,40.26147267791677]],[[-95.17939632916328,40.26147267791677],[-95.55627219842198,40.264049856988564]],[[-95.55627219842198,40.264049856988564],[-95.55268290442903,40.29153976708766],[-95.61729019630197,40.313875319043184],[-95.66036172421724,40.40837188500884],[-95.6567724302243,40.44187521294212],[-95.69625466414664,40.47108324242242],[-95.69984395813958,40.505445630046296],[-95.65318313623136,40.54152613705136],[-95.69266537015369,40.55698921148211],[-95.7106118401184,40.52348588354883],[-95.76804054400543,40.5312174207642],[-95.7644512500125,40.58533818127181],[-95.37321820478205,40.58018382312822],[-95.20093209312093,40.57846570374703]],[[-94.6051092902929,40.12574124680246],[-94.59793070230702,40.386895392743924]],[[-94.59793070230702,40.386895392743924],[-94.21387624506245,40.38431821367213]],[[-94.21387624506245,40.38431821367213],[-94.21746553905538,40.13690902278022]],[[-94.6051092902929,40.03897621805218],[-94.6051092902929,40.12574124680246]],[[-94.87789563375634,39.82077505664056],[-94.60151999629996,39.819915996949966]],[[-94.60151999629996,39.53041288121881],[-95.10402115531154,39.532990060290594]],[[-95.10402115531154,39.532990060290594],[-95.10761044930449,39.574224925439246],[-95.04659245142452,39.59484235801357],[-95.05377103941039,39.6154597905879],[-95.0286459814598,39.66528525264252],[-94.97480657156571,39.68160738676386],[-94.95686010160101,39.74603686355863],[-94.91019927969279,39.7254194309843],[-94.8743063397634,39.73057378912789],[-94.87071704577045,39.77266771396713],[-94.91378857368574,39.758922758917585],[-94.92455645566456,39.789848907779074],[-94.88148492774927,39.797580444994445],[-94.87789563375634,39.82077505664056]],[[-92.31155042880428,39.347433167121665],[-92.08901420124201,39.34056068959689],[-91.7193169199692,39.3388425702157]],[[-92.11054996519965,39.06394346922468],[-92.10337137721376,39.24005070579705],[-92.31513972279723,39.24606412363123]],[[-92.31513972279723,39.24606412363123],[-92.31155042880428,39.347433167121665]],[[-93.51037462244622,38.55623919208191],[-94.06312589735897,38.56740696805967]],[[-94.06312589735897,38.56740696805967],[-94.12055460124601,38.56912508744087],[-94.11696530725307,38.65589011619115],[-94.12773318923189,38.65589011619115],[-94.12055460124601,38.83285641245412]],[[-90.14720615106151,37.59752857737577],[-89.8600626316263,37.599246696756964]],[[-89.8600626316263,37.599246696756964],[-89.86365192561925,37.21868325382253],[-89.8672412196122,37.125904807238065]],[[-89.8672412196122,37.125904807238065],[-89.96056286342863,37.12762292661926],[-89.96056286342863,37.05460285291852],[-89.99645580335803,37.03999883817838],[-90.11131321113211,37.040857897868975]],[[-90.11131321113211,37.040857897868975],[-90.11131321113211,37.08552900178001],[-90.22258132491325,37.08638806147061],[-90.2189920309203,37.314897939169384]],[[-91.0194045913459,37.09583771806717],[-90.96197588745888,37.09755583744837],[-90.96556518145181,37.05374379322792],[-90.77892189381893,37.05030755446554]],[[-90.77892189381893,37.05030755446554],[-90.72867177791778,37.04944849477494],[-90.73226107191071,37.00048209241092],[-90.69636813198132,36.97041500324003],[-90.67842166201662,36.92660295901958]],[[-90.67842166201662,36.92660295901958],[-90.66047519205192,36.882790914799145],[-90.66406448604485,36.8114889604796]],[[-90.66406448604485,36.8114889604796],[-90.89736859558595,36.813207079860796],[-91.11631552915529,36.82351579614796]],[[-91.11631552915529,36.82351579614796],[-91.22399434894349,36.826092975219744],[-91.22399434894349,36.883649974489735]],[[-92.42999713057131,39.24864130270302],[-92.31513972279723,39.24606412363123]],[[-92.22181807898079,38.6430042208322],[-92.36180054470545,38.68166190690906],[-92.34385407474075,38.70485651855518],[-92.3941041906419,38.739218906179055]],[[-92.3941041906419,38.739218906179055],[-92.40846136661366,38.76413163720637],[-92.37974701467014,38.808802741117404],[-92.44435430654306,38.8380107705977],[-92.49819371643716,38.9221986202762]],[[-92.55921171431714,38.970305962949624],[-92.56639030230302,38.99865493273932],[-92.51255089240892,39.088856200251996],[-92.42999713057131,39.24864130270302]],[[-90.14720615106151,37.64134062159621],[-90.11131321113211,37.6714077107671]],[[-90.11131321113211,37.6714077107671],[-90.00004509735096,37.82174315662156],[-89.93902709947099,37.87500485743857]],[[-89.93902709947099,37.87500485743857],[-89.9031341595416,37.869850499294984],[-89.84570545565455,37.90593100630006],[-89.79904463374633,37.88187733496334],[-89.79545533975339,37.856964603936035],[-89.7416159298593,37.84665588764887],[-89.67341934399343,37.80284384342843],[-89.66624075600755,37.75215932168321],[-89.6159906401064,37.74958214261142],[-89.58368699416994,37.71350163560635],[-89.51549040830407,37.69288420303202],[-89.5083118203182,37.62501848747487],[-89.47600817438175,37.595810457994574],[-89.52266899628997,37.57089772696726],[-89.52266899628997,37.56660242851428]],[[-89.52266899628997,37.56660242851428],[-89.59086558215581,37.57433396572965],[-89.60163346413464,37.60268293551935],[-89.62675852208521,37.5880789207792],[-89.72725875388754,37.60010575644756],[-89.74879451784517,37.5897970401604],[-89.80263392773928,37.60268293551935],[-89.8600626316263,37.599246696756964]],[[-90.72149318993189,39.22372857167571],[-90.71072530795307,39.155003796427955],[-90.68201095600956,39.0879971405614],[-90.71431460194601,39.05707099169991],[-90.67483236802367,38.98405091799918],[-90.66406448604485,38.934225455944556]],[[-90.66406448604485,38.934225455944556],[-90.68201095600956,38.916185202442016],[-90.72508248392484,38.92563485903858],[-90.80404695176951,38.91103084429844],[-90.80763624576245,38.877527516365156],[-90.92608294752947,38.88783623265232]],[[-90.92608294752947,38.88783623265232],[-90.92608294752947,38.88783623265232]],[[-90.92608294752947,38.88783623265232],[-90.93326153551536,38.886118113271124]],[[-90.93326153551536,38.886118113271124],[-90.93326153551536,38.886118113271124]],[[-90.93326153551536,38.886118113271124],[-90.94044012350123,38.88697717296172]],[[-90.94044012350123,38.88697717296172],[-90.94044012350123,38.88697717296172]],[[-90.94044012350123,38.88697717296172],[-90.95838659346593,38.87065503884038]],[[-94.61228787827878,38.477205700546996],[-94.31078718287182,38.47119228271282],[-94.25694777297772,38.4497157904479],[-94.22464412704127,38.45916544704446],[-94.17439401114011,38.445420491994916],[-94.0846616613166,38.45572920828208],[-94.0667151913519,38.447138611376104]],[[-94.0667151913519,38.447138611376104],[-94.0738937793378,38.21433343522435],[-94.0487687213872,38.21433343522435]],[[-94.05953660336603,38.03650807927079],[-94.10978671926719,38.037367138961386],[-94.15644754117541,38.057125511845115],[-94.23900130301303,38.026199362983625],[-94.23900130301303,38.05111209401093],[-94.61228787827878,38.0597026909169]],[[-94.61228787827878,38.0597026909169],[-94.61228787827878,38.477205700546996]],[[-94.60151999629996,39.15929909488094],[-94.60151999629996,39.45653374782747]],[[-94.60869858428583,39.1137689312793],[-94.60151999629996,39.15929909488094]],[[-93.37398145071451,40.58018382312822],[-93.09760581325813,40.58362006189061],[-92.71355135601355,40.58963347972479]],[[-92.71355135601355,40.58963347972479],[-92.68483700407003,40.560425450244495],[-92.6991941800418,40.52778118200181],[-92.67765841608416,40.49943221221211],[-92.70996206202062,40.44617051139511],[-92.66689053410533,40.40837188500884],[-92.68483700407003,40.394626929959294],[-92.68483700407003,40.34308334852348]],[[-93.36680286272862,40.382600094290936],[-93.37398145071451,40.58018382312822]],[[-92.71355135601355,40.58963347972479],[-92.63817618216181,40.590492539415386],[-92.35103266272662,40.59736501694016]],[[-91.94185314753148,40.605955613846135],[-91.73008480194801,40.613687151061505],[-91.71572762597626,40.59822407663076],[-91.68342398003979,40.552693913029124],[-91.61881668816687,40.540667077360766],[-91.62240598215982,40.509740928499276],[-91.56497727827278,40.46077452613525],[-91.52908433834338,40.45905640675406],[-91.52549504435044,40.41094906408063],[-91.4860128104281,40.38431821367213],[-91.41781622456224,40.37830479583795],[-91.44653057650576,40.36284172140721],[-91.49319139841398,40.27779481203812],[-91.49678069240692,40.248586782557815]],[[-91.49678069240692,40.248586782557815],[-91.94903173551735,40.25717737946379]],[[-91.94903173551735,40.25717737946379],[-91.94903173551735,40.30098942368423]],[[-93.62164273622736,37.42743475863758],[-93.18374886908869,37.41712604235042]],[[-93.18374886908869,37.41712604235042],[-93.07248075530755,37.41540792296922]],[[-93.6072855602556,37.098414897138966],[-93.60369626626266,37.28139461123611],[-93.6252320302203,37.2822536709267]],[[-93.6252320302203,37.2822536709267],[-93.62164273622736,37.42743475863758]],[[-92.3941041906419,38.739218906179055],[-92.49460442244423,38.42823929818297]],[[-92.62381900619006,38.430816477254766],[-92.84276593975939,38.596614997539966],[-92.83917664576646,38.684239085980856]],[[-94.23182271502715,40.571593226222255],[-94.01646507545075,40.57417040529405],[-93.77598237792378,40.57760664405643]],[[-93.77598237792378,40.57760664405643],[-93.77598237792378,40.471942302113014],[-93.76521449594496,40.47280136180361],[-93.76162520195201,40.264049856988564]],[[-93.76162520195201,40.264049856988564],[-93.76521449594496,40.132613724327236]],[[-94.21387624506245,40.38431821367213],[-94.21387624506245,40.47022418273182],[-94.23182271502715,40.47022418273182],[-94.23182271502715,40.571593226222255]],[[-91.53267363233633,38.15248113750137],[-91.53626292632926,38.21089719646196],[-91.36756610866108,38.21003813677136]],[[-92.12131784717847,36.498791233102324],[-92.11413925919258,36.79430776666766]],[[-91.65829892208922,36.88880433263332],[-91.65829892208922,36.787435289142884],[-91.67265609806098,36.787435289142884],[-91.67983468604686,36.62507300762007],[-91.67265609806098,36.49965029279292]],[[-91.67265609806098,36.49965029279292],[-92.12131784717847,36.498791233102324]],[[-94.06312589735897,38.56740696805967],[-94.0667151913519,38.447138611376104]],[[-94.61228787827878,38.477205700546996],[-94.60869858428583,38.73835984648846],[-94.60869858428583,38.847460427194264]],[[-90.73585036590366,37.271085894948946],[-90.73585036590366,37.16628061269612],[-90.77892189381893,37.13793164290642],[-90.77892189381893,37.05030755446554]],[[-94.63382364223642,40.571593226222255],[-94.47230541255412,40.57073416653166],[-94.23182271502715,40.571593226222255]],[[-94.59793070230702,40.386895392743924],[-94.60869858428583,40.386895392743924],[-94.60869858428583,40.47280136180361],[-94.63023434824348,40.47280136180361],[-94.63382364223642,40.571593226222255]],[[-92.69201559205591,39.61030543244432],[-92.30078254682546,39.605151074300736]],[[-92.30078254682546,39.605151074300736],[-92.31155042880428,39.347433167121665]],[[-92.42999713057131,39.24864130270302],[-92.70637276802768,39.32166137640376]],[[-95.20093209312093,40.57846570374703],[-94.91378857368574,40.575029464984645],[-94.63382364223642,40.571593226222255]],[[-94.6051092902929,40.12574124680246],[-95.04300315743157,40.13003654525544]],[[-95.04300315743157,40.13003654525544],[-95.06453892138921,40.15065397782977],[-95.07171750937509,40.260613618226174],[-95.17939632916328,40.26147267791677]],[[-90.73226107191071,38.63956798206981],[-90.66406448604485,38.68767532474324],[-90.53843919629196,38.68681626505264],[-90.53126060830608,38.731487368963684],[-90.49177837438374,38.75210480153801],[-90.44152825848258,38.827702054310535],[-90.3625637906379,38.827702054310535],[-90.33026014470144,38.886118113271124],[-90.29795649876499,38.88783623265232],[-90.2548849708497,38.85175572564725],[-90.18309909099091,38.81825239771397],[-90.14002756307562,38.82942017369173],[-90.11849179911799,38.805366502355014]],[[-90.11849179911799,38.805366502355014],[-90.16515262102621,38.77272223411234]],[[-90.25847426484265,38.5321855207452],[-90.26206355883558,38.52101774476744],[-90.29436720477204,38.426521178801785],[-90.34102802668026,38.38786349272492]],[[-90.34102802668026,38.38786349272492],[-90.33743873268732,38.454011088900884],[-90.41281390653906,38.45658826797267],[-90.40563531855318,38.50125937188371],[-90.59227860618606,38.50125937188371],[-90.6138143701437,38.47119228271282],[-90.66047519205192,38.47892381992819],[-90.67842166201662,38.446279551685514],[-90.69636813198132,38.47119228271282],[-90.73585036590366,38.46689698425983]],[[-90.2189920309203,36.497932173411726],[-90.19027767897678,36.544321396703964],[-90.18668838498385,36.587274381233804],[-90.14720615106151,36.63022736576365]],[[-90.14720615106151,36.63022736576365],[-89.96056286342863,36.629368306073054]],[[-89.96056286342863,36.629368306073054],[-89.95338427544274,36.54603951608515],[-89.96056286342863,36.38883159270592]],[[-89.96056286342863,35.99881849317492],[-90.28718861678617,35.99624131410314],[-90.37692096660966,35.99538225441254],[-90.31949226272262,36.089878820378196],[-90.236938500885,36.13970428243282],[-90.2189920309203,36.18437538634386],[-90.19027767897678,36.2006975204652],[-90.12567038710387,36.229046490254895],[-90.11490250512504,36.26598605695057],[-90.0825988591886,36.27199947478474],[-90.0646523892239,36.38625441363413],[-90.14361685706857,36.4240530400204],[-90.13284897508974,36.436938935379345],[-90.15079544505444,36.497932173411726],[-90.2189920309203,36.497932173411726]],[[-89.96056286342863,36.629368306073054],[-89.70213369593695,36.62765018669186],[-89.69854440194402,36.740187006160056],[-89.7057229899299,36.859596303153026],[-89.69136581395813,36.859596303153026]],[[-89.3288471206712,36.63194548514485],[-89.37191864858649,36.620777709167086],[-89.4185794704947,36.498791233102324],[-89.44729382243823,36.46442884547845],[-89.49395464434645,36.47044226331263],[-89.48677605636055,36.49707311372113],[-89.46524029240292,36.52971738196381],[-89.48318676236762,36.57181130680306],[-89.55856193621936,36.57352942618426],[-89.57291911219112,36.54775763546635],[-89.54061546625466,36.497932173411726],[-89.51907970229702,36.479032860218595],[-89.5442047602476,36.4240530400204],[-89.5083118203182,36.37336851827518],[-89.5442047602476,36.33642895157951]],[[-91.11631552915529,36.82351579614796],[-91.12708341113411,36.497932173411726]],[[-91.12708341113411,36.497932173411726],[-91.40704834258342,36.49707311372113],[-91.4501198704987,36.497932173411726],[-91.67265609806098,36.49965029279292]],[[-90.416403200532,38.042521497104964],[-90.33026014470144,38.09406507854078],[-90.29436720477204,38.088051660706604],[-90.25129567685677,38.12756840647406]],[[-90.25129567685677,38.12756840647406],[-90.20822414894148,38.088051660706604],[-90.12925968109681,38.06227986998869],[-90.08977744717447,38.01589064669646],[-90.06106309523095,38.01589064669646],[-90.00004509735096,37.96434706526065],[-89.94261639346394,37.97036048309482],[-89.93184851148511,37.94716587144871],[-89.97492003940039,37.926548438874384],[-89.93902709947099,37.87500485743857]],[[-90.11131321113211,37.6714077107671],[-90.15438473904739,37.6997566805568],[-90.2010455609556,37.66968959138591],[-90.45947472844728,37.87930015589155],[-90.32308155671556,37.98152825907258],[-90.416403200532,38.042521497104964]],[[-91.49678069240692,40.248586782557815],[-91.5039592803928,40.20047943988439],[-91.51472716237161,40.178143887928876],[-91.49319139841398,40.036399038980385],[-91.43576269452694,39.94533871177711]],[[-91.9526210295103,39.9496340102301],[-91.94903173551735,40.25717737946379]],[[-90.25847426484265,36.9223076605666],[-90.22258132491325,36.93605261561615],[-90.18668838498385,36.99360961488614],[-90.15079544505444,37.00735456993569],[-90.14720615106151,37.04171695755957],[-90.11131321113211,37.040857897868975]],[[-89.8672412196122,37.125904807238065],[-89.76674098780987,37.125904807238065]],[[-90.14720615106151,36.63022736576365],[-90.14002756307562,36.69637496193961],[-90.20463485494855,36.77197221471214],[-90.19745626696266,36.80375742326423],[-90.21540273692736,36.84241510934109],[-90.25847426484265,36.879354676036755],[-90.25847426484265,36.9223076605666]],[[-93.76162520195201,40.264049856988564],[-93.36680286272862,40.266627036060356]],[[-93.36321356873569,40.032962800217994],[-93.36321356873569,39.96767426373263]],[[-90.63893942809428,38.076883884728844],[-90.61022507615075,38.07001140720406],[-90.6138143701437,38.01589064669646],[-90.58510001820018,38.003863811028104],[-90.416403200532,38.042521497104964]],[[-94.60151999629996,39.15929909488094],[-94.66253799417994,39.15758097549975],[-94.68048446414464,39.18421182590825],[-94.71278811008109,39.170466870858704],[-94.76303822598226,39.17991652745527],[-94.77380610796108,39.200533960029595],[-94.83482410584105,39.21771515384153],[-94.82405622386223,39.24176882517825],[-94.88866351573515,39.28643992908928],[-94.91019927969279,39.35430564464644],[-94.87789563375634,39.37578213691136],[-94.92455645566456,39.38437273381733],[-94.96762798357983,39.41873512144121],[-94.98916374753748,39.44622503154031],[-95.04659245142452,39.47285588194881],[-95.05018174541745,39.497768612976124],[-95.10402115531154,39.532990060290594]],[[-92.7709800599006,36.497932173411726],[-92.76380147191472,36.806334602336015]],[[-92.12131784717847,36.498791233102324],[-92.53049736237362,36.498791233102324],[-92.7709800599006,36.497932173411726]],[[-92.7709800599006,36.497932173411726],[-93.29501698286983,36.497932173411726],[-93.31655274682747,36.498791233102324]],[[-90.25847426484265,36.9223076605666],[-90.35179590865908,36.92660295901958],[-90.67842166201662,36.92660295901958]],[[-95.04300315743157,40.13003654525544],[-95.03223527545275,40.108560052990526],[-95.06094962739627,40.06990236691366],[-95.0106995114951,40.04670775526755],[-94.98916374753748,39.94276153270532],[-94.9927530415304,39.89809042879428]],[[-94.9927530415304,39.89809042879428],[-95.04300315743157,39.864587100861],[-95.13632480124801,39.87661393652936],[-95.1542712712127,39.90754008539085],[-95.20093209312093,39.902385727247264],[-95.20452138711387,39.939325293942936],[-95.25118220902209,39.9487749505395],[-95.30861091290913,40.00031853197531],[-95.41987902669027,40.04842587464874],[-95.39116467474675,40.1162915902059],[-95.4773077305773,40.18158012669126],[-95.48448631856319,40.247727722867225],[-95.55268290442903,40.26233173760737],[-95.55627219842198,40.264049856988564]],[[-93.07248075530755,37.90249476753767],[-93.18374886908869,37.90421288691886],[-93.18733816308162,37.80284384342843]],[[-93.18733816308162,37.80284384342843],[-93.57498191431914,37.81315255971559],[-93.57498191431914,37.82775657445574]],[[-93.77598237792378,40.57760664405643],[-93.55703544435444,40.58018382312822],[-93.37398145071451,40.58018382312822]],[[-93.18733816308162,37.80284384342843],[-93.19092745707457,37.72982376972769],[-93.17298098710987,37.72982376972769],[-93.18374886908869,37.41712604235042]],[[-93.62164273622736,37.42743475863758],[-93.61446414824148,37.572615846348455]],[[-92.2864253708537,39.952211189301885],[-92.34385407474075,39.95307024899248],[-92.34385407474075,40.03725809867098]],[[-92.85712311573116,39.6996476402664],[-92.84635523375233,40.03725809867098]],[[-93.6252320302203,37.2822536709267],[-94.05235801538015,37.28998520814208]],[[-93.61087485424854,36.9231667202572],[-94.06312589735897,36.93175731716317]],[[-94.87789563375634,39.82077505664056],[-94.94250292562926,39.864587100861],[-94.92814574965749,39.88864077219772],[-94.9927530415304,39.89809042879428]],[[-92.93608758357583,39.06480252891528],[-92.9073732316323,39.09572867777677],[-92.94685546555465,39.10689645375453],[-92.84994452774528,39.2263057507475]],[[-93.58574979629796,36.498791233102324],[-94.07748307333073,36.498791233102324]],[[-90.66406448604485,38.934225455944556],[-90.62817154611545,38.89127247141471],[-90.58510001820018,38.86893691945919],[-90.54561778427784,38.87495033729336],[-90.5061355503555,38.90244024739247],[-90.47383190441904,38.95913818697186],[-90.4522961404614,38.96772878387783],[-90.40563531855318,38.96257442573425],[-90.3087243807438,38.92391673965739],[-90.27642073480735,38.923057679966796],[-90.25129567685677,38.919621441204406],[-90.11490250512504,38.84917854657546],[-90.11849179911799,38.805366502355014]],[[-90.66406448604485,36.8114889604796],[-90.62817154611545,36.810629900789],[-90.62817154611545,36.679193768127675],[-90.59227860618606,36.679193768127675],[-90.59227860618606,36.59242873937739],[-90.57433213622136,36.59156967968679],[-90.5779214302143,36.498791233102324]],[[-90.5779214302143,36.498791233102324],[-90.78610048180481,36.498791233102324],[-91.12708341113411,36.497932173411726]],[[-94.61587717227172,37.653367457264565],[-94.61946646626465,37.673125830148294],[-94.61228787827878,38.037367138961386],[-94.61228787827878,38.0597026909169]],[[-90.2189920309203,36.497932173411726],[-90.5779214302143,36.498791233102324]],[[-89.52266899628997,37.56660242851428],[-89.51549040830407,37.53567627965279],[-89.42216876448764,37.39736766946669],[-89.4365259404594,37.34410596864968],[-89.48677605636055,37.33465631205311],[-89.51907970229702,37.28568990968909],[-89.4903653503535,37.25132752206522]],[[-90.34102802668026,38.38786349272492],[-90.36974237862378,38.34061520974209],[-90.37333167261673,38.27360855387553],[-90.35538520265202,38.21347437553375],[-90.2907779107791,38.1705213910039],[-90.25129567685677,38.12756840647406]]]}