{"type":"Topology","bbox":[-116.05114089810897,44.35832834237342,-104.04136319773197,49.00068691035909],"objects":{"counties":{"type":"GeometryCollection","geometries":[{"type":"Polygon","arcs":[[0,1,2,3,4,5,6,7,8]],"id":"30033","properties":{"name":"Garfield"}},{"type":"Polygon","arcs":[[9,10,11,12,13]],"id":"30051","properties":{"name":"Liberty"}},{"type":"Polygon","arcs":[[14,15,16,17,18,19]],"id":"30037","properties":{"name":"Golden Valley"}},{"type":"Polygon","arcs":[[20,21,22,23,24]],"id":"30001","properties":{"name":"Beaverhead"}},{"type":"Polygon","arcs":[[25,26,-15,27,28]],"id":"30107","properties":{"name":"Wheatland"}},{"type":"Polygon","arcs":[[29,30,31,32,33,34,35]],"id":"30049","properties":{"name":"Lewis and Clark"}},{"type":"Polygon","arcs":[[36,37,38,-21,39]],"id":"30081","properties":{"name":"Ravalli"}},{"type":"Polygon","arcs":[[40,41,42,43,-36,44,45,46,47,48]],"id":"30029","properties":{"name":"Flathead"}},{"type":"Polygon","arcs":[[49,-48,50,51,52,53]],"id":"30089","properties":{"name":"Sanders"}},{"type":"Polygon","arcs":[[54,-2,0,-9,55,56,57]],"id":"30069","properties":{"name":"Petroleum"}},{"type":"Polygon","arcs":[[-33,58,59,60]],"id":"30007","properties":{"name":"Broadwater"}},{"type":"Polygon","arcs":[[61,-57,62,63,-17]],"id":"30065","properties":{"name":"Musselshell"}},{"type":"Polygon","arcs":[[64,65,66,67,68]],"id":"30109","properties":{"name":"Wibaux"}},{"type":"Polygon","arcs":[[69,70,71,-66,72]],"id":"30083","properties":{"name":"Richland"}},{"type":"Polygon","arcs":[[73,74,75,-71,76,77]],"id":"30085","properties":{"name":"Roosevelt"}},{"type":"Polygon","arcs":[[78,79,-3,-55,80,81]],"id":"30071","properties":{"name":"Phillips"}},{"type":"Polygon","arcs":[[-18,-64,82,83,84,85,86]],"id":"30111","properties":{"name":"Yellowstone"}},{"type":"Polygon","arcs":[[87,88,-29,89,90,91,-59,-32]],"id":"30059","properties":{"name":"Meagher"}},{"type":"Polygon","arcs":[[-7,92,93,94,95,96]],"id":"30017","properties":{"name":"Custer"}},{"type":"Polygon","arcs":[[-96,97,98,99,100]],"id":"30075","properties":{"name":"Powder River"}},{"type":"Polygon","arcs":[[-49,-50,101]],"id":"30053","properties":{"name":"Lincoln"}},{"type":"Polygon","arcs":[[102,-60,-92,103,104,105]],"id":"30031","properties":{"name":"Gallatin"}},{"type":"Polygon","arcs":[[106,-34,-61,-103,107,108,109]],"id":"30043","properties":{"name":"Jefferson"}},{"type":"Polygon","arcs":[[110,111,-26,-89,112]],"id":"30045","properties":{"name":"Judith Basin"}},{"type":"Polygon","arcs":[[113,114,115,-30,-44]],"id":"30099","properties":{"name":"Teton"}},{"type":"Polygon","arcs":[[-53,116,117]],"id":"30061","properties":{"name":"Mineral"}},{"type":"Polygon","arcs":[[118,119,-110,120,-22,-39]],"id":"30023","properties":{"name":"Deer Lodge"}},{"type":"Polygon","arcs":[[-109,121,-23,-121]],"id":"30093","properties":{"name":"Silver Bow"}},{"type":"Polygon","arcs":[[-122,-108,-106,122,-24]],"id":"30057","properties":{"name":"Madison"}},{"type":"Polygon","arcs":[[123,-68,124,125,-94]],"id":"30025","properties":{"name":"Fallon"}},{"type":"Polygon","arcs":[[-95,-126,126,-98]],"id":"30011","properties":{"name":"Carter"}},{"type":"Polygon","arcs":[[127,128,129,-12]],"id":"30041","properties":{"name":"Hill"}},{"type":"Polygon","arcs":[[130,131,-81,-58,-62,-16,-27,-112]],"id":"30027","properties":{"name":"Fergus"}},{"type":"Polygon","arcs":[[-13,-130,132,-131,-111,133,-115,134]],"id":"30015","properties":{"name":"Chouteau"}},{"type":"Polygon","arcs":[[-77,-70,135,136,-5,137]],"id":"30055","properties":{"name":"McCone"}},{"type":"Polygon","arcs":[[138,139,-78,-138,-4,-80]],"id":"30105","properties":{"name":"Valley"}},{"type":"Polygon","arcs":[[140,141,-84]],"id":"30103","properties":{"name":"Treasure"}},{"type":"Polygon","arcs":[[-19,-87,142,143,144]],"id":"30095","properties":{"name":"Stillwater"}},{"type":"Polygon","arcs":[[-47,145,-51]],"id":"30047","properties":{"name":"Lake"}},{"type":"Polygon","arcs":[[-52,-146,-46,146,147,-37,148,-117]],"id":"30063","properties":{"name":"Missoula"}},{"type":"Polygon","arcs":[[-45,-35,-107,-120,149,-147]],"id":"30077","properties":{"name":"Powell"}},{"type":"Polygon","arcs":[[150,151,152,-42]],"id":"30035","properties":{"name":"Glacier"}},{"type":"Polygon","arcs":[[-8,-97,-101,153,-141,-83,-63,-56]],"id":"30087","properties":{"name":"Rosebud"}},{"type":"Polygon","arcs":[[-90,-28,-20,-145,154]],"id":"30097","properties":{"name":"Sweet Grass"}},{"type":"Polygon","arcs":[[-153,155,-14,-135,-114,-43]],"id":"30073","properties":{"name":"Pondera"}},{"type":"Polygon","arcs":[[156,157,-74,-140]],"id":"30019","properties":{"name":"Daniels"}},{"type":"Polygon","arcs":[[-104,-91,-155,-144,158,159]],"id":"30067","properties":{"name":"Park"}},{"type":"Polygon","arcs":[[-137,160,-69,-124,-93,-6]],"id":"30079","properties":{"name":"Prairie"}},{"type":"Polygon","arcs":[[-85,-142,-154,-100,161,162]],"id":"30003","properties":{"name":"Big Horn"}},{"type":"Polygon","arcs":[[-73,-65,-161,-136]],"id":"30021","properties":{"name":"Dawson"}},{"type":"Polygon","arcs":[[163,-82,-132,-133,-129]],"id":"30005","properties":{"name":"Blaine"}},{"type":"Polygon","arcs":[[164,-10,-156,-152]],"id":"30101","properties":{"name":"Toole"}},{"type":"Polygon","arcs":[[165,-75,-158]],"id":"30091","properties":{"name":"Sheridan"}},{"type":"Polygon","arcs":[[-148,-150,-119,-38]],"id":"30039","properties":{"name":"Granite"}},{"type":"Polygon","arcs":[[-143,-86,-163,166,-159]],"id":"30009","properties":{"name":"Carbon"}},{"type":"Polygon","arcs":[[-116,-134,-113,-88,-31]],"id":"30013","properties":{"name":"Cascade"}}]}},"arcs":[[[-107.95728294402943,47.26882257411573],[-107.95728294402943,47.26882257411573]],[[-107.95728294402943,47.26882257411573],[-107.96087223802238,47.352151364103634],[-107.91062212212121,47.40455400523005],[-107.91062212212121,47.45094322852228]],[[-107.91062212212121,47.45094322852228],[-107.86396130021299,47.45609758666586],[-107.86396130021299,47.51365458593585],[-107.81730047830477,47.54629885417853],[-107.76346106841068,47.548016973559726],[-107.73115742247423,47.57207064489644],[-107.69526448254481,47.62962764416643],[-107.61630001470014,47.63134576354763],[-107.60912142671427,47.64766789766897],[-107.51938907689076,47.64251353952539],[-107.49785331293312,47.62361422633226],[-107.44042460904609,47.62533234571345],[-107.4152995510955,47.69147994188941]],[[-107.4152995510955,47.69147994188941],[-107.28249567335673,47.68031216591165],[-107.25019202742027,47.66141285271852],[-107.11379885568856,47.66914438993389],[-107.0097093298933,47.663130972099715],[-106.88049474614746,47.67773498683986],[-106.86254827618275,47.737010105491045],[-106.73333369243691,47.73443292641926],[-106.71179792847929,47.77223155280552],[-106.65436922459224,47.790271806308056],[-106.60411910869108,47.78511744816447],[-106.56463687476874,47.840956328053274],[-106.51079746487464,47.878754954439536],[-106.53233322883229,47.90366768546685],[-106.489261700917,47.932875714947144],[-106.50002958289582,47.95864750566505],[-106.44619017300172,47.982701177001765],[-106.4174758210582,47.95778844597445]],[[-106.4174758210582,47.95778844597445],[-106.36004711717116,47.95692938628385],[-106.35645782317823,47.86844623815237],[-106.25954688536885,47.86844623815237],[-106.25954688536885,47.529117660366595],[-106.29902911929119,47.529117660366595],[-106.29902911929119,47.35386948348483],[-106.16981453554536,47.354728543175426],[-106.16981453554536,47.18119848567485],[-106.08726077370773,47.18119848567485]],[[-106.08726077370773,47.18119848567485],[-106.08726077370773,46.8599101613916]],[[-106.08726077370773,46.8599101613916],[-106.08726077370773,46.84616520634206]],[[-106.08726077370773,46.84616520634206],[-106.71897651646516,46.84530614665146],[-106.71897651646516,46.8599101613916],[-107.46913896098961,46.859051101701006],[-107.46913896098961,46.851319564485635],[-107.89267565215651,46.851319564485635]],[[-107.89267565215651,46.851319564485635],[-107.93933647406473,46.877950414894144],[-107.91062212212121,46.96901074209741],[-107.88549706417064,46.9999368909589],[-107.92497929809298,47.04546705456054],[-107.96087223802238,47.12707772516725],[-107.92856859208591,47.1674535306253],[-107.96805082600825,47.25250043999439],[-107.95728294402943,47.26882257411573]],[[-111.41018376523765,48.21980165160651],[-111.27379059350592,48.21980165160651],[-111.27379059350592,48.91392188160881],[-111.27020129951299,48.99725067159671]],[[-111.27020129951299,48.99725067159671],[-110.74257508255081,48.998968790977905]],[[-110.74257508255081,48.998968790977905],[-110.74257508255081,48.91392188160881],[-110.75693225852258,48.21980165160651]],[[-110.75693225852258,48.21980165160651],[-110.82871813838138,48.21980165160651],[-110.82871813838138,48.133036622856224],[-111.41018376523765,48.13217756316563]],[[-111.41018376523765,48.13217756316563],[-111.41018376523765,48.21980165160651]],[[-109.65501900269003,46.219051632206316],[-109.40376842318423,46.219910691896914],[-109.40376842318423,46.49051449443494],[-109.38941124721246,46.49051449443494],[-109.38941124721246,46.693252581415805]],[[-109.38941124721246,46.693252581415805],[-109.38941124721246,46.751668640376394],[-109.00894608396084,46.7508095806858]],[[-109.00894608396084,46.7508095806858],[-109.00894608396084,46.621091567405664],[-108.98741032000319,46.57813858287582],[-108.90485655816558,46.577279523185226],[-108.90485655816558,46.48965543474434],[-108.8617850302503,46.45185680835807],[-108.8617850302503,46.36423271991719],[-108.82948138431384,46.350487764867644],[-108.83307067830678,46.32127973538735],[-108.77923126841267,46.277467691166905],[-108.77923126841267,46.13228660345602]],[[-108.77923126841267,46.13228660345602],[-108.92280302813028,46.13228660345602]],[[-108.92280302813028,46.13228660345602],[-109.41453630516304,46.13228660345602],[-109.41812559915599,46.04466251501514]],[[-109.41812559915599,46.04466251501514],[-109.60476888678886,46.04466251501514],[-109.60476888678886,46.13228660345602],[-109.65501900269003,46.13228660345602],[-109.65501900269003,46.219051632206316]],[[-113.94422532425324,45.68643462403623],[-113.91192167831677,45.69846145970459],[-113.91551097230972,45.74570974268742],[-113.8688501504015,45.78179024969249],[-113.82936791647916,45.750864100831],[-113.69656403874038,45.84364254741546],[-113.66784968679686,45.835051950509495],[-113.59247451294512,45.85051502494024],[-113.5278672210722,45.88144117380173],[-113.51709933909338,45.938998173071724]],[[-113.51709933909338,45.938998173071724],[-113.49556357513575,45.93642099399993],[-113.43095628326283,45.830756652056515],[-113.43454557725576,45.8067029807198],[-113.39506334333343,45.76632717526174],[-113.36275969739697,45.757736578355775],[-113.33763463944639,45.81357545824458],[-113.2766166415664,45.81787075669756],[-113.22995581965819,45.86683715906158],[-113.17970570375704,45.884877412564116],[-113.10074123591235,45.88144117380173],[-113.0863840599406,45.86082374122741]],[[-113.0863840599406,45.86082374122741],[-112.98947312213122,45.80842110010099],[-112.92845512425123,45.80154862257622],[-112.90333006630065,45.7800721303113],[-112.82436559845598,45.774058712477114],[-112.75975830658307,45.74828692175921],[-112.73463324863248,45.68643462403623],[-112.70232960269603,45.67612590774907],[-112.68797242672426,45.62458232631325]],[[-112.68797242672426,45.62458232631325],[-112.68797242672426,45.569602506115054],[-112.70591889668896,45.533521999109986],[-112.6915617207172,45.483696537055366],[-112.62695442884429,45.44074355252552],[-112.57670431294312,45.42957577654776],[-112.50491843308433,45.44332073159731],[-112.46543619916199,45.39349526954269],[-112.45825761117611,45.088529079380784],[-112.3326323214232,45.088529079380784],[-112.3326323214232,45.0009049909399],[-112.19264985569855,45.0009049909399],[-112.18906056170562,44.91242184280842],[-112.16752479774797,44.91242184280842],[-112.16752479774797,44.82651587374873],[-112.06702456594566,44.825656814058135],[-112.06702456594566,44.783562889218885],[-111.77988104651045,44.78098571014709],[-111.77988104651045,44.70882469613695],[-111.48196964509644,44.70882469613695]],[[-111.48196964509644,44.70882469613695],[-111.46761246912469,44.679616666656656],[-111.52504117301173,44.59542881697816],[-111.47120176311762,44.54044899677996],[-111.5860591708917,44.56278454873548],[-111.61836281682817,44.54903959368593],[-111.70450587265871,44.56020736966369],[-111.71527375463754,44.54388523554235],[-111.82295257442574,44.50952284791847],[-111.86961339633396,44.56364360842608],[-111.94857786417863,44.5567711309013],[-111.99523868608685,44.53529463863638],[-112.03113162601625,44.54646241461414],[-112.10650679986799,44.52069062389623],[-112.1352211518115,44.53958993708936],[-112.18547126771267,44.53271745956459],[-112.22854279562794,44.56278454873548],[-112.28597149951499,44.56879796656966],[-112.31827514545145,44.53873087739877],[-112.3505787913879,44.53873087739877],[-112.3577573793738,44.48632823627236],[-112.3864717313173,44.4476705501955],[-112.47261478714786,44.480314818438174],[-112.50132913909138,44.46313362462624],[-112.54081137301372,44.483751057200564],[-112.65925807478074,44.48546917658176],[-112.72027607266072,44.50436848977489],[-112.7812940705407,44.48461011689116],[-112.83513348043479,44.42275781916818],[-112.81359771647716,44.37722765556655],[-112.84590136241361,44.35832834237342],[-112.88538359633596,44.39612696875968],[-112.94999088820887,44.41674440133401],[-113.00383029810297,44.45110678895788],[-113.02536606206061,44.49663695255952],[-113.00741959209591,44.525844982039814],[-113.08279476594765,44.59542881697816],[-113.05049112001119,44.636663682126816],[-113.06843758997589,44.679616666656656],[-113.13304488184882,44.77325417293172],[-113.24790228962289,44.82307963498634],[-113.34122393343932,44.78528100860008],[-113.35558110941109,44.81964339622395],[-113.4560813412134,44.86517355982559],[-113.49556357513575,44.94850234981349],[-113.44531345923458,44.95967012579125],[-113.4381348712487,45.006918408774084],[-113.45249204722046,45.05932104990049],[-113.52068863308632,45.09282437783377],[-113.51351004510045,45.11515992978929],[-113.57452804298042,45.12804582514824],[-113.59965310093101,45.19075718256182],[-113.68579615676155,45.253468539975394],[-113.6893854507545,45.283535629146286],[-113.73963556665566,45.329924852438516],[-113.73245697866977,45.3900590307803],[-113.7611713306133,45.40638116490164],[-113.78270709457094,45.45534756726566],[-113.7611713306133,45.48111935798357],[-113.76476062460624,45.52063610375103],[-113.8329572104721,45.52063610375103],[-113.80783215252151,45.60224677435774],[-113.86167156241562,45.62372326662266],[-113.9047430903309,45.62200514724147],[-113.89756450234502,45.64434069919699],[-113.94422532425324,45.68643462403623]],[[-110.2723775694757,46.71043377522774],[-110.21135957159571,46.708715655846554],[-110.18982380763806,46.72589684965849],[-110.12880580975809,46.71902437213372],[-110.11444863378634,46.738782745017446],[-110.0498413419134,46.74909146130461],[-110.02830557795578,46.73620556594565],[-109.97087687406874,46.75252770006699],[-109.82012652636526,46.693252581415805],[-109.74475135251352,46.6941116411064]],[[-109.74475135251352,46.6941116411064],[-109.38941124721246,46.693252581415805]],[[-109.65501900269003,46.219051632206316],[-110.2831454514545,46.22076975158751]],[[-110.2831454514545,46.22076975158751],[-110.2831454514545,46.48965543474434],[-110.2723775694757,46.48965543474434],[-110.2723775694757,46.71043377522774]],[[-112.98588382813827,47.95349314752147],[-112.91768724227242,47.83837914898148],[-112.9248658302583,47.76106377682776],[-112.90333006630065,47.73099668765687],[-112.91050865428653,47.69233900158001],[-112.85666924439244,47.63048670385703],[-112.7812940705407,47.598701495304944],[-112.7274546606466,47.617600808498075],[-112.5659364309643,47.637359181381804],[-112.42236467124671,47.59956055499554],[-112.40441820128201,47.55231227201271],[-112.34340020340203,47.54973509294092],[-112.27879291152911,47.50678210841107],[-112.21418561965619,47.50334586964869],[-112.14598903379033,47.51623176500764],[-112.04907809598096,47.51623176500764]],[[-112.04907809598096,47.51623176500764],[-112.04548880198801,47.193225321343206],[-111.97729221612215,47.18377566474664],[-111.94139927619275,47.143399859288586],[-111.87320269032689,47.128795844548435],[-111.79064892848928,47.128795844548435],[-111.79064892848928,46.91403092189921],[-111.6578450507505,46.913171862208614]],[[-111.6578450507505,46.913171862208614],[-111.60759493484935,46.89255442963429],[-111.64707716877169,46.843588027270265],[-111.60041634686347,46.8075075202652],[-111.49632682106821,46.790326326453254],[-111.49632682106821,46.762836416354155]],[[-111.49632682106821,46.762836416354155],[-111.6040056408564,46.7782994907849],[-111.6398985807858,46.73792368532685],[-111.6398985807858,46.582433881328804],[-111.63271999279992,46.569547985969855],[-111.78705963449634,46.569547985969855]],[[-111.78705963449634,46.569547985969855],[-112.02036374403744,46.56868892627926],[-112.08497103591036,46.516286285152844],[-112.1352211518115,46.52229970298702],[-112.20700703167032,46.499964151031506],[-112.17470338573385,46.45615210681106],[-112.21418561965619,46.450138688976885],[-112.26802502955029,46.41491724166241],[-112.31109655746558,46.42093065949659]],[[-112.31109655746558,46.42093065949659],[-112.30750726347263,46.51027286731867],[-112.29315008750086,46.53089029989299],[-112.31827514545145,46.57470234411343],[-112.29315008750086,46.604769433284325],[-112.32186443944438,46.65631301472014],[-112.41159678926789,46.65631301472014],[-112.41159678926789,46.69926599924999],[-112.53722207902078,46.69926599924999],[-112.53722207902078,46.8341383706737],[-112.79565124651246,46.83156119160191],[-112.79565124651246,47.17690318722187],[-113.05766970799708,47.17948036629365],[-113.05766970799708,47.48788279521794],[-113.1150984118841,47.490459974289735],[-113.14381276382763,47.59526525654256]],[[-113.14381276382763,47.59526525654256],[-113.12945558785587,47.66141285271852],[-113.16534852778527,47.73013762796627],[-113.07920547195471,47.74989600085],[-113.06484829598296,47.7765268512585],[-113.06125900199001,47.88562743196431],[-113.0863840599406,47.918271700206994],[-113.02177676806767,47.92686229711296],[-112.98588382813827,47.95349314752147]],[[-114.33186907549074,46.66060831317312],[-113.82936791647916,46.66060831317312]],[[-113.82936791647916,46.66060831317312],[-113.80424285852858,46.62968216431164],[-113.86526085640855,46.49223261381613],[-113.85808226842268,46.419212540115396],[-113.81860003450034,46.40718570444704],[-113.78270709457094,46.362514600535995],[-113.77193921259212,46.319561616006155],[-113.78629638856388,46.28605828807287],[-113.75040344863449,46.26372273611735],[-113.77911780057799,46.227642229112284],[-113.81860003450034,46.215615393443926],[-113.79347497654976,46.15118591664916],[-113.75399274262742,46.11338729026289],[-113.80424285852858,46.03950815687156],[-113.75399274262742,46.046380634396336],[-113.6893854507545,46.035212858418575],[-113.66426039280393,45.980233038220376],[-113.57452804298042,45.938998173071724],[-113.51709933909338,45.93985723276232]],[[-113.51709933909338,45.93985723276232],[-113.51709933909338,45.938998173071724]],[[-113.94422532425324,45.68643462403623],[-113.98729685216851,45.704474877538765],[-114.01960049810498,45.69330710156101],[-114.01242191011909,45.658085654246534],[-114.0662613200132,45.62801856507564],[-114.13445790587905,45.557575670446695],[-114.20265449174491,45.535240118491174],[-114.24931531365313,45.54554883477834],[-114.26008319563195,45.49572337272372],[-114.34622625146251,45.45964286571865],[-114.36417272142721,45.49056901458014],[-114.41442283732836,45.50946832777327],[-114.46108365923658,45.561011909209086],[-114.55799459704596,45.565307207662066],[-114.53645883308832,45.60654207281072],[-114.56517318503184,45.63746822167221],[-114.50056589315892,45.669253430224295],[-114.49697659916599,45.71048829537295],[-114.56517318503184,45.774058712477114],[-114.50056589315892,45.85051502494024],[-114.41083354333543,45.85137408463084],[-114.38570848538485,45.8891727110171],[-114.43236930729307,45.935561934309334],[-114.41083354333543,45.977655859148584],[-114.47903012920129,46.0008504707947],[-114.49338730517304,46.04723969408693],[-114.46108365923658,46.097065156141554],[-114.52210165711656,46.12541412593125],[-114.51492306913069,46.1675080507705],[-114.44672648326483,46.173521468604676],[-114.45031577725777,46.24138718416184],[-114.4718515412154,46.26715897487974],[-114.42519071930718,46.28777640745407],[-114.42160142531425,46.38742733156331],[-114.37494060340603,46.443266211452105],[-114.4000656613566,46.50254133010329],[-114.35699413344133,46.505118509175084],[-114.32110119351192,46.6107828511185],[-114.33186907549074,46.66060831317312]],[[-114.72669141471414,49.00068691035909],[-114.06985061400613,48.998968790977905]],[[-114.06985061400613,48.998968790977905],[-114.02318979209791,48.96288828397283],[-114.04472555605555,48.93196213511134],[-114.01242191011909,48.91048564284642],[-114.05549343803438,48.8881500908909],[-113.99088614616146,48.85206958388583],[-114.00165402814028,48.8314521513115],[-113.95140391223912,48.818566255952554],[-113.90833238432384,48.84777428543285],[-113.79347497654976,48.845197106361056],[-113.75758203662036,48.81598907688076],[-113.77193921259212,48.79708976368763],[-113.7073319207192,48.733519346583456],[-113.75040344863449,48.614969109281084],[-113.60324239492394,48.57545236351363],[-113.54222439704397,48.58490202011019],[-113.46684922319223,48.54710339372393],[-113.46684922319223,48.47408332002319],[-113.48120639916398,48.456902126211254],[-113.39147404934049,48.4165263207532],[-113.35917040340402,48.42339879827797],[-113.34122393343932,48.370996157151566],[-113.38429546135461,48.33921094859948],[-113.34840252142521,48.310002919119185]],[[-113.34840252142521,48.310002919119185],[-113.29097381753817,48.26533181520814],[-113.23713440764406,48.24729156170561],[-113.22995581965819,48.17083524924249],[-113.19047358573584,48.17513054769547],[-113.13304488184882,48.1381909809998],[-113.06484829598296,48.15021781666816],[-113.05049112001119,48.121009787187866],[-113.01459818008179,48.13131850347503]],[[-113.01459818008179,48.13131850347503],[-112.98229453414534,48.117573548425476],[-112.98229453414534,48.07376150420503],[-112.93563371223712,48.0557212507025],[-112.94640159421594,48.03080851967519],[-112.9069193602936,48.02994945998459],[-112.87820500835008,47.975828699476985],[-112.91050865428653,47.94662066999669],[-112.98588382813827,47.95349314752147]],[[-113.14381276382763,47.59526525654256],[-113.32686675746757,47.59526525654256],[-113.46684922319223,47.60041961468614]],[[-113.46684922319223,47.60041961468614],[-113.6355460408604,47.60041961468614]],[[-113.6355460408604,47.60041961468614],[-113.60683168891688,47.663130972099715],[-113.60324239492394,47.721547031060304],[-113.66426039280393,47.74560070239701],[-113.6534925108251,47.77394967218672],[-113.67502827478275,47.86586905908058],[-113.66426039280393,47.883050252892524],[-113.7432248606486,47.95005690875908],[-113.80424285852858,47.98012399792997],[-113.84372509245092,47.97840587854878],[-113.88320732637325,48.052285011940114],[-114.0303683800838,48.05142595224952],[-114.07702920199202,48.02307698245982],[-114.03754696806968,47.962942804118036],[-114.49338730517304,47.96208374442744],[-114.49338730517304,47.875318715677146],[-114.47903012920129,47.875318715677146],[-114.47903012920129,47.790271806308056],[-114.60465541895418,47.790271806308056]],[[-114.60465541895418,47.790271806308056],[-114.60465541895418,47.875318715677146],[-114.98870987619875,47.87274153660536],[-114.98870987619875,48.00331860957609],[-115.0102456401564,48.017922624316235]],[[-115.0102456401564,48.017922624316235],[-115.0102456401564,48.1390500406904],[-115.02101352213522,48.225815069440685],[-114.8487274104741,48.225815069440685],[-114.8487274104741,48.57373424413243],[-114.88820964439644,48.57373424413243],[-114.88820964439644,48.65878115350153],[-114.64054835888358,48.65878115350153],[-114.69079847478474,48.67853952638526],[-114.68003059280592,48.72492874967749],[-114.61183400694006,48.75155960008599],[-114.67285200482004,48.79966694275942],[-114.73387000270002,48.809975659046586],[-114.69079847478474,48.841760867598666],[-114.71951282672826,48.93883461263612],[-114.68361988679887,48.973197000259994],[-114.72669141471414,49.00068691035909]],[[-116.05114089810897,48.21636541284412],[-116.01524795817957,48.206056696556956],[-116.01883725217252,48.16911712986129],[-115.95781925429253,48.14935875697756],[-115.93628349033489,48.18458020429203],[-115.79989031860319,48.22323789036889],[-115.77117596665965,48.25931839737397],[-115.71015796877968,48.24729156170561],[-115.67426502885027,48.19574798026979],[-115.69580079280792,48.17513054769547],[-115.64555067690677,48.13217756316563],[-115.63837208892087,48.075479623586226],[-115.53787185711857,47.98184211731117],[-115.55581832708327,47.937171013400125],[-115.50556821118211,47.90882204361043],[-115.43019303733037,47.91139922268222],[-115.4050679793798,47.93545289401893],[-115.3799429214292,47.90452674515744],[-115.32251421754216,47.91998981958819],[-115.28303198361982,47.890781790107894],[-115.18971033980338,47.918271700206994],[-115.17176386983868,47.97496963978639],[-115.13587092990929,47.98184211731117],[-115.14663881188811,48.017922624316235],[-115.0102456401564,48.017922624316235]],[[-114.60465541895418,47.790271806308056],[-114.58311965499654,47.74645976208761],[-114.58311965499654,47.602137734067334],[-114.34981554545544,47.602137734067334],[-114.32827978149781,47.55746663015629],[-114.36417272142721,47.54114449603495],[-114.38211919139191,47.48358749676496],[-114.29956542955429,47.49647339212391],[-114.28520825358252,47.46812442233421],[-114.32469048750487,47.467265362643616],[-114.35340483944839,47.389949990489896],[-114.28879754757547,47.355587602866024],[-114.20265449174491,47.355587602866024],[-114.20265449174491,47.182057545365446],[-114.18829731577316,47.138245501145]],[[-114.18829731577316,47.138245501145],[-114.25290460764607,47.121064307333064],[-114.35699413344133,47.15800387402873],[-114.34622625146251,47.17604412753127],[-114.42519071930718,47.21040651515514],[-114.4539050712507,47.20782933608335],[-114.56517318503184,47.25421855937559],[-114.6872091807918,47.273976932259316],[-114.70874494474944,47.255077619066185],[-114.79847729457293,47.26882257411573]],[[-114.79847729457293,47.26882257411573],[-114.84154882248822,47.26882257411573],[-114.84154882248822,47.298030603596025],[-114.97076340623406,47.312634618336176],[-114.97794199421993,47.39510434863348],[-115.08921010800107,47.42688955718556],[-115.12869234192341,47.42345331842318],[-115.15740669386693,47.44750698975989],[-115.28303198361982,47.487023735527345],[-115.34404998149981,47.470701601406006],[-115.40147868538685,47.48530561614616],[-115.44455021330214,47.46554724326243],[-115.52710397513974,47.49561433243332],[-115.53428256312563,47.47585595954959],[-115.62760420694207,47.479292198311974]],[[-115.62760420694207,47.479292198311974],[-115.68503291082911,47.48530561614616],[-115.7029793807938,47.53427201851018],[-115.74246161471615,47.53856731696316],[-115.73528302673026,47.567775346443455],[-115.68862220482204,47.59526525654256],[-115.73169373273731,47.64251353952539],[-115.72451514475145,47.69663430003299],[-115.77117596665965,47.717251732607316],[-115.79630102461024,47.75762753806537],[-115.82501537655375,47.75247317992179],[-115.85372972849729,47.82807043269432],[-115.90756913839138,47.84611068619685],[-116.04755160411604,47.97754681885818],[-116.05114089810897,48.21636541284412]],[[-108.31262304933048,47.5832384208742],[-108.20135493554935,47.590110898398976],[-108.17981917159172,47.57980218211181],[-108.06496176381764,47.598701495304944],[-107.97522941399413,47.58581559994599],[-107.92856859208591,47.567775346443455],[-107.89985424014239,47.51021834717346],[-107.91062212212121,47.45094322852228]],[[-107.89267565215651,46.851319564485635],[-107.84242553625536,46.801494102431015],[-107.8280683602836,46.75596393882938]],[[-107.8280683602836,46.75596393882938],[-108.26237293342933,46.75424581944819],[-108.38081963519635,46.7499505209952],[-108.63207021470214,46.74909146130461]],[[-108.63207021470214,46.74909146130461],[-108.63207021470214,46.83671554974549],[-108.6105344507445,46.83671554974549],[-108.6105344507445,47.09786969568695],[-108.7361597404974,47.09786969568695],[-108.7361597404974,47.18377566474664],[-108.7182132705327,47.18377566474664],[-108.7182132705327,47.270540693496926],[-108.5925879807798,47.270540693496926],[-108.5925879807798,47.306621200502],[-108.33774810728107,47.30833931988319],[-108.31621234332343,47.31521179740797],[-108.31262304933048,47.5832384208742]],[[-111.49632682106821,46.762836416354155],[-111.45684458714587,46.74565522254222],[-111.44966599915999,46.682084805438045],[-111.41377305923059,46.670917029460284],[-111.4065944712447,46.639131820908204],[-111.33839788537885,46.635695582145814],[-111.32404070940709,46.61507814957149],[-111.33121929739296,46.53604465803657],[-111.25584412354122,46.49738697195971],[-111.24866553555535,46.43982997268972],[-111.18405824368243,46.43295749516494],[-111.16611177371773,46.44842056959569],[-111.06202224792247,46.40890382382823],[-111.07279012990129,46.34791058579585],[-111.11945095180951,46.312689138481375],[-111.12662953979539,46.27660863147631],[-111.07996871788717,46.2508368407584],[-111.06202224792247,46.19242078179781]],[[-111.06202224792247,46.19242078179781],[-111.30609423944239,46.18812548334483],[-111.34557647336473,46.15290403603035],[-111.35634435534355,46.11854164840648],[-111.4245409412094,46.060984649136486],[-111.42095164721647,45.99483705296052],[-111.45684458714587,45.99827329172291],[-111.46761246912469,45.95532030719306],[-111.54657693696936,45.90979014359143],[-111.58964846488465,45.90635390482904],[-111.66143434474344,45.83333383112831]],[[-111.66143434474344,45.83333383112831],[-111.66143434474344,46.04895781346813],[-111.7834703405034,46.049816873158726],[-111.78705963449634,46.13658190190901],[-111.78705963449634,46.569547985969855]],[[-109.00894608396084,46.7508095806858],[-108.63207021470214,46.74909146130461]],[[-107.8280683602836,46.75596393882938],[-107.82447906629066,46.70356129770297],[-107.7921754203542,46.68036668605685],[-107.83883624226242,46.597037896068954],[-107.79576471434714,46.597037896068954],[-107.79576471434714,46.49566885257852],[-107.78140753837538,46.49566885257852]],[[-107.78140753837538,46.49566885257852],[-107.78140753837538,46.39515886877868],[-107.92856859208591,46.39515886877868],[-108.02906882388824,46.3075347803378],[-108.02906882388824,46.26372273611735],[-108.31980163731637,46.26372273611735],[-108.36287316523165,46.235373766327655],[-108.40594469314692,46.23623282601825],[-108.40594469314692,46.13314566314662],[-108.77923126841267,46.13228660345602]],[[-104.60488235462354,46.8607692210822],[-104.49720353483534,46.8607692210822],[-104.41106047900479,46.90372220561205],[-104.30697095320953,47.04203081579815],[-104.31773883518835,47.18033942598425],[-104.3859354210542,47.28858094699946],[-104.45054271292712,47.31950709586095],[-104.42182836098361,47.354728543175426]],[[-104.42182836098361,47.354728543175426],[-104.13109554755547,47.35386948348483],[-104.13109554755547,47.39768152770527],[-104.04495249172491,47.39682246801467]],[[-104.04495249172491,47.39682246801467],[-104.04495249172491,46.64170899997999]],[[-104.04495249172491,46.64170899997999],[-104.35363177511775,46.64170899997999],[-104.35363177511775,46.67005796976969],[-104.41823906699067,46.68466198450984],[-104.60847164861649,46.68466198450984]],[[-104.60847164861649,46.68466198450984],[-104.60488235462354,46.8607692210822]],[[-105.23300880338803,47.790271806308056],[-105.23300880338803,47.86844623815237],[-105.19352656946569,47.86844623815237],[-105.19352656946569,48.06688902668026]],[[-105.19352656946569,48.06688902668026],[-105.17199080550805,48.08149304142041],[-105.05713339773398,48.07805680265802],[-105.04277622176221,48.05314407163071],[-104.98534751787517,48.10125141430414],[-104.94586528395283,48.09437893677936],[-104.9243295199952,48.13647286161861],[-104.88125799207991,48.14935875697756],[-104.82382928819288,48.11929166780667],[-104.75922199631995,48.126164145331444],[-104.68025752847528,48.10296953368533],[-104.62641811858119,48.1124191902819],[-104.61206094260942,48.14162721976219],[-104.5833465906659,48.10726483213831],[-104.54386435674355,48.126164145331444],[-104.5115607108071,48.109842011210105],[-104.46131059490594,48.11929166780667],[-104.44336412494124,48.095237996469955],[-104.36081036310362,48.06860714606145],[-104.3500424811248,48.04627159410593],[-104.28902448324483,48.05056689255892],[-104.24595295532954,48.03080851967519],[-104.16698848748487,48.03510381812817],[-104.1346848415484,48.0557212507025],[-104.09520260762606,48.025654161531605],[-104.09879190161901,47.9998823708137],[-104.04495249172491,47.99644613205131]],[[-104.04495249172491,47.99644613205131],[-104.04495249172491,47.39682246801467]],[[-104.42182836098361,47.354728543175426],[-104.5115607108071,47.354728543175426],[-104.5115607108071,47.529117660366595],[-104.59411447264472,47.529117660366595],[-104.59411447264472,47.61588268911688],[-104.97816892988929,47.61588268911688],[-104.97816892988929,47.70350677755777],[-105.23659809738096,47.70350677755777],[-105.23300880338803,47.790271806308056]],[[-105.80370654826548,48.56342552784527],[-104.97457963589635,48.56342552784527]],[[-104.97457963589635,48.56342552784527],[-104.75922199631995,48.56342552784527],[-104.75922199631995,48.47666049909498],[-104.62641811858119,48.47666049909498],[-104.62641811858119,48.3890364106541],[-104.04854178571784,48.3890364106541]],[[-104.04854178571784,48.3890364106541],[-104.04495249172491,48.37443239591395],[-104.04495249172491,47.99644613205131]],[[-105.19352656946569,48.06688902668026],[-105.22941950939509,48.08922457863578],[-105.3191518592186,48.078915862348616],[-105.3299197411974,48.09266081739817],[-105.45195573695736,48.08922457863578],[-105.50220585285852,48.09781517554175],[-105.53092020480204,48.067748086370855],[-105.56681314473144,48.0832111608016],[-105.64936690656906,48.07719774296742],[-105.64218831858318,48.05142595224952],[-105.69602772847728,48.05314407163071],[-105.74986713837137,48.025654161531605],[-105.84318878218781,48.010191087100864]],[[-105.84318878218781,48.010191087100864],[-105.84318878218781,48.21894259191591],[-105.80370654826548,48.21894259191591],[-105.80370654826548,48.56342552784527]],[[-108.23724787547874,48.999827850668495],[-107.44042460904609,48.998968790977905],[-107.17840614756147,48.999827850668495]],[[-107.17840614756147,48.999827850668495],[-107.17840614756147,48.91306282191821],[-107.207120499505,48.91306282191821],[-107.207120499505,48.568579885988854],[-107.19276332353323,48.50930476733767],[-107.25019202742027,48.51703630455304],[-107.25737061540615,48.48095579754797],[-107.30044214332143,48.48095579754797],[-107.30044214332143,48.39419076879768],[-107.26095990939909,48.39419076879768],[-107.26095990939909,48.3048485609756],[-107.36863872918728,48.3048485609756],[-107.36863872918728,48.218083532225315],[-107.40453166911668,48.218083532225315],[-107.40453166911668,47.87016435753357],[-107.4152995510955,47.87016435753357],[-107.4152995510955,47.69147994188941]],[[-108.31262304933048,47.5832384208742],[-108.33415881328813,47.567775346443455],[-108.38799822318222,47.59182901778017],[-108.42748045710456,47.58839277901778],[-108.44183763307632,47.61502362942629],[-108.51003421894218,47.601278674376736],[-108.52439139491395,47.621037047260465],[-108.57105221682217,47.609869271282705],[-108.6105344507445,47.624473286022855],[-108.67155244862448,47.61931892787927],[-108.72898115251152,47.65024507674076],[-108.7720526804268,47.64594977828777],[-108.78282056240562,47.682030285292846],[-108.82230279632796,47.71037925508254],[-108.89049938219381,47.73443292641926]],[[-108.89049938219381,47.73443292641926],[-108.88691008820088,47.92256699865998],[-108.62489162671626,47.91998981958819],[-108.60694515675156,47.99129177390773],[-108.57105221682217,47.98098305762057],[-108.43465904509044,47.97668775916758],[-108.43465904509044,48.21980165160651],[-108.40953398713987,48.21980165160651],[-108.40953398713987,48.448311529305286],[-108.34492669526695,48.422539738587375],[-108.34492669526695,48.568579885988854],[-108.31980163731637,48.568579885988854],[-108.31980163731637,48.742109943489424],[-108.25878363943639,48.742109943489424],[-108.25878363943639,48.91392188160881],[-108.23724787547874,48.91392188160881],[-108.23724787547874,48.999827850668495]],[[-107.78140753837538,46.49566885257852],[-107.7383360104601,46.481923897528965]],[[-107.7383360104601,46.481923897528965],[-107.69526448254481,46.40976288351883],[-107.65578224862249,46.39515886877868],[-107.65578224862249,46.365950839298385],[-107.6127107207072,46.351346824558235],[-107.6127107207072,46.308393840028394],[-107.56963919279193,46.29378982528824],[-107.56963919279193,46.26458179580795],[-107.53015695886958,46.249977781067805],[-107.50862119491194,46.19242078179781],[-107.46554966699667,46.177816767057664],[-107.47272825498254,46.10737387242872],[-107.51221048890488,46.04380345532454]],[[-107.51221048890488,46.04380345532454],[-107.67372871858718,46.04380345532454],[-107.67372871858718,45.985387396363954],[-107.79935400834007,45.985387396363954],[-107.79935400834007,45.95703842657426],[-107.83883624226242,45.95703842657426],[-107.83883624226242,45.92783039709396],[-107.88190777017769,45.92783039709396],[-107.88190777017769,45.899481427304266],[-108.04701529385294,45.899481427304266],[-108.04701529385294,45.78350836907369],[-108.06855105781057,45.78350836907369],[-108.06855105781057,45.518917984369835],[-108.19417634756347,45.518917984369835],[-108.19417634756347,45.48970995488954],[-108.31621234332343,45.48970995488954],[-108.31621234332343,45.46050192540925],[-108.6464273906739,45.46393816417164]],[[-108.6464273906739,45.46393816417164],[-108.69667750657506,45.46393816417164],[-108.700266800568,45.522354223132226],[-108.76128479844797,45.52321328282282],[-108.76128479844797,45.55156225261252],[-108.80076703237032,45.55156225261252],[-108.78282056240562,45.638327281362805],[-108.84383856028559,45.610837371263706]],[[-108.84383856028559,45.610837371263706],[-108.88332079420793,45.68299838527385],[-108.90485655816558,45.68299838527385],[-108.90126726417263,45.95961560564605],[-108.92280302813028,45.95961560564605],[-108.92280302813028,46.13228660345602]],[[-111.6578450507505,46.913171862208614],[-111.53939834898348,46.913171862208614],[-111.53939834898348,47.0007959506495],[-111.28455847548474,47.0007959506495],[-111.28455847548474,47.01196372662726],[-111.15893318573185,47.01196372662726],[-111.15893318573185,47.08842003909038],[-111.07996871788717,47.08756097939979],[-111.07637942389424,47.04546705456054],[-111.10509377583776,47.029144920439194],[-111.07279012990129,47.00595030879308],[-110.99741495604955,47.005091249102485],[-110.91127190021899,46.98017851807517],[-110.8574324903249,46.92176245911458],[-110.76411084650846,46.882245713347125],[-110.75334296452964,46.84444708696086],[-110.6959142606426,46.84530614665146],[-110.65284273272732,46.823829654386536]],[[-110.65284273272732,46.823829654386536],[-110.62053908679086,46.77228607295072],[-110.56311038290383,46.77142701326012],[-110.56311038290383,46.738782745017446],[-110.48414591505914,46.701843178321774],[-110.46619944509445,46.67864856667566],[-110.37646709527094,46.693252581415805],[-110.32980627336272,46.67349420853208],[-110.2723775694757,46.71043377522774]],[[-110.2831454514545,46.22076975158751],[-110.2831454514545,46.18468924458244]],[[-110.2831454514545,46.18468924458244],[-110.4087707412074,46.18468924458244],[-110.4087707412074,46.19242078179781],[-110.78205731647316,46.19242078179781]],[[-110.78205731647316,46.19242078179781],[-111.06202224792247,46.19242078179781]],[[-106.08726077370773,46.8599101613916],[-105.832420900209,46.8607692210822],[-105.832420900209,46.83156119160191],[-105.6170632606326,46.832420251292504],[-105.6170632606326,46.74479616285162],[-105.57758102671026,46.74479616285162],[-105.57758102671026,46.658031134101336],[-105.4914379708797,46.658031134101336],[-105.4914379708797,46.60047413483134],[-105.44836644296443,46.59961507514075],[-105.44836644296443,46.57126610535104],[-105.24018739137391,46.570407045660446],[-105.24018739137391,46.54119901618015],[-104.98534751787517,46.54033995648956],[-104.98534751787517,46.569547985969855],[-104.85972222812228,46.56868892627926],[-104.85972222812228,46.612500970499696],[-104.73409693836938,46.612500970499696]],[[-104.73409693836938,46.612500970499696],[-104.73409693836938,46.481923897528965],[-104.9063830500305,46.481923897528965],[-104.9063830500305,46.31354819817197],[-104.88484728607285,46.31354819817197],[-104.88484728607285,46.13658190190901]],[[-104.88484728607285,46.13658190190901],[-104.93868669596695,46.13658190190901],[-104.93868669596695,45.78694460783607],[-104.98175822388224,45.78694460783607]],[[-104.98175822388224,45.78694460783607],[-105.66013478854788,45.788662727217265],[-106.19135029950299,45.788662727217265]],[[-106.19135029950299,45.788662727217265],[-106.19135029950299,46.13744096159961],[-106.15186806558064,46.13744096159961],[-106.15545735957359,46.48364201691016],[-106.11956441964419,46.48364201691016],[-106.11956441964419,46.83156119160191],[-106.08726077370773,46.84616520634206]],[[-104.98175822388224,45.78694460783607],[-104.98893681186811,45.35226040439404],[-105.03918692776928,45.35226040439404],[-105.03918692776928,45.0000459312493]],[[-105.03918692776928,45.0000459312493],[-105.84677807618075,45.0000459312493],[-106.02624277582775,44.99403251341513],[-106.2631361793618,44.99403251341513]],[[-106.2631361793618,44.99403251341513],[-106.2631361793618,45.17958940658406],[-106.28108264932649,45.17958940658406]],[[-106.28108264932649,45.17958940658406],[-106.28108264932649,45.35140134470344],[-106.23442182741827,45.35140134470344],[-106.23083253342533,45.75687751866518],[-106.23442182741827,45.788662727217265],[-106.19135029950299,45.788662727217265]],[[-116.05114089810897,48.21636541284412],[-116.04755160411604,48.50243228981289],[-116.04755160411604,49.00068691035909],[-115.20765680976808,48.998968790977905],[-114.72669141471414,49.00068691035909]],[[-111.80500610446104,45.79811238381383],[-111.70450587265871,45.796394264432635],[-111.66143434474344,45.83333383112831]],[[-110.78205731647316,46.19242078179781],[-110.79282519845198,45.988823635126344],[-110.78923590445903,45.78608554814547],[-110.79641449244492,45.78608554814547],[-110.79641449244492,45.59107899837998],[-110.8574324903249,45.59107899837998],[-110.8574324903249,45.52493140220402],[-110.91845048820488,45.52493140220402],[-110.91845048820488,45.35140134470344],[-111.0368971899719,45.35140134470344],[-111.0368971899719,45.176153167821674],[-111.04407577795777,45.0017640506305]],[[-111.04407577795777,45.0017640506305],[-111.0548436599366,45.0009049909399],[-111.05843295392954,44.86689167920679],[-111.0548436599366,44.66587171160711],[-111.04766507195072,44.474301400604],[-111.12304024580246,44.49405977348773],[-111.14457600976009,44.53615369832698],[-111.23071906559065,44.586838220072195],[-111.22354047760477,44.62377778676786],[-111.32404070940709,44.7242877705677],[-111.37788011930118,44.7517776806668]],[[-111.37788011930118,44.7517776806668],[-111.37429082530825,45.35054228501284],[-111.34916576735766,45.35054228501284],[-111.3527550613506,45.641763520125195],[-111.53580905499054,45.64262257981579],[-111.59682705287052,45.700179579085784],[-111.6398985807858,45.71392453413534],[-111.66143434474344,45.74313256361563],[-111.72245234262341,45.74313256361563],[-111.72245234262341,45.772340593095926],[-111.80500610446104,45.79811238381383]],[[-112.55875784297842,46.26544085549855],[-112.56952572495724,46.304957601266004],[-112.49773984509845,46.34189716796167],[-112.45466831718316,46.32901127260272],[-112.40441820128201,46.38656827187271],[-112.3505787913879,46.385709212182114],[-112.31109655746558,46.42093065949659]],[[-111.80500610446104,45.79811238381383],[-111.84448833838337,45.82130699545995],[-111.91268492424923,45.82989759236592],[-111.93063139421393,45.857387502465016],[-111.98447080410803,45.846219726487256],[-112.02395303803037,45.85910562184621],[-112.10650679986799,45.84106536834368],[-112.1352211518115,45.77148153340533],[-112.18906056170562,45.74828692175921]],[[-112.18906056170562,45.74828692175921],[-112.21418561965619,45.765468115571146],[-112.41518608326082,45.83677006989069],[-112.40441820128201,45.888313651326506],[-112.43672184721846,45.94071629245292],[-112.44390043520434,46.03349473903738],[-112.47261478714786,46.03950815687156],[-112.46543619916199,46.092769857688566],[-112.51927560905608,46.13658190190901],[-112.50491843308433,46.18468924458244],[-112.57670431294312,46.17867582674826]],[[-112.57670431294312,46.17867582674826],[-112.59824007690077,46.23709188570885],[-112.55875784297842,46.26544085549855]],[[-110.63848555675555,47.4165808408984],[-110.21494886558865,47.4165808408984]],[[-110.21494886558865,47.4165808408984],[-110.21494886558865,47.35902384162841],[-110.12880580975809,47.35902384162841],[-110.12880580975809,47.27225881287812],[-109.99959122601226,47.27225881287812],[-109.99959122601226,47.228446768657676],[-109.87396593625935,47.229305828348274],[-109.87037664226642,47.185493784127836],[-109.75551923449234,47.185493784127836],[-109.75551923449234,46.89599066839668],[-109.79859076240761,46.86678263891638],[-109.79859076240761,46.83070213191131],[-109.83448370233701,46.83070213191131],[-109.83089440834408,46.80235316212161],[-109.75551923449234,46.78001761016609],[-109.74475135251352,46.6941116411064]],[[-110.65284273272732,46.823829654386536],[-110.63489626276262,46.83757460943609],[-110.64566414474145,47.09615157630576],[-110.77128943449434,47.09615157630576],[-110.7677001405014,47.23446018649186],[-110.78923590445903,47.249064201232],[-110.78923590445903,47.30748026019259],[-110.7677001405014,47.29717154390543],[-110.7677001405014,47.35902384162841],[-110.63848555675555,47.35902384162841],[-110.63848555675555,47.4165808408984]],[[-113.01459818008179,48.13131850347503],[-112.1782926797268,48.13045944378443],[-112.1782926797268,48.087506459254584],[-112.04907809598096,48.08664739956399],[-112.04907809598096,48.04283535534355],[-111.98447080410803,48.04283535534355],[-111.98447080410803,47.98441929638295],[-111.41018376523765,47.986996475454745]],[[-111.41018376523765,47.986996475454745],[-111.41018376523765,47.698352419414185]],[[-111.41018376523765,47.698352419414185],[-111.66502363873639,47.69749335972359],[-111.66502363873639,47.6115873906639],[-111.92345280622806,47.6115873906639],[-111.92345280622806,47.505063989029885],[-112.04907809598096,47.51623176500764]],[[-114.79847729457293,47.26882257411573],[-114.7769415306153,47.22586958958589],[-114.71233423874239,47.22586958958589],[-114.71233423874239,47.182057545365446],[-114.6513162408624,47.1674535306253],[-114.62978047690476,47.12364148640486],[-114.58670894898948,47.12364148640486],[-114.56517318503184,47.06780260651606],[-114.48261942319422,47.06780260651606],[-114.48261942319422,47.02313150260502],[-114.4180121313213,47.02313150260502],[-114.45031577725777,46.993064413434126],[-114.52569095110951,47.009386547555465],[-114.56517318503184,46.962997324263235],[-114.56517318503184,46.8332793109831],[-114.54722671506714,46.8332793109831],[-114.55081600906009,46.747373341923414],[-114.67644129881297,46.747373341923414],[-114.67644129881297,46.73706462563625]],[[-114.67644129881297,46.73706462563625],[-114.76617364863648,46.696688820178196],[-114.78770941259413,46.71129283491834],[-114.76617364863648,46.758541117901174],[-114.88820964439644,46.808366579955795],[-114.94563834828348,46.859051101701006],[-114.93128117231171,46.92004433973339],[-114.96358481824818,46.93293023509234],[-115.00306705217052,46.9715879211692],[-115.04972787407874,46.970728861478605],[-115.07126363803637,47.02227244291442],[-115.13946022390223,47.09271533754337],[-115.20047822178222,47.1391045608356],[-115.2435497496975,47.15027233681336],[-115.26149621966219,47.182057545365446],[-115.30097845358452,47.18807096319962],[-115.29379986559866,47.220715231442306],[-115.32610351153511,47.25593667875678],[-115.41224656736566,47.26452727566275],[-115.52710397513974,47.30318496173961],[-115.55222903309033,47.34957418503184],[-115.7209258507585,47.424312378113775],[-115.76040808468085,47.42259425873258],[-115.71733655676556,47.45352040759407],[-115.63837208892087,47.46039288511884],[-115.62760420694207,47.479292198311974]],[[-113.51709933909338,45.93985723276232],[-113.48120639916398,45.93985723276232],[-113.44172416524165,45.981092097910974],[-113.37711687336872,46.018890724297236],[-113.33404534545345,46.00514576924768],[-113.2766166415664,46.04552157470574],[-113.27302734757347,46.135722842218414],[-113.28379522955228,46.2224878709687],[-113.03613394403943,46.2233469306593],[-113.03613394403943,46.26715897487974]],[[-113.03613394403943,46.26715897487974],[-112.55875784297842,46.26544085549855]],[[-112.57670431294312,46.17867582674826],[-112.64131160481604,46.17438052829527],[-112.68079383873838,46.135722842218414],[-112.77770477654776,46.135722842218414],[-112.77770477654776,46.04809875377753],[-112.8530799503995,46.04809875377753],[-112.88538359633596,45.99827329172291],[-112.93922300623005,45.993118933579325],[-112.92845512425123,45.926971337403366],[-113.02536606206061,45.87113245751457],[-113.0863840599406,45.86082374122741]],[[-112.18906056170562,45.74828692175921],[-112.46184690516904,45.742273503925034],[-112.49773984509845,45.75945469773697],[-112.55157925499255,45.683857444964445],[-112.68797242672426,45.62458232631325]],[[-111.37788011930118,44.7517776806668],[-111.41377305923059,44.710542815518146],[-111.48196964509644,44.70882469613695]],[[-104.73409693836938,46.612500970499696],[-104.73409693836938,46.65631301472014],[-104.60847164861649,46.65631301472014],[-104.60847164861649,46.68466198450984]],[[-104.04495249172491,46.64170899997999],[-104.04495249172491,46.2800448702387],[-104.04854178571784,45.999991411104105],[-104.04495249172491,45.9450115909059],[-104.04495249172491,45.88230023349233]],[[-104.04495249172491,45.88230023349233],[-104.1346848415484,45.88230023349233],[-104.1346848415484,45.969065262242616],[-104.38952471504714,45.97078338162381],[-104.38952471504714,46.054971231302304],[-104.51515000480005,46.054971231302304],[-104.51515000480005,46.13658190190901],[-104.88484728607285,46.13658190190901]],[[-104.04495249172491,45.88230023349233],[-104.04136319773197,45.750005041140405],[-104.04136319773197,45.0009049909399],[-104.05930966769667,44.99746875217751],[-104.47207847688476,44.99832781186811],[-105.03918692776928,45.0000459312493]],[[-110.74257508255081,48.998968790977905],[-110.17187733767337,48.998968790977905],[-109.48991147901478,49.00068691035909]],[[-109.48991147901478,49.00068691035909],[-109.48991147901478,48.91392188160881],[-109.50426865498655,48.91392188160881],[-109.50426865498655,48.567720826298256],[-109.49709006700067,48.525626901459006],[-109.4647864210642,48.525626901459006],[-109.4647864210642,48.45260682775827],[-109.49709006700067,48.45260682775827],[-109.49709006700067,48.395049828488276],[-109.5186258309583,48.395049828488276],[-109.5186258309583,48.29368078499784],[-109.55092947689477,48.29368078499784],[-109.55092947689477,48.221519770987705],[-109.53298300693007,48.221519770987705],[-109.53298300693007,48.13475474223741]],[[-109.53298300693007,48.13475474223741],[-109.72680488254882,48.133036622856224],[-109.72680488254882,48.221519770987705],[-109.84525158431583,48.21894259191591],[-109.84525158431583,48.3057076206662],[-110.6241283807838,48.306566680356795],[-110.6241283807838,48.21980165160651],[-110.75693225852258,48.21980165160651]],[[-110.21494886558865,47.4165808408984],[-110.16110945569456,47.41572178120781],[-110.07855569385693,47.448366049450485],[-110.03189487194871,47.479292198311974],[-110.00318052000519,47.47585595954959],[-109.9134481701817,47.521386123151224],[-109.84884087830878,47.540285436344355],[-109.84884087830878,47.605573972829724],[-109.83089440834408,47.648526957359564],[-109.83807299632996,47.71209737446374],[-109.72321558855587,47.70264771786717],[-109.67655476664766,47.73443292641926],[-109.54016159491594,47.73872822487224]],[[-109.54016159491594,47.73872822487224],[-109.51144724297242,47.74474164270642],[-109.42530418714186,47.71982891167911],[-109.31403607336073,47.75848659775597],[-109.27455383943838,47.79284898537985],[-109.1309820797208,47.78082214971149],[-109.06637478784788,47.801439582285816],[-108.94433879208792,47.79198992568925],[-108.91921373413733,47.756768478374774],[-108.94433879208792,47.729278568275674],[-108.89049938219381,47.73443292641926]],[[-109.53298300693007,48.13475474223741],[-109.54016159491594,47.73872822487224]],[[-110.63848555675555,47.4165808408984],[-110.6420748507485,47.44664793006929],[-110.7677001405014,47.4457888703787],[-110.7677001405014,47.52568142160421],[-110.86461107831077,47.524822361913614],[-110.88973613626136,47.55231227201271],[-110.93639695816958,47.54715791386913],[-111.05125436594365,47.598701495304944],[-110.97587919209191,47.698352419414185],[-111.41018376523765,47.698352419414185]],[[-111.41018376523765,47.986996475454745],[-111.41018376523765,48.13217756316563]],[[-105.23300880338803,47.790271806308056],[-105.36222338713387,47.790271806308056],[-105.36222338713387,47.52997672005719],[-105.40529491504914,47.529117660366595],[-105.40529491504914,47.18119848567485]],[[-105.40529491504914,47.18119848567485],[-105.832420900209,47.18119848567485],[-105.832420900209,47.09271533754337],[-105.96163548395484,47.09271533754337],[-105.95804618996189,47.18119848567485],[-106.08726077370773,47.18119848567485]],[[-106.4174758210582,47.95778844597445],[-106.42824370303703,48.017922624316235],[-106.3995293510935,48.06173466853668],[-106.32056488324882,48.0557212507025],[-106.23083253342533,48.0265132212222],[-106.12674300763007,48.03080851967519],[-106.14468947759477,48.006754848338474],[-106.09443936169362,48.010191087100864],[-106.08726077370773,48.03510381812817],[-106.01547489384893,48.006754848338474],[-106.00470701187011,48.03338569874698],[-105.91856395603955,48.00417766926668],[-105.90061748607485,48.03424475843757],[-105.84318878218781,48.010191087100864]],[[-107.17840614756147,48.999827850668495],[-106.47849381893819,48.998968790977905],[-106.11238583165832,48.998968790977905]],[[-106.11238583165832,48.998968790977905],[-106.11238583165832,48.91048564284642],[-106.15186806558064,48.91048564284642],[-106.15186806558064,48.82372061409613],[-106.02265348183481,48.82372061409613],[-106.02265348183481,48.56342552784527],[-105.80370654826548,48.56342552784527]],[[-107.7383360104601,46.481923897528965],[-107.17481685356853,46.48278295721956],[-107.15328108961089,46.46817894247942],[-107.15328108961089,46.39601792846928],[-107.027655799858,46.39515886877868],[-107.027655799858,46.3066757206472],[-107.00612003590035,46.3058166609566],[-107.00612003590035,46.13400472283722],[-106.93792345003449,46.13658190190901],[-106.93792345003449,45.87027339782397]],[[-106.93792345003449,45.87027339782397],[-107.05278085780857,45.87027339782397],[-107.05278085780857,45.91322638235382],[-107.17481685356853,45.91322638235382],[-107.17481685356853,45.95703842657426],[-107.42606743307432,45.95703842657426],[-107.42606743307432,46.04380345532454],[-107.51221048890488,46.04380345532454]],[[-108.84383856028559,45.610837371263706],[-108.9335709101091,45.603105834048336],[-108.97305314403144,45.61685078909788],[-109.06996408184081,45.58334746116461],[-109.12739278572785,45.58764275961759],[-109.12739278572785,45.52321328282282],[-109.19200007760077,45.52321328282282],[-109.19200007760077,45.464797223862234],[-109.35710760127601,45.46393816417164],[-109.41812559915599,45.449334149431486],[-109.43966136311363,45.42098517964179],[-109.47914359703596,45.42098517964179],[-109.5006793609936,45.391777150161495],[-109.58682241682416,45.334220150891504],[-109.6083581807818,45.30501212141121],[-109.6083581807818,45.261200077190765],[-109.68732264862648,45.261200077190765],[-109.68732264862648,45.1675625709157],[-109.79859076240761,45.1675625709157]],[[-109.79859076240761,45.1675625709157],[-109.79859076240761,45.17185786936869],[-110.06419851788517,45.17185786936869]],[[-110.06419851788517,45.17185786936869],[-110.06419851788517,45.34882416563165],[-109.9313946401464,45.34882416563165],[-109.9313946401464,45.522354223132226],[-109.80935864438644,45.522354223132226],[-109.80935864438644,45.56616626735266],[-109.68373335463355,45.565307207662066],[-109.68373335463355,45.60911925188251],[-109.56169735887359,45.60911925188251],[-109.56528665286652,45.78350836907369],[-109.54734018290182,45.78350836907369],[-109.54734018290182,45.87113245751457],[-109.50426865498655,45.87027339782397],[-109.50785794897948,45.95875654595545],[-109.42171489314893,45.95961560564605],[-109.41812559915599,46.04466251501514]],[[-113.6355460408604,47.60041961468614],[-113.94781461824617,47.60041961468614],[-113.90833238432384,47.51451364562645],[-113.95140391223912,47.47585595954959],[-113.9047430903309,47.44750698975989],[-113.87243944439443,47.39166810987109],[-113.89038591435914,47.354728543175426],[-113.87243944439443,47.28858094699946],[-113.82577862248621,47.274835991949914],[-113.82218932849328,47.182057545365446],[-113.93345744227442,47.182057545365446],[-113.93345744227442,47.138245501145],[-114.18829731577316,47.138245501145]],[[-113.46684922319223,47.60041961468614],[-113.46684922319223,47.17948036629365],[-113.301741699517,47.17948036629365],[-113.301741699517,46.832420251292504]],[[-113.301741699517,46.832420251292504],[-113.41659910729106,46.832420251292504],[-113.41659910729106,46.80235316212161],[-113.48120639916398,46.80235316212161],[-113.48120639916398,46.74479616285162],[-113.5458136910369,46.74479616285162],[-113.55299227902279,46.716447193061924],[-113.66784968679686,46.716447193061924],[-113.66784968679686,46.658031134101336],[-113.82936791647916,46.66060831317312]],[[-114.33186907549074,46.66060831317312],[-114.36058342743426,46.669198910079096],[-114.4539050712507,46.64944053719537],[-114.46826224722247,46.63140028369283],[-114.54722671506714,46.64428617905178],[-114.59388753697536,46.63311840307402],[-114.64413765287652,46.67349420853208],[-114.62260188891888,46.70699753646536],[-114.67644129881297,46.73706462563625]],[[-113.03613394403943,46.26715897487974],[-113.03972323803238,46.735346506255055],[-113.1150984118841,46.713010954299534],[-113.17611640976409,46.73105120780207],[-113.17252711577115,46.75424581944819],[-113.22995581965819,46.78345384892848],[-113.26584875958758,46.82640683345833],[-113.301741699517,46.832420251292504]],[[-114.06985061400613,48.998968790977905],[-113.69297474474745,48.99725067159671],[-113.01100888608886,48.998968790977905],[-112.19264985569855,48.998968790977905]],[[-112.19264985569855,48.998968790977905],[-112.18906056170562,48.91392188160881],[-112.18906056170562,48.56686176660766],[-112.18547126771267,48.47751955878558]],[[-112.18547126771267,48.47751955878558],[-112.22854279562794,48.483532976619756],[-112.57670431294312,48.483532976619756],[-112.57670431294312,48.310002919119185],[-113.34840252142521,48.310002919119185]],[[-106.28108264932649,45.17958940658406],[-106.76922663236631,45.17958940658406],[-106.76922663236631,45.353119464084635],[-106.72974439844398,45.35140134470344],[-106.72974439844398,45.672689668986685],[-106.91279839208391,45.683857444964445],[-106.91279839208391,45.78780366752667],[-106.87690545215452,45.78780366752667],[-106.87690545215452,45.83161571174711],[-106.93792345003449,45.83161571174711],[-106.93792345003449,45.87027339782397]],[[-110.06419851788517,45.17185786936869],[-110.2293060415604,45.17185786936869],[-110.2293060415604,45.34882416563165],[-110.21853815958158,45.34882416563165],[-110.21853815958158,45.669253430224295],[-110.22212745357453,45.785226488454875],[-110.29391333343332,45.785226488454875],[-110.29391333343332,46.13400472283722],[-110.2831454514545,46.18468924458244]],[[-112.18547126771267,48.47751955878558],[-112.07420315393153,48.4440162308523],[-111.99164939209392,48.43886187270872],[-111.99164939209392,48.39419076879768],[-111.79423822248222,48.39333170910708],[-111.79423822248222,48.34951966488664],[-111.66502363873639,48.34951966488664],[-111.66502363873639,48.21980165160651],[-111.41018376523765,48.21980165160651]],[[-106.11238583165832,48.998968790977905],[-105.05713339773398,48.998968790977905]],[[-105.05713339773398,48.998968790977905],[-105.05713339773398,48.91048564284642],[-105.03918692776928,48.91048564284642],[-105.03918692776928,48.65019055659556],[-104.97457963589635,48.65019055659556],[-104.97457963589635,48.56342552784527]],[[-109.79859076240761,45.1675625709157],[-109.79859076240761,45.0017640506305]],[[-109.79859076240761,45.0017640506305],[-110.1108593397934,45.003482170011694],[-110.20059168961689,44.99660969248692],[-110.36210991929919,45.0009049909399],[-110.40159215322153,44.99403251341513],[-110.70668214262142,44.99231439403393],[-110.7856466104661,45.002623110321096],[-111.04407577795777,45.0017640506305]],[[-105.40529491504914,47.18119848567485],[-105.32633044720447,47.18119848567485],[-105.32633044720447,46.977601339003385],[-105.19711586345863,46.977601339003385],[-105.19711586345863,46.91918528004279],[-105.06790127971279,46.91918528004279],[-105.02841904579046,46.89083631025309],[-105.02841904579046,46.8616282807728],[-104.60488235462354,46.8607692210822]],[[-106.2631361793618,44.99403251341513],[-107.08508450374504,44.99660969248692],[-107.13533461964619,45.0000459312493],[-107.91062212212121,45.0009049909399],[-108.24801575745757,44.999186871558706]],[[-108.24801575745757,44.999186871558706],[-108.24083716947169,45.056743870828704],[-108.1869977595776,45.10055591504914],[-108.12956905569055,45.21652897327972],[-108.10444399773998,45.22082427173271],[-108.68949891858918,45.21738803297032],[-108.700266800568,45.225978629876295],[-108.700266800568,45.329924852438516],[-108.67514174261743,45.438166373453726],[-108.6464273906739,45.46393816417164]],[[-109.48991147901478,49.00068691035909],[-108.99458890798907,48.998968790977905],[-108.23724787547874,48.999827850668495]],[[-112.19264985569855,48.998968790977905],[-111.76193457654576,48.99725067159671],[-111.27020129951299,48.99725067159671]],[[-105.05713339773398,48.998968790977905],[-104.64795388253881,48.998968790977905],[-104.04854178571784,48.999827850668495],[-104.04854178571784,48.3890364106541]],[[-108.24801575745757,44.999186871558706],[-108.62130233272332,45.0000459312493],[-109.06278549385493,45.0000459312493],[-109.10226772777727,45.006059349083486],[-109.79859076240761,45.0017640506305]]]}