{"type":"Topology","bbox":[-104.05213107971079,40.00031853197531,-95.30861091290913,43.001014031230305],"objects":{"counties":{"type":"GeometryCollection","geometries":[{"type":"Polygon","arcs":[[0,1,2,3]],"id":"31029","properties":{"name":"Chase"}},{"type":"Polygon","arcs":[[4,5,6,7,8]],"id":"31125","properties":{"name":"Nance"}},{"type":"Polygon","arcs":[[9,10,11,12,13]],"id":"31035","properties":{"name":"Clay"}},{"type":"Polygon","arcs":[[14,15,16,17,18]],"id":"31171","properties":{"name":"Thomas"}},{"type":"Polygon","arcs":[[19,20,21,22,23]],"id":"31071","properties":{"name":"Garfield"}},{"type":"Polygon","arcs":[[24,25,-23,26,27,28,29,30,31]],"id":"31041","properties":{"name":"Custer"}},{"type":"Polygon","arcs":[[32,33,34,35,36,37]],"id":"31003","properties":{"name":"Antelope"}},{"type":"Polygon","arcs":[[38,-8,39,40,41,42]],"id":"31093","properties":{"name":"Howard"}},{"type":"Polygon","arcs":[[43,44,45,46,47]],"id":"31005","properties":{"name":"Arthur"}},{"type":"Polygon","arcs":[[48,49,50,51,52]],"id":"31143","properties":{"name":"Polk"}},{"type":"Polygon","arcs":[[53,54,55,56]],"id":"31159","properties":{"name":"Seward"}},{"type":"Polygon","arcs":[[57,58,59,60,61,62]],"id":"31137","properties":{"name":"Phelps"}},{"type":"Polygon","arcs":[[63,64,65,66,67,68]],"id":"31039","properties":{"name":"Cuming"}},{"type":"Polygon","arcs":[[69,70,71,72,73]],"id":"31087","properties":{"name":"Hitchcock"}},{"type":"Polygon","arcs":[[74,-69,75,76,77]],"id":"31167","properties":{"name":"Stanton"}},{"type":"Polygon","arcs":[[78,79,80,-64,-75,81]],"id":"31179","properties":{"name":"Wayne"}},{"type":"Polygon","arcs":[[82,83,84,-14,85,86]],"id":"31001","properties":{"name":"Adams"}},{"type":"Polygon","arcs":[[87,-63,88,89]],"id":"31073","properties":{"name":"Gosper"}},{"type":"Polygon","arcs":[[90,91,92,93,-11]],"id":"31059","properties":{"name":"Fillmore"}},{"type":"Polygon","arcs":[[94,95,96,97,98,99]],"id":"31155","properties":{"name":"Saunders"}},{"type":"Polygon","arcs":[[100,101,102,103]],"id":"31045","properties":{"name":"Dawes"}},{"type":"Polygon","arcs":[[-56,104,105,106,-92]],"id":"31151","properties":{"name":"Saline"}},{"type":"Polygon","arcs":[[-29,107,-42,108,-83,109,-59,110]],"id":"31019","properties":{"name":"Buffalo"}},{"type":"Polygon","arcs":[[-61,111,112,113]],"id":"31083","properties":{"name":"Harlan"}},{"type":"Polygon","arcs":[[-30,-111,-58,-88,114,115]],"id":"31047","properties":{"name":"Dawson"}},{"type":"Polygon","arcs":[[-22,116,117,118,-27]],"id":"31175","properties":{"name":"Valley"}},{"type":"Polygon","arcs":[[119,120,121,-25,122,-16]],"id":"31009","properties":{"name":"Blaine"}},{"type":"Polygon","arcs":[[-110,-87,123,-60]],"id":"31099","properties":{"name":"Kearney"}},{"type":"Polygon","arcs":[[124,125,126,127,128]],"id":"31133","properties":{"name":"Pawnee"}},{"type":"Polygon","arcs":[[-52,-57,-91,129]],"id":"31185","properties":{"name":"York"}},{"type":"Polygon","arcs":[[130,131,-9,-39,132,-118]],"id":"31077","properties":{"name":"Greeley"}},{"type":"Polygon","arcs":[[133,134,-125,135]],"id":"31097","properties":{"name":"Johnson"}},{"type":"Polygon","arcs":[[136,-37,137,-131,-117,-21]],"id":"31183","properties":{"name":"Wheeler"}},{"type":"Polygon","arcs":[[138,139,140]],"id":"31105","properties":{"name":"Kimball"}},{"type":"Polygon","arcs":[[-127,141,142]],"id":"31147","properties":{"name":"Richardson"}},{"type":"Polygon","arcs":[[143,144,145,-73]],"id":"31145","properties":{"name":"Red Willow"}},{"type":"Polygon","arcs":[[-36,146,147,-5,-132,-138]],"id":"31011","properties":{"name":"Boone"}},{"type":"Polygon","arcs":[[-119,-133,-43,-108,-28]],"id":"31163","properties":{"name":"Sherman"}},{"type":"Polygon","arcs":[[-41,148,149,-84,-109]],"id":"31079","properties":{"name":"Hall"}},{"type":"Polygon","arcs":[[150,151,152,-121,153]],"id":"31017","properties":{"name":"Brown"}},{"type":"Polygon","arcs":[[154,155,156,-134,157]],"id":"31131","properties":{"name":"Otoe"}},{"type":"Polygon","arcs":[[158,159,-38,-137,-20,160,161]],"id":"31089","properties":{"name":"Holt"}},{"type":"Polygon","arcs":[[162,163,164,165]],"id":"31177","properties":{"name":"Washington"}},{"type":"Polygon","arcs":[[-76,-68,166,167,168]],"id":"31037","properties":{"name":"Colfax"}},{"type":"Polygon","arcs":[[-103,169,170,171,172]],"id":"31013","properties":{"name":"Box Butte"}},{"type":"Polygon","arcs":[[173,174,175,-71,176,-2]],"id":"31085","properties":{"name":"Hayes"}},{"type":"Polygon","arcs":[[177,178,-154,-120,-15,179,180,181]],"id":"31031","properties":{"name":"Cherry"}},{"type":"Polygon","arcs":[[182,-165,183,184,-96]],"id":"31055","properties":{"name":"Douglas"}},{"type":"Polygon","arcs":[[-67,185,-166,-183,-95,186,-167]],"id":"31053","properties":{"name":"Dodge"}},{"type":"Polygon","arcs":[[187,-162,188,-152]],"id":"31149","properties":{"name":"Rock"}},{"type":"Polygon","arcs":[[189,190,-82,191,-34]],"id":"31139","properties":{"name":"Pierce"}},{"type":"Polygon","arcs":[[-55,-99,192,-158,193,-105]],"id":"31109","properties":{"name":"Lancaster"}},{"type":"Polygon","arcs":[[194,-53,-130,-10,-85,-150]],"id":"31081","properties":{"name":"Hamilton"}},{"type":"Polygon","arcs":[[-192,-78,195,-147,-35]],"id":"31119","properties":{"name":"Madison"}},{"type":"Polygon","arcs":[[-7,196,-49,-195,-149,-40]],"id":"31121","properties":{"name":"Merrick"}},{"type":"Polygon","arcs":[[197,198,-159,199]],"id":"31015","properties":{"name":"Boyd"}},{"type":"Polygon","arcs":[[-98,200,201,-155,-193]],"id":"31025","properties":{"name":"Cass"}},{"type":"Polygon","arcs":[[202,203,-174,-1,204,205]],"id":"31135","properties":{"name":"Perkins"}},{"type":"Polygon","arcs":[[206,-12,-94,207,208]],"id":"31129","properties":{"name":"Nuckolls"}},{"type":"Polygon","arcs":[[209,-89,-62,-114,210,-145]],"id":"31065","properties":{"name":"Furnas"}},{"type":"Polygon","arcs":[[211,212,213,214,-80]],"id":"31051","properties":{"name":"Dixon"}},{"type":"Polygon","arcs":[[215,-106,-194,-136,-129,216]],"id":"31067","properties":{"name":"Gage"}},{"type":"Polygon","arcs":[[-17,-123,-32,217,218]],"id":"31113","properties":{"name":"Logan"}},{"type":"Polygon","arcs":[[219,220,-214]],"id":"31043","properties":{"name":"Dakota"}},{"type":"Polygon","arcs":[[-157,221,-142,-126,-135]],"id":"31127","properties":{"name":"Nemaha"}},{"type":"Polygon","arcs":[[222,223,-206,224,225]],"id":"31049","properties":{"name":"Deuel"}},{"type":"Polygon","arcs":[[-215,-221,226,227,-65,-81]],"id":"31173","properties":{"name":"Thurston"}},{"type":"Polygon","arcs":[[228,-182,229,230,231,-170,-102]],"id":"31161","properties":{"name":"Sheridan"}},{"type":"Polygon","arcs":[[-104,-173,232,233]],"id":"31165","properties":{"name":"Sioux"}},{"type":"Polygon","arcs":[[-185,234,-201,-97]],"id":"31153","properties":{"name":"Sarpy"}},{"type":"Polygon","arcs":[[-231,235,-48,236,-223,237,238]],"id":"31069","properties":{"name":"Garden"}},{"type":"Polygon","arcs":[[-3,-177,-70,239]],"id":"31057","properties":{"name":"Dundy"}},{"type":"Polygon","arcs":[[240,-168,-187,-100,-54,-51]],"id":"31023","properties":{"name":"Butler"}},{"type":"Polygon","arcs":[[-93,241,242,-208]],"id":"31169","properties":{"name":"Thayer"}},{"type":"Polygon","arcs":[[243,-115,-90,-210,-144,-72,-176]],"id":"31063","properties":{"name":"Frontier"}},{"type":"Polygon","arcs":[[-153,-189,-161,-24,-26,-122]],"id":"31115","properties":{"name":"Loup"}},{"type":"Polygon","arcs":[[-233,-172,244,245,246]],"id":"31157","properties":{"name":"Scotts Bluff"}},{"type":"Polygon","arcs":[[-230,-181,247,-44,-236]],"id":"31075","properties":{"name":"Grant"}},{"type":"Polygon","arcs":[[248,-212,-79,-191,249]],"id":"31027","properties":{"name":"Cedar"}},{"type":"Polygon","arcs":[[-228,250,-163,-186,-66]],"id":"31021","properties":{"name":"Burt"}},{"type":"Polygon","arcs":[[-242,-107,-216,251]],"id":"31095","properties":{"name":"Jefferson"}},{"type":"Polygon","arcs":[[252,-218,-31,-116,-244,-175,-204,253]],"id":"31111","properties":{"name":"Lincoln"}},{"type":"Polygon","arcs":[[-124,254,255,-112]],"id":"31061","properties":{"name":"Franklin"}},{"type":"Polygon","arcs":[[-196,-77,-169,-241,-50,-197,-6,-148]],"id":"31141","properties":{"name":"Platte"}},{"type":"Polygon","arcs":[[-171,-232,-239,256,257,-245]],"id":"31123","properties":{"name":"Morrill"}},{"type":"Polygon","arcs":[[258,-200,-188,-151,-179]],"id":"31103","properties":{"name":"Keya Paha"}},{"type":"Polygon","arcs":[[259,-18,-219,-253,260,-46]],"id":"31117","properties":{"name":"McPherson"}},{"type":"Polygon","arcs":[[261,-257,-238,-226,262,-140]],"id":"31033","properties":{"name":"Cheyenne"}},{"type":"Polygon","arcs":[[-246,-258,-262,-139,263]],"id":"31007","properties":{"name":"Banner"}},{"type":"Polygon","arcs":[[264,-250,-190,-33,-160,-199]],"id":"31107","properties":{"name":"Knox"}},{"type":"Polygon","arcs":[[-86,-13,-207,265,-255]],"id":"31181","properties":{"name":"Webster"}},{"type":"Polygon","arcs":[[-180,-19,-260,-45,-248]],"id":"31091","properties":{"name":"Hooker"}},{"type":"Polygon","arcs":[[-237,-47,-261,-254,-203,-224]],"id":"31101","properties":{"name":"Keith"}}]}},"arcs":[[[-102.05289432564325,40.69787500074],[-101.34580340903409,40.69787500074]],[[-101.34580340903409,40.69787500074],[-101.34221411504114,40.35081488573885]],[[-101.34221411504114,40.35081488573885],[-102.05289432564325,40.349096766357654]],[[-102.05289432564325,40.349096766357654],[-102.05289432564325,40.69787500074]],[[-98.2913142210422,41.480478378873784],[-98.10108163941639,41.480478378873784],[-98.10108163941639,41.49508239361393],[-98.0400636415364,41.495941453304525],[-98.0400636415364,41.510545468044675],[-97.88572399984,41.51140452773527],[-97.82829529595296,41.52600854247542]],[[-97.82829529595296,41.52600854247542],[-97.70267000620005,41.526867602166014],[-97.70267000620005,41.39457240981409]],[[-97.70267000620005,41.39457240981409],[-97.706259300193,41.309525500445],[-97.89649188181882,41.3078073810638],[-97.89649188181882,41.29320336632366],[-98.05442081750817,41.29320336632366],[-98.10108163941639,41.26399533684336],[-98.27695704507045,41.26399533684336],[-98.2733677510775,41.39371335012349],[-98.28772492704927,41.39371335012349]],[[-98.28772492704927,41.39371335012349],[-98.2913142210422,41.39371335012349]],[[-98.2913142210422,41.39371335012349],[-98.2913142210422,41.480478378873784]],[[-98.27695704507045,40.69787500074],[-97.82470600196001,40.698734060430596]],[[-97.82470600196001,40.698734060430596],[-97.82470600196001,40.35081488573885]],[[-97.82470600196001,40.35081488573885],[-98.2733677510775,40.34995582604825]],[[-98.2733677510775,40.34995582604825],[-98.27695704507045,40.34995582604825]],[[-98.27695704507045,40.34995582604825],[-98.27695704507045,40.69787500074]],[[-100.84689154401543,42.087833580125796],[-100.26901521115211,42.0861154607446]],[[-100.26901521115211,42.0861154607446],[-100.26542591715916,41.73991440543405]],[[-100.26542591715916,41.73991440543405],[-100.71049837228372,41.73991440543405]],[[-100.71049837228372,41.73991440543405],[-100.84330225002249,41.74077346512465]],[[-100.84330225002249,41.74077346512465],[-100.84689154401543,42.087833580125796]],[[-99.22094136521365,42.087833580125796],[-98.76151173411733,42.088692639816394]],[[-98.76151173411733,42.088692639816394],[-98.7579224401244,41.74077346512465]],[[-98.7579224401244,41.74077346512465],[-99.21376277722777,41.74077346512465]],[[-99.21376277722777,41.74077346512465],[-99.22094136521365,41.74077346512465]],[[-99.22094136521365,41.74077346512465],[-99.22094136521365,42.087833580125796]],[[-100.25106874118741,41.73991440543405],[-100.00340745567455,41.738196286052855],[-99.68754958429584,41.73991440543405]],[[-99.68754958429584,41.73991440543405],[-99.22094136521365,41.74077346512465]],[[-99.21376277722777,41.74077346512465],[-99.21376277722777,41.39457240981409],[-99.20299489524895,41.39371335012349]],[[-99.20299489524895,41.39371335012349],[-99.2065841892419,41.04665323512234]],[[-99.2065841892419,41.04665323512234],[-99.42553112281122,41.04665323512234]],[[-99.42553112281122,41.04665323512234],[-100.22594368323682,41.04665323512234]],[[-100.22594368323682,41.04665323512234],[-100.23671156521564,41.04665323512234],[-100.23671156521564,41.39371335012349],[-100.25106874118741,41.39371335012349]],[[-100.25106874118741,41.39371335012349],[-100.25106874118741,41.73991440543405]],[[-98.29849280902809,42.43661181450814],[-97.83547388393883,42.43747087419874]],[[-97.83547388393883,42.43747087419874],[-97.83547388393883,42.08955169950699]],[[-97.83547388393883,42.08955169950699],[-97.8318845899459,41.91602164200641]],[[-97.8318845899459,41.91602164200641],[-98.29490351503514,41.915162582315816]],[[-98.29490351503514,41.915162582315816],[-98.29490351503514,42.08182016229161],[-98.30208210302102,42.088692639816394]],[[-98.30208210302102,42.088692639816394],[-98.29849280902809,42.43661181450814]],[[-98.74356526415264,41.39457240981409],[-98.2913142210422,41.39371335012349]],[[-98.28772492704927,41.39371335012349],[-98.28772492704927,41.04665323512234]],[[-98.28772492704927,41.04665323512234],[-98.72202950019499,41.04665323512234]],[[-98.72202950019499,41.04665323512234],[-98.74715455814558,41.04665323512234]],[[-98.74715455814558,41.04665323512234],[-98.74356526415264,41.39457240981409]],[[-101.98469773977739,41.742491584505835],[-101.42476787687876,41.74335064419643]],[[-101.42476787687876,41.74335064419643],[-101.40682140691406,41.74335064419643]],[[-101.40682140691406,41.74335064419643],[-101.40682140691406,41.395431469504686]],[[-101.40682140691406,41.395431469504686],[-101.98469773977739,41.39457240981409]],[[-101.98469773977739,41.39457240981409],[-101.98469773977739,41.742491584505835]],[[-97.82829529595296,41.17379406933069],[-97.76727729807297,41.234787307363064],[-97.65959847828478,41.30523020199201],[-97.5985804804048,41.31725703766037],[-97.5985804804048,41.33272011209112]],[[-97.5985804804048,41.33272011209112],[-97.52320530655307,41.36192814157141],[-97.45141942669426,41.368800619096184],[-97.36886566485664,41.396290529195284]],[[-97.36886566485664,41.396290529195284],[-97.36886566485664,41.04665323512234]],[[-97.36886566485664,41.04665323512234],[-97.82470600196001,41.04665323512234]],[[-97.82470600196001,41.04665323512234],[-97.82829529595296,41.17379406933069]],[[-97.36886566485664,41.04665323512234],[-96.90943603376033,41.045794175431745]],[[-96.90943603376033,41.045794175431745],[-96.90943603376033,40.69787500074],[-96.91302532775327,40.69787500074]],[[-96.91302532775327,40.69787500074],[-97.36886566485664,40.698734060430596]],[[-97.36886566485664,40.698734060430596],[-97.36886566485664,41.04665323512234]],[[-99.64447805638056,40.68498910538105],[-99.58346005850058,40.67725756816567],[-99.44347759277592,40.67811662785627],[-99.41835253482535,40.671244150331496]],[[-99.41835253482535,40.671244150331496],[-99.33220947899478,40.671244150331496],[-99.24606642316422,40.65921731466314],[-99.17786983729837,40.66093543404433]],[[-99.17786983729837,40.66093543404433],[-99.17786983729837,40.35081488573885]],[[-99.17786983729837,40.35081488573885],[-99.6301208804088,40.35081488573885]],[[-99.6301208804088,40.35081488573885],[-99.64088876238762,40.35081488573885]],[[-99.64088876238762,40.35081488573885],[-99.64447805638056,40.68498910538105]],[[-97.02070414754147,42.09041075919758],[-96.82329297792977,42.09041075919758]],[[-96.82329297792977,42.09041075919758],[-96.55409592845928,42.08955169950699],[-96.55409592845928,42.015672566115654]],[[-96.55409592845928,42.015672566115654],[-96.55409592845928,41.741632524815245]],[[-96.55409592845928,41.741632524815245],[-96.9058467397674,41.742491584505835]],[[-96.9058467397674,41.742491584505835],[-97.02070414754147,41.74335064419643]],[[-97.02070414754147,41.74335064419643],[-97.02070414754147,42.09041075919758]],[[-101.32426764507645,40.0028957110471],[-101.32426764507645,40.35081488573885]],[[-101.32426764507645,40.35081488573885],[-100.77869495814957,40.349096766357654]],[[-100.77869495814957,40.349096766357654],[-100.75715919419194,40.349096766357654]],[[-100.75715919419194,40.349096766357654],[-100.76074848818487,40.174707649166486],[-100.75715919419194,40.002036651356505]],[[-100.75715919419194,40.002036651356505],[-101.32426764507645,40.0028957110471]],[[-97.36886566485664,42.09126981888818],[-97.02070414754147,42.09041075919758]],[[-97.02070414754147,41.74335064419643],[-97.25400825708256,41.74335064419643]],[[-97.25400825708256,41.74335064419643],[-97.36886566485664,41.74335064419643]],[[-97.36886566485664,41.74335064419643],[-97.36886566485664,42.09126981888818]],[[-97.36886566485664,42.35156490513904],[-97.01711485354853,42.35156490513904]],[[-97.01711485354853,42.35156490513904],[-97.01711485354853,42.26479987638876],[-96.82329297792977,42.26394081669816]],[[-96.82329297792977,42.26394081669816],[-96.82329297792977,42.09041075919758]],[[-97.36886566485664,42.09126981888818],[-97.36886566485664,42.35156490513904]],[[-98.72561879418794,40.69014346352463],[-98.72202950019499,40.698734060430596]],[[-98.72202950019499,40.698734060430596],[-98.28413563305632,40.69787500074]],[[-98.28413563305632,40.69787500074],[-98.27695704507045,40.69787500074]],[[-98.27695704507045,40.34995582604825],[-98.72561879418794,40.35081488573885]],[[-98.72561879418794,40.35081488573885],[-98.72561879418794,40.69014346352463]],[[-99.98187169171692,40.69959312012119],[-99.69831746627466,40.69959312012119],[-99.64447805638056,40.68498910538105]],[[-99.64088876238762,40.35081488573885],[-100.09313980549805,40.35167394542945]],[[-100.09313980549805,40.35167394542945],[-100.09672909949099,40.43843897417973],[-99.98187169171692,40.43843897417973],[-99.98187169171692,40.69959312012119]],[[-97.82470600196001,40.698734060430596],[-97.36886566485664,40.698734060430596]],[[-97.36886566485664,40.698734060430596],[-97.36886566485664,40.35081488573885]],[[-97.36886566485664,40.35081488573885],[-97.82111670796708,40.35081488573885]],[[-97.82111670796708,40.35081488573885],[-97.82470600196001,40.35081488573885]],[[-96.9058467397674,41.452988468774684],[-96.81970368393684,41.44010257341573],[-96.74791780407804,41.449552230012294],[-96.690489100191,41.42549855867558],[-96.56845310443104,41.43323009589095],[-96.50384581255813,41.396290529195284],[-96.47154216662166,41.3928542904329]],[[-96.47154216662166,41.3928542904329],[-96.4212920507205,41.3645053206432],[-96.40693487474874,41.314679858588576],[-96.3495061708617,41.264854396533956],[-96.36386334683347,41.23392824767247],[-96.32797040690406,41.19011620345203]],[[-96.32797040690406,41.19011620345203],[-96.31002393693936,41.115378010370094],[-96.33873828888288,41.08273374212742],[-96.32079181891818,41.04493511574115]],[[-96.32079181891818,41.04493511574115],[-96.3495061708617,41.01486802657026],[-96.46436357863578,41.01572708626085]],[[-96.46436357863578,41.01572708626085],[-96.46436357863578,41.04493511574115],[-96.90943603376033,41.045794175431745]],[[-96.90943603376033,41.045794175431745],[-96.90943603376033,41.39371335012349],[-96.9058467397674,41.452988468774684]],[[-103.50655839278392,43.001014031230305],[-103.0004679397794,43.00015497153971],[-102.79228888818888,43.00015497153971]],[[-102.79228888818888,43.00015497153971],[-102.79228888818888,42.785390048890484],[-102.77434241822418,42.785390048890484],[-102.77434241822418,42.44004805327052]],[[-102.77434241822418,42.44004805327052],[-103.44554039490394,42.43747087419874]],[[-103.44554039490394,42.43747087419874],[-103.48143333483334,42.43747087419874],[-103.48143333483334,42.785390048890484],[-103.50296909879098,42.78453098919989],[-103.50655839278392,43.001014031230305]],[[-96.91302532775327,40.69787500074],[-96.91302532775327,40.52348588354883]],[[-96.91302532775327,40.52348588354883],[-96.91661462174622,40.34995582604825]],[[-96.91661462174622,40.34995582604825],[-97.36886566485664,40.35081488573885]],[[-99.2065841892419,41.04665323512234],[-98.74715455814558,41.04665323512234]],[[-98.72202950019499,41.04665323512234],[-98.72202950019499,40.698734060430596]],[[-98.72561879418794,40.69014346352463],[-98.82611902599025,40.674680389093886],[-98.90508349383494,40.652344837138365],[-99.11326254542544,40.65492201621016],[-99.17786983729837,40.66093543404433]],[[-99.41835253482535,40.671244150331496],[-99.42553112281122,40.69959312012119],[-99.42553112281122,41.04665323512234]],[[-99.17786983729837,40.35081488573885],[-99.17786983729837,40.002036651356505]],[[-99.17786983729837,40.002036651356505],[-99.62653158641587,40.002036651356505]],[[-99.62653158641587,40.002036651356505],[-99.6301208804088,40.35081488573885]],[[-99.98187169171692,40.69959312012119],[-100.22235438924389,40.70045217981179]],[[-100.22235438924389,40.70045217981179],[-100.22594368323682,41.04665323512234]],[[-98.7579224401244,41.74077346512465],[-98.75074385213851,41.74077346512465]],[[-98.75074385213851,41.74077346512465],[-98.75074385213851,41.39371335012349]],[[-98.75074385213851,41.39371335012349],[-99.20299489524895,41.39371335012349]],[[-100.26901521115211,42.0861154607446],[-100.1685149793498,42.0861154607446]],[[-100.1685149793498,42.0861154607446],[-99.68754958429584,42.0861154607446]],[[-99.68754958429584,42.0861154607446],[-99.68754958429584,41.73991440543405]],[[-100.25106874118741,41.73991440543405],[-100.26542591715916,41.73991440543405]],[[-98.72561879418794,40.35081488573885],[-99.17786983729837,40.35081488573885]],[[-96.46436357863578,40.26233173760737],[-96.06595194541946,40.26233173760737]],[[-96.06595194541946,40.26233173760737],[-96.00852324153242,40.26147267791677]],[[-96.00852324153242,40.26147267791677],[-96.01211253552535,40.00031853197531]],[[-96.01211253552535,40.00031853197531],[-96.23823805708057,40.00031853197531],[-96.46436357863578,40.00117759166591]],[[-96.46436357863578,40.00117759166591],[-96.46436357863578,40.26233173760737]],[[-97.82470600196001,40.698734060430596],[-97.82470600196001,41.04665323512234]],[[-98.75074385213851,41.74077346512465],[-98.29490351503514,41.74077346512465]],[[-98.29490351503514,41.74077346512465],[-98.2913142210422,41.73733722636226],[-98.2913142210422,41.480478378873784]],[[-98.74356526415264,41.39457240981409],[-98.75074385213851,41.39371335012349]],[[-96.46436357863578,40.52262682385823],[-96.06595194541946,40.52348588354883]],[[-96.06595194541946,40.52348588354883],[-96.06595194541946,40.26233173760737]],[[-96.46436357863578,40.26233173760737],[-96.46436357863578,40.52262682385823]],[[-98.76151173411733,42.088692639816394],[-98.30208210302102,42.088692639816394]],[[-98.29490351503514,41.915162582315816],[-98.29490351503514,41.74077346512465]],[[-104.05213107971079,41.3928542904329],[-103.37734380903808,41.39457240981409]],[[-103.37734380903808,41.39457240981409],[-103.37734380903808,41.04751229481294],[-103.38093310303103,41.00198213121131]],[[-103.38093310303103,41.00198213121131],[-103.57475497864978,41.00198213121131],[-104.05213107971079,41.00112307152071],[-104.05213107971079,41.3928542904329]],[[-96.00852324153242,40.26147267791677],[-95.55268290442903,40.26233173760737]],[[-95.55268290442903,40.26233173760737],[-95.48448631856319,40.247727722867225],[-95.4773077305773,40.18158012669126],[-95.39116467474675,40.1162915902059],[-95.41987902669027,40.04842587464874],[-95.30861091290913,40.00031853197531],[-96.01211253552535,40.00031853197531]],[[-100.75715919419194,40.349096766357654],[-100.19722933129331,40.34995582604825]],[[-100.19722933129331,40.34995582604825],[-100.19364003730037,40.00117759166591]],[[-100.19364003730037,40.00117759166591],[-100.75715919419194,40.002036651356505]],[[-97.8318845899459,41.91602164200641],[-97.8318845899459,41.742491584505835]],[[-97.8318845899459,41.742491584505835],[-97.82829529595296,41.52600854247542]],[[-98.28772492704927,41.04665323512234],[-98.28413563305632,40.868827879168784]],[[-98.28413563305632,40.868827879168784],[-98.28413563305632,40.69787500074]],[[-100.19722933129331,42.846383286922865],[-100.13262203942038,42.807725600846],[-100.05724686556864,42.785390048890484],[-100.0069967496675,42.78882628765287],[-99.96751451574515,42.77250415353153],[-99.86342498994989,42.76906791476914],[-99.85624640196401,42.7527457806478],[-99.71267464224641,42.726973989929895],[-99.67678170231702,42.731269288382876]],[[-99.67678170231702,42.731269288382876],[-99.67678170231702,42.43403463543635],[-99.66242452634526,42.434893695126945],[-99.66242452634526,42.0861154607446]],[[-99.66242452634526,42.0861154607446],[-99.68754958429584,42.0861154607446]],[[-100.1685149793498,42.0861154607446],[-100.1685149793498,42.43317557574575],[-100.18287215532155,42.43317557574575],[-100.18287215532155,42.7810947504375],[-100.19722933129331,42.7810947504375],[-100.19722933129331,42.846383286922865]],[[-96.46436357863578,40.78378096979969],[-95.83264783587835,40.78378096979969]],[[-95.83264783587835,40.78378096979969],[-95.87930865778657,40.752854820938204],[-95.88648724577246,40.72106961238612],[-95.83264783587835,40.671244150331496],[-95.78598701397013,40.65749919528194],[-95.75009407404073,40.60939185260852],[-95.7644512500125,40.58533818127181],[-95.76804054400543,40.5312174207642],[-95.7106118401184,40.52348588354883]],[[-95.7106118401184,40.52348588354883],[-96.06595194541946,40.52348588354883]],[[-96.46436357863578,40.52262682385823],[-96.46436357863578,40.78378096979969]],[[-99.25683430514304,42.804289362083615],[-99.15274477934778,42.84208798846988],[-99.05583384153842,42.862705421044204],[-98.98404796167961,42.896208748977486],[-98.95533360973609,42.89449062959629],[-98.88713702387024,42.84380610785107],[-98.84047620196202,42.84552422723227],[-98.79740467404673,42.824047734967344],[-98.76151173411733,42.82748397372973],[-98.71126161821618,42.80343030239302],[-98.65742220832207,42.80944372022719],[-98.58204703447034,42.7793766310563],[-98.46360033270332,42.76649073569735],[-98.4169395107951,42.77594039229392],[-98.30567139701397,42.76133637755377]],[[-98.30567139701397,42.76133637755377],[-98.30567139701397,42.43661181450814],[-98.29849280902809,42.43661181450814]],[[-99.22094136521365,42.087833580125796],[-99.2352985411854,42.087833580125796]],[[-99.2352985411854,42.087833580125796],[-99.2352985411854,42.434893695126945],[-99.24606642316422,42.434893695126945],[-99.24606642316422,42.78281286981869],[-99.25683430514304,42.804289362083615]],[[-96.44641710867108,41.68321646585465],[-96.12338064930648,41.68321646585465]],[[-96.12338064930648,41.68321646585465],[-96.09466629736296,41.64713595884958],[-96.11979135531355,41.6136326309163],[-96.08030912139121,41.580129302983025],[-96.09107700337003,41.5320219603096],[-96.03723759347594,41.50796828897288],[-96.03005900549005,41.53975349752497],[-95.9977553595536,41.53889443783437],[-95.9977553595536,41.507109229282285],[-96.00493394753947,41.47274684165841],[-95.93314806768068,41.46415624475244],[-95.93673736167361,41.391136171051706]],[[-95.93673736167361,41.391136171051706],[-96.32797040690406,41.3928542904329]],[[-96.32797040690406,41.3928542904329],[-96.32797040690406,41.43666633465334],[-96.3674526408264,41.43666633465334],[-96.3853991107911,41.46587436413363],[-96.42488134471344,41.480478378873784],[-96.44282781467814,41.52429042309422],[-96.44641710867108,41.68321646585465]],[[-96.9058467397674,41.742491584505835],[-96.9058467397674,41.45642470753707]],[[-96.9058467397674,41.45642470753707],[-97.01711485354853,41.41347172300722],[-97.17863308323082,41.376532156311555],[-97.25400825708256,41.384263693526925]],[[-97.25400825708256,41.384263693526925],[-97.25400825708256,41.74335064419643]],[[-102.77434241822418,42.44004805327052],[-102.74921736027359,42.44004805327052],[-102.75280665426654,42.35671926328263],[-102.74203877228771,42.17803484763847],[-102.74203877228771,42.09212887857878],[-102.70255653836537,42.092987938269374],[-102.69896724437244,42.004504790137894]],[[-102.69896724437244,42.004504790137894],[-102.86407476804767,42.0010685513755],[-103.36298663306633,42.0027866707567]],[[-103.36298663306633,42.0027866707567],[-103.40246886698867,42.003645730447296]],[[-103.40246886698867,42.003645730447296],[-103.40246886698867,42.09041075919758],[-103.44554039490394,42.09041075919758],[-103.44554039490394,42.43747087419874]],[[-101.34580340903409,40.69787500074],[-101.2488924712247,40.69787500074]],[[-101.2488924712247,40.69787500074],[-100.77869495814957,40.70045217981179]],[[-100.77869495814957,40.70045217981179],[-100.78228425214252,40.655781075900755],[-100.77869495814957,40.349096766357654]],[[-101.32426764507645,40.35081488573885],[-101.34221411504114,40.35081488573885]],[[-102.08160867758677,42.99929591184911],[-101.6257683404834,42.99585967308673],[-101.22735670726706,42.997577792467915],[-100.88637377793778,42.997577792467915],[-100.19722933129331,42.99843685215851]],[[-100.19722933129331,42.99843685215851],[-100.19722933129331,42.846383286922865]],[[-100.84689154401543,42.087833580125796],[-101.42476787687876,42.09212887857878]],[[-101.42476787687876,42.09212887857878],[-102.00623350373503,42.096424177031764]],[[-102.00623350373503,42.096424177031764],[-102.0385371496715,42.096424177031764],[-102.0385371496715,42.44348429203291],[-102.067251501615,42.44348429203291],[-102.067251501615,42.785390048890484],[-102.08519797157972,42.785390048890484],[-102.08160867758677,42.99929591184911]],[[-96.47154216662166,41.3928542904329],[-96.32797040690406,41.3928542904329]],[[-95.93673736167361,41.391136171051706],[-95.9546838316383,41.33959258961589],[-95.88289795177951,41.31639797796977],[-95.92955877368773,41.2811765306553],[-95.91161230372303,41.22705577014769],[-95.92238018570185,41.190975263142626]],[[-95.92238018570185,41.190975263142626],[-96.32797040690406,41.19011620345203]],[[-96.55409592845928,41.741632524815245],[-96.44282781467814,41.741632524815245],[-96.44641710867108,41.68321646585465]],[[-96.9058467397674,41.452988468774684],[-96.9058467397674,41.45642470753707]],[[-99.67678170231702,42.731269288382876],[-99.53679923659236,42.71752433333332],[-99.43629900479004,42.7536048403384],[-99.4147632408324,42.77250415353153],[-99.33579877298773,42.7802356907469],[-99.25683430514304,42.804289362083615]],[[-99.2352985411854,42.087833580125796],[-99.66242452634526,42.0861154607446]],[[-97.83547388393883,42.43747087419874],[-97.48372307263072,42.438329933889335]],[[-97.48372307263072,42.438329933889335],[-97.36886566485664,42.439188993579926],[-97.36886566485664,42.35156490513904]],[[-97.36886566485664,42.09126981888818],[-97.83547388393883,42.08955169950699]],[[-96.46436357863578,41.01572708626085],[-96.46436357863578,40.78378096979969]],[[-96.46436357863578,40.52262682385823],[-96.91302532775327,40.52348588354883]],[[-98.28413563305632,40.868827879168784],[-98.14774246132461,40.98394187770877],[-98.09031375743757,41.00971366842668],[-98.00058140761408,41.07843844367443],[-97.88572399984,41.1145189506795],[-97.82829529595296,41.17379406933069]],[[-97.36886566485664,41.74335064419643],[-97.8318845899459,41.742491584505835]],[[-97.70267000620005,41.39457240981409],[-97.5985804804048,41.395431469504686],[-97.5985804804048,41.33272011209112]],[[-99.25324501115011,42.99843685215851],[-98.49949327263272,42.99843685215851],[-98.46718962669627,42.947752330413294],[-98.34515363093631,42.90308122650226],[-98.30926069100691,42.88246379392793]],[[-98.30926069100691,42.88246379392793],[-98.30567139701397,42.76133637755377]],[[-99.25683430514304,42.804289362083615],[-99.25324501115011,42.99843685215851]],[[-96.32079181891818,41.04493511574115],[-96.28489887898878,41.021740504095035],[-96.20593441114411,40.995968713377124],[-96.14491641326413,41.01744520564205],[-96.10902347333473,41.04837135450354],[-96.03364829948299,41.06641160800607],[-95.98698747757477,41.052666652956525],[-95.87930865778657,41.05352571264712]],[[-95.87930865778657,41.05352571264712],[-95.86136218782187,40.995109653686534],[-95.82905854188542,40.97792845987459],[-95.83982642386424,40.94012983348833],[-95.81470136591365,40.90147214741147],[-95.83982642386424,40.872264117931174],[-95.84700501185011,40.81127087989879],[-95.83264783587835,40.78378096979969]],[[-102.05289432564325,41.0037002505925],[-101.2488924712247,41.0037002505925]],[[-101.2488924712247,41.0037002505925],[-101.2488924712247,40.69787500074]],[[-102.05289432564325,40.69787500074],[-102.05289432564325,41.00198213121131]],[[-102.05289432564325,41.00198213121131],[-102.05289432564325,41.0037002505925]],[[-98.2733677510775,40.0028957110471],[-98.2733677510775,40.34995582604825]],[[-97.82111670796708,40.35081488573885],[-97.82111670796708,40.002036651356505]],[[-97.82111670796708,40.002036651356505],[-97.93238482174822,40.002036651356505],[-98.2733677510775,40.0028957110471]],[[-100.19722933129331,40.34995582604825],[-100.09313980549805,40.35167394542945]],[[-99.62653158641587,40.002036651356505],[-100.19364003730037,40.00117759166591]],[[-97.01711485354853,42.35156490513904],[-97.01711485354853,42.76133637755377]],[[-97.01711485354853,42.76133637755377],[-96.97763261962619,42.76047731786317],[-96.94891826768267,42.71924245271452],[-96.9058467397674,42.73384646745467],[-96.80534650796507,42.70377937828378],[-96.80175721397214,42.6694169906599],[-96.7263820401204,42.66683981158811],[-96.68689980619806,42.65309485653856],[-96.71202486414863,42.608423752627516],[-96.63664969029689,42.55172581304812],[-96.63306039630396,42.52423590294902]],[[-96.63306039630396,42.52423590294902],[-96.72279274612745,42.52423590294902],[-96.7263820401204,42.27768577174771]],[[-96.7263820401204,42.27768577174771],[-96.7263820401204,42.26394081669816],[-96.82329297792977,42.26394081669816]],[[-96.91661462174622,40.00117759166591],[-96.91661462174622,40.34995582604825]],[[-96.46436357863578,40.00117759166591],[-96.91661462174622,40.00117759166591]],[[-100.25106874118741,41.39371335012349],[-100.71408766627665,41.39371335012349]],[[-100.71408766627665,41.39371335012349],[-100.71049837228372,41.73991440543405]],[[-96.63306039630396,42.52423590294902],[-96.61152463234632,42.50619564944649],[-96.52538157651576,42.51049094789947],[-96.50743510655106,42.484719157181566],[-96.44641710867108,42.49073257501574],[-96.39616699276992,42.48386009749097],[-96.38180981679817,42.446061471104706],[-96.41411346273462,42.40826284471844],[-96.41411346273462,42.342974308233075],[-96.37463122881228,42.31806157720577],[-96.35668475884758,42.276826712057115]],[[-96.35668475884758,42.276826712057115],[-96.7263820401204,42.27768577174771]],[[-95.7106118401184,40.52348588354883],[-95.69266537015369,40.55698921148211],[-95.65318313623136,40.54152613705136],[-95.69984395813958,40.505445630046296],[-95.69625466414664,40.47108324242242],[-95.6567724302243,40.44187521294212],[-95.66036172421724,40.40837188500884],[-95.61729019630197,40.313875319043184],[-95.55268290442903,40.29153976708766],[-95.55627219842198,40.264049856988564],[-95.55268290442903,40.26233173760737]],[[-102.60923489454893,41.221901412004115],[-102.0564836196362,41.221901412004115]],[[-102.0564836196362,41.221901412004115],[-102.05289432564325,41.0037002505925]],[[-102.05289432564325,41.00198213121131],[-102.62000277652776,41.002841190901904]],[[-102.62000277652776,41.002841190901904],[-102.60923489454893,41.04837135450354],[-102.60923489454893,41.221901412004115]],[[-96.35668475884758,42.276826712057115],[-96.32438111291113,42.22957842907429],[-96.35668475884758,42.21497441433414],[-96.3495061708617,42.16686707166071],[-96.27054170301703,42.118759728987285],[-96.27413099700996,42.04745777466774]],[[-96.27413099700996,42.04745777466774],[-96.31002393693936,42.046598714977144],[-96.31002393693936,42.01481350642506],[-96.55409592845928,42.015672566115654]],[[-102.79228888818888,43.00015497153971],[-102.08160867758677,42.99929591184911]],[[-102.00623350373503,42.096424177031764],[-102.00982279772798,42.00880008859088],[-102.067251501615,42.00880008859088]],[[-102.067251501615,42.00880008859088],[-102.6774314804148,42.00536384982849]],[[-102.6774314804148,42.00536384982849],[-102.69896724437244,42.004504790137894]],[[-103.40246886698867,42.003645730447296],[-104.05213107971079,42.0019276110661]],[[-104.05213107971079,42.0019276110661],[-104.05213107971079,43.001014031230305],[-103.50655839278392,43.001014031230305]],[[-95.92238018570185,41.190975263142626],[-95.83982642386424,41.17465312902128],[-95.87930865778657,41.160049114281136],[-95.86495148181481,41.080156563055624],[-95.87930865778657,41.05352571264712]],[[-102.067251501615,42.00880008859088],[-102.067251501615,41.742491584505835],[-101.98469773977739,41.742491584505835]],[[-101.98469773977739,41.39457240981409],[-102.0564836196362,41.395431469504686],[-102.0564836196362,41.221901412004115]],[[-102.60923489454893,41.221901412004115],[-102.60923489454893,41.395431469504686],[-102.63794924649245,41.395431469504686],[-102.63794924649245,41.43924351372513]],[[-102.63794924649245,41.43924351372513],[-102.63794924649245,41.74335064419643],[-102.66666359843597,41.74335064419643],[-102.6774314804148,41.80176670315702],[-102.6774314804148,42.00536384982849]],[[-101.32426764507645,40.0028957110471],[-101.41041070090701,40.002036651356505],[-102.05289432564325,40.0028957110471],[-102.05289432564325,40.349096766357654]],[[-97.36886566485664,41.396290529195284],[-97.28631190301903,41.40058582764827],[-97.25400825708256,41.384263693526925]],[[-97.36886566485664,40.35081488573885],[-97.36886566485664,40.002036651356505]],[[-97.36886566485664,40.002036651356505],[-97.82111670796708,40.002036651356505]],[[-100.77869495814957,40.70045217981179],[-100.22235438924389,40.70045217981179]],[[-103.36298663306633,42.0027866707567],[-103.36298663306633,41.74335064419643],[-103.3701652210522,41.699538599975995]],[[-103.3701652210522,41.699538599975995],[-104.05213107971079,41.6978204805948]],[[-104.05213107971079,41.6978204805948],[-104.05213107971079,42.0019276110661]],[[-101.42476787687876,42.09212887857878],[-101.42476787687876,41.74335064419643]],[[-97.48372307263072,42.850678585375846],[-97.44065154471544,42.846383286922865],[-97.41552648676486,42.866141659806594],[-97.36168707687077,42.85497388382883],[-97.30784766697667,42.867000719497184],[-97.21811531715316,42.84552422723227],[-97.21452602316023,42.81287995898958],[-97.16068661326612,42.79999406363063],[-97.1319722613226,42.77164509384093],[-97.01711485354853,42.76133637755377]],[[-97.48372307263072,42.438329933889335],[-97.48372307263072,42.850678585375846]],[[-96.27413099700996,42.04745777466774],[-96.22029158711587,42.02598128240282],[-96.23823805708057,42.012236327353264],[-96.18439864718647,42.0027866707567],[-96.1879879411794,41.977014880038794],[-96.13055923729237,41.97186052189521],[-96.14132711927118,41.915162582315816],[-96.16286288322883,41.90571292571925],[-96.10902347333473,41.82066601635016],[-96.06595194541946,41.80090764346643],[-96.07671982739826,41.76139089769897],[-96.10543417934178,41.74420970388703],[-96.08389841538416,41.6978204805948],[-96.12338064930648,41.68321646585465]],[[-96.91661462174622,40.00117759166591],[-97.36886566485664,40.002036651356505]],[[-101.27042823518235,41.39457240981409],[-100.71408766627665,41.39371335012349]],[[-101.2488924712247,41.0037002505925],[-101.2488924712247,41.04751229481294],[-101.27042823518235,41.04751229481294],[-101.27042823518235,41.39457240981409]],[[-98.72561879418794,40.35081488573885],[-98.72561879418794,40.002036651356505]],[[-98.72561879418794,40.002036651356505],[-99.17786983729837,40.002036651356505]],[[-102.63794924649245,41.43924351372513],[-103.3701652210522,41.437525394343936]],[[-103.3701652210522,41.437525394343936],[-103.3701652210522,41.699538599975995]],[[-100.19722933129331,42.99843685215851],[-99.25324501115011,42.99843685215851]],[[-101.40682140691406,41.74335064419643],[-100.84330225002249,41.74077346512465]],[[-101.27042823518235,41.39457240981409],[-101.40682140691406,41.395431469504686]],[[-103.37734380903808,41.39457240981409],[-103.3701652210522,41.437525394343936]],[[-102.62000277652776,41.002841190901904],[-102.65230642246422,41.00198213121131],[-103.38093310303103,41.00198213121131]],[[-104.05213107971079,41.3928542904329],[-104.05213107971079,41.6978204805948]],[[-98.30926069100691,42.88246379392793],[-98.25901057510575,42.87473225671256],[-98.17286751927519,42.83693363032629],[-98.15133175531754,42.83865174970749],[-98.01852787757878,42.762195437244365],[-97.95033129171291,42.769926974459736],[-97.90725976379764,42.79483970548705],[-97.87495611786117,42.858410122591216],[-97.84624176591765,42.86785977918778],[-97.77445588605886,42.84981952568525],[-97.68472353623535,42.84208798846988],[-97.6344734203342,42.85153764506644],[-97.48372307263072,42.850678585375846]],[[-98.2733677510775,40.0028957110471],[-98.50308256662566,40.002036651356505],[-98.72561879418794,40.002036651356505]]]}