{"type":"Topology","bbox":[-84.32178200052,33.85116926668266,-75.45981513195132,36.5881334409244],"objects":{"counties":{"type":"GeometryCollection","geometries":[{"type":"Polygon","arcs":[[0,1,2,3,4]],"id":"37157","properties":{"name":"Rockingham"}},{"type":"Polygon","arcs":[[5,6,7,8,9]],"id":"37069","properties":{"name":"Franklin"}},{"type":"Polygon","arcs":[[10,11,12,13,14,15]],"id":"37151","properties":{"name":"Randolph"}},{"type":"Polygon","arcs":[[16,17,18,19,20]],"id":"37197","properties":{"name":"Yadkin"}},{"type":"Polygon","arcs":[[21,22,23,24]],"id":"37003","properties":{"name":"Alexander"}},{"type":"Polygon","arcs":[[25,26,27,28,29]],"id":"37133","properties":{"name":"Onslow"}},{"type":"Polygon","arcs":[[30,31,32,33,34]],"id":"37135","properties":{"name":"Orange"}},{"type":"Polygon","arcs":[[35,36,37,38,39]],"id":"37025","properties":{"name":"Cabarrus"}},{"type":"Polygon","arcs":[[40,-20,41,42,-36,43,44,45,-23]],"id":"37097","properties":{"name":"Iredell"}},{"type":"Polygon","arcs":[[46,-5,47,48]],"id":"37169","properties":{"name":"Stokes"}},{"type":"Polygon","arcs":[[49,-4,50,-11,51]],"id":"37081","properties":{"name":"Guilford"}},{"type":"Polygon","arcs":[[52,53,54,-32,55]],"id":"37145","properties":{"name":"Person"}},{"type":"Polygon","arcs":[[56,57,-6,58]],"id":"37181","properties":{"name":"Vance"}},{"type":"Polygon","arcs":[[59,60,61,62,63,64]],"id":"37107","properties":{"name":"Lenoir"}},{"type":"Polygon","arcs":[[65,66,67,68,69]],"id":"37045","properties":{"name":"Cleveland"}},{"type":"Polygon","arcs":[[70,71,72,73]],"id":"37175","properties":{"name":"Transylvania"}},{"type":"Polygon","arcs":[[74,75,76,77,78,79,-62]],"id":"37049","properties":{"name":"Craven"}},{"type":"Polygon","arcs":[[80,81,82,83,84]],"id":"37065","properties":{"name":"Edgecombe"}},{"type":"Polygon","arcs":[[85,86,-25,87,88,89]],"id":"37027","properties":{"name":"Caldwell"}},{"type":"Polygon","arcs":[[90,-83,91,92,-75,-61,93]],"id":"37147","properties":{"name":"Pitt"}},{"type":"Polygon","arcs":[[-63,-80,94,-26,95]],"id":"37103","properties":{"name":"Jones"}},{"type":"Polygon","arcs":[[96,-48,-50,97,98,-18]],"id":"37067","properties":{"name":"Forsyth"}},{"type":"Polygon","arcs":[[99,100,-65,101,102,103]],"id":"37191","properties":{"name":"Wayne"}},{"type":"Polygon","arcs":[[104,105,106,107,108]],"id":"37017","properties":{"name":"Bladen"}},{"type":"Polygon","arcs":[[109,110,111]],"id":"37149","properties":{"name":"Polk"}},{"type":"Polygon","arcs":[[112,113,114,115]],"id":"37121","properties":{"name":"Mitchell"}},{"type":"Polygon","arcs":[[116,117,118,119]],"id":"37053","properties":{"name":"Currituck"}},{"type":"Polygon","arcs":[[120,-45,121,122,-67,123]],"id":"37109","properties":{"name":"Lincoln"}},{"type":"Polygon","arcs":[[124,125,-71,126,127,128]],"id":"37087","properties":{"name":"Haywood"}},{"type":"Polygon","arcs":[[-55,129,130,131,-33]],"id":"37063","properties":{"name":"Durham"}},{"type":"Polygon","arcs":[[132,-94,-60,-101]],"id":"37079","properties":{"name":"Greene"}},{"type":"Polygon","arcs":[[133,134,135,-104,136,137]],"id":"37101","properties":{"name":"Johnston"}},{"type":"Polygon","arcs":[[138,139,140]],"id":"37129","properties":{"name":"New Hanover"}},{"type":"Polygon","arcs":[[141,-34,-132,142,143,144,145,-13]],"id":"37037","properties":{"name":"Chatham"}},{"type":"Polygon","arcs":[[146,147,148,149,150]],"id":"37153","properties":{"name":"Richmond"}},{"type":"Polygon","arcs":[[-149,151,152,153]],"id":"37165","properties":{"name":"Scotland"}},{"type":"Polygon","arcs":[[-98,-52,-16,154,155,156]],"id":"37057","properties":{"name":"Davidson"}},{"type":"Polygon","arcs":[[157,158,-151,159]],"id":"37007","properties":{"name":"Anson"}},{"type":"Polygon","arcs":[[160,161,162,-70,163,-110,164]],"id":"37161","properties":{"name":"Rutherford"}},{"type":"Polygon","arcs":[[165,-115,166,167,168]],"id":"37199","properties":{"name":"Yancey"}},{"type":"Polygon","arcs":[[-128,169,170,171,172]],"id":"37173","properties":{"name":"Swain"}},{"type":"Polygon","arcs":[[173,174,175,176,177,178]],"id":"37091","properties":{"name":"Hertford"}},{"type":"Polygon","arcs":[[179,180,181,-105,182,183]],"id":"37051","properties":{"name":"Cumberland"}},{"type":"Polygon","arcs":[[184,185,186,187,-21,-41,-22,-87]],"id":"37193","properties":{"name":"Wilkes"}},{"type":"Polygon","arcs":[[188,-137,-103,189,190,-106,-182]],"id":"37163","properties":{"name":"Sampson"}},{"type":"Polygon","arcs":[[191,192,-77]],"id":"37137","properties":{"name":"Pamlico"}},{"type":"Polygon","arcs":[[193,194,195,196,197,198]],"id":"37187","properties":{"name":"Washington"}},{"type":"Polygon","arcs":[[-14,-146,199,200,-180,201,-148,202]],"id":"37125","properties":{"name":"Moore"}},{"type":"Polygon","arcs":[[-153,203,-183,-109,204,205]],"id":"37155","properties":{"name":"Robeson"}},{"type":"Polygon","arcs":[[206,-49,-97,-17,-188,207]],"id":"37171","properties":{"name":"Surry"}},{"type":"Polygon","arcs":[[-79,208,-27,-95]],"id":"37031","properties":{"name":"Carteret"}},{"type":"Polygon","arcs":[[209,-208,-187,210]],"id":"37005","properties":{"name":"Alleghany"}},{"type":"Polygon","arcs":[[211,-144,212,-138,-189,-181,-201]],"id":"37085","properties":{"name":"Harnett"}},{"type":"Polygon","arcs":[[-202,-184,-204,-152]],"id":"37093","properties":{"name":"Hoke"}},{"type":"Polygon","arcs":[[213,214,215,216]],"id":"37143","properties":{"name":"Perquimans"}},{"type":"Polygon","arcs":[[-54,217,-59,-10,218,-130]],"id":"37077","properties":{"name":"Granville"}},{"type":"MultiPolygon","arcs":[[[219,220]],[[-198,221,222,223,224,225]]],"id":"37095","properties":{"name":"Hyde"}},{"type":"Polygon","arcs":[[226,-185,-86,227,228]],"id":"37189","properties":{"name":"Watauga"}},{"type":"Polygon","arcs":[[229,-171,230,231,232,233]],"id":"37113","properties":{"name":"Macon"}},{"type":"Polygon","arcs":[[-233,234,235]],"id":"37043","properties":{"name":"Clay"}},{"type":"Polygon","arcs":[[-177,236,-217,237]],"id":"37041","properties":{"name":"Chowan"}},{"type":"Polygon","arcs":[[238,239,240,-214,-237,-176]],"id":"37073","properties":{"name":"Gates"}},{"type":"Polygon","arcs":[[241,242,-215,-241]],"id":"37139","properties":{"name":"Pasquotank"}},{"type":"Polygon","arcs":[[-172,-230,243,244]],"id":"37075","properties":{"name":"Graham"}},{"type":"Polygon","arcs":[[-244,-234,-236,245]],"id":"37039","properties":{"name":"Cherokee"}},{"type":"Polygon","arcs":[[246,-141,247,248]],"id":"37019","properties":{"name":"Brunswick"}},{"type":"Polygon","arcs":[[249,250,251,252,-81,253]],"id":"37083","properties":{"name":"Halifax"}},{"type":"Polygon","arcs":[[-127,-74,254,-231,-170]],"id":"37099","properties":{"name":"Jackson"}},{"type":"Polygon","arcs":[[255,256,-250,-7,-58]],"id":"37185","properties":{"name":"Warren"}},{"type":"Polygon","arcs":[[257,-174,258,-251,-257]],"id":"37131","properties":{"name":"Northampton"}},{"type":"Polygon","arcs":[[-211,-186,-227,259]],"id":"37009","properties":{"name":"Ashe"}},{"type":"Polygon","arcs":[[260,-168,261,-161,262,-126]],"id":"37021","properties":{"name":"Buncombe"}},{"type":"Polygon","arcs":[[263,-89,264,-124,-66,-163,265]],"id":"37023","properties":{"name":"Burke"}},{"type":"Polygon","arcs":[[-167,-114,266,-266,-162,-262]],"id":"37111","properties":{"name":"McDowell"}},{"type":"Polygon","arcs":[[-205,-108,267,-249,268]],"id":"37047","properties":{"name":"Columbus"}},{"type":"Polygon","arcs":[[269,-56,-31,270,-2]],"id":"37033","properties":{"name":"Caswell"}},{"type":"Polygon","arcs":[[-165,-112,271,-72,-263]],"id":"37089","properties":{"name":"Henderson"}},{"type":"Polygon","arcs":[[-123,272,273,-68]],"id":"37071","properties":{"name":"Gaston"}},{"type":"Polygon","arcs":[[274,-222,-197]],"id":"37177","properties":{"name":"Tyrrell"}},{"type":"Polygon","arcs":[[-42,-19,-99,-157,275]],"id":"37059","properties":{"name":"Davie"}},{"type":"Polygon","arcs":[[-228,-90,-264,-267,-113,276]],"id":"37011","properties":{"name":"Avery"}},{"type":"Polygon","arcs":[[-191,277,-29,278,-139,-247,-268,-107]],"id":"37141","properties":{"name":"Pender"}},{"type":"Polygon","arcs":[[-88,-24,-46,-121,-265]],"id":"37035","properties":{"name":"Catawba"}},{"type":"Polygon","arcs":[[-273,-122,-44,-40,279,280]],"id":"37119","properties":{"name":"Mecklenburg"}},{"type":"Polygon","arcs":[[-8,-254,-85,281,-135]],"id":"37127","properties":{"name":"Nash"}},{"type":"Polygon","arcs":[[-169,-261,-125,282]],"id":"37115","properties":{"name":"Madison"}},{"type":"Polygon","arcs":[[283,284,-159,285,-38]],"id":"37167","properties":{"name":"Stanly"}},{"type":"MultiPolygon","arcs":[[[286]],[[287,-220]],[[-118,288]],[[-224,289]]],"id":"37055","properties":{"name":"Dare"}},{"type":"Polygon","arcs":[[-84,-91,-133,-100,-136,-282]],"id":"37195","properties":{"name":"Wilson"}},{"type":"Polygon","arcs":[[-102,-64,-96,-30,-278,-190]],"id":"37061","properties":{"name":"Duplin"}},{"type":"Polygon","arcs":[[-253,290,-194,291,-92,-82]],"id":"37117","properties":{"name":"Martin"}},{"type":"Polygon","arcs":[[-131,-219,-9,-134,-213,-143]],"id":"37183","properties":{"name":"Wake"}},{"type":"Polygon","arcs":[[-145,-212,-200]],"id":"37105","properties":{"name":"Lee"}},{"type":"Polygon","arcs":[[-252,-259,-179,292,-195,-291]],"id":"37015","properties":{"name":"Bertie"}},{"type":"Polygon","arcs":[[-276,-156,-284,-37,-43]],"id":"37159","properties":{"name":"Rowan"}},{"type":"Polygon","arcs":[[-51,-3,-271,-35,-142,-12]],"id":"37001","properties":{"name":"Alamance"}},{"type":"Polygon","arcs":[[-155,-15,-203,-147,-285]],"id":"37123","properties":{"name":"Montgomery"}},{"type":"Polygon","arcs":[[-280,-39,-286,-158,293]],"id":"37179","properties":{"name":"Union"}},{"type":"Polygon","arcs":[[-120,294,-242,-240,295]],"id":"37029","properties":{"name":"Camden"}},{"type":"Polygon","arcs":[[-292,-199,-226,296,-192,-76,-93]],"id":"37013","properties":{"name":"Beaufort"}}]}},"arcs":[[[-80.02898638496384,36.54260327732277],[-79.71312851358513,36.54174421763217],[-79.5121280499805,36.540885157941574]],[[-79.5121280499805,36.540885157941574],[-79.5300745199452,36.24966392282922]],[[-79.5300745199452,36.24966392282922],[-79.53366381393813,36.24107332592325]],[[-79.53366381393813,36.24107332592325],[-80.03616497294972,36.25739546004459]],[[-80.03616497294972,36.25739546004459],[-80.02898638496384,36.54260327732277]],[[-78.4963578499785,36.174925729747294],[-78.42098267612675,36.16461701346013],[-78.37791114821148,36.23505990808908],[-78.33842891428914,36.23420084839848],[-78.30612526835269,36.26598605695057]],[[-78.30612526835269,36.26598605695057],[-78.1733213906139,36.255677340663404],[-78.13383915669156,36.24622768406684],[-78.1015355107551,36.209288117371166],[-78.04410680686807,36.21530153520535],[-78.00821386693866,36.20241563984639]],[[-78.00821386693866,36.20241563984639],[-78.25587515245152,35.81841595814957]],[[-78.25587515245152,35.81841595814957],[-78.30612526835269,35.8965903899939],[-78.3527860902609,35.91119440473404],[-78.3527860902609,35.93095277761777],[-78.39585761817618,35.93696619545195],[-78.42816126411263,35.974764821838214],[-78.54660796587966,36.02201310482104]],[[-78.54660796587966,36.02201310482104],[-78.54301867188671,36.08042916378163],[-78.4963578499785,36.174925729747294]],[[-80.04693285492854,35.920644061330606],[-79.54084240192401,35.90002662875628]],[[-79.54084240192401,35.90002662875628],[-79.54084240192401,35.843328689176886]],[[-79.54084240192401,35.843328689176886],[-79.55519957789578,35.51516788736887]],[[-79.55519957789578,35.51516788736887],[-79.76696792347923,35.51173164860648]],[[-79.76696792347923,35.51173164860648],[-80.06846861888619,35.5057182307723]],[[-80.06846861888619,35.5057182307723],[-80.04693285492854,35.920644061330606]],[[-80.87247047330473,36.235918967779675],[-80.75043447754477,36.263408877878774],[-80.68582718567185,36.26856323602235],[-80.65352353973539,36.252241101901014],[-80.62480918779187,36.286603489524886],[-80.59250554185542,36.26942229571295],[-80.54943401394014,36.285744429834295],[-80.53507683796838,36.259972639116384],[-80.46688025210251,36.259972639116384],[-80.45252307613076,36.24107332592325]],[[-80.45252307613076,36.24107332592325],[-80.43816590015899,36.13884522274222],[-80.51713036800368,36.093315059140586],[-80.49559460404603,36.046925835848356]],[[-80.49559460404603,36.046925835848356],[-80.69300577365773,36.051221134301336]],[[-80.69300577365773,36.051221134301336],[-80.88323835528355,36.055516432754324]],[[-80.88323835528355,36.055516432754324],[-80.87247047330473,36.235918967779675]],[[-81.3283108104081,35.99624131410314],[-81.26370351853518,36.02544934358343],[-81.19191763867639,36.03747617925178],[-81.0591137609376,36.03146276141761],[-81.03039940899409,36.04606677615776]],[[-81.03039940899409,36.04606677615776],[-81.00168505705057,35.997100373793735],[-81.00527435104351,35.95844268771687],[-81.04116729097291,35.85793270391704],[-81.10936387683877,35.77632203331033]],[[-81.10936387683877,35.77632203331033],[-81.14166752277522,35.827865614746145],[-81.33548939839397,35.79608040619406]],[[-81.33548939839397,35.79608040619406],[-81.33190010440104,35.87940919618195],[-81.34266798637987,35.9232212404024],[-81.3283108104081,35.99624131410314]],[[-77.67440952559525,34.973960282292815],[-77.63851658566585,34.98426899857998],[-77.50212341393414,34.969664983839834],[-77.36573024220242,34.90867174580745],[-77.32983730227302,34.938738834978345],[-77.26881930439305,34.92585293961939],[-77.22215848248483,34.88719525354253],[-77.19703342453424,34.81073894107941],[-77.16472977859779,34.784967150361496]],[[-77.16472977859779,34.784967150361496],[-77.12524754467545,34.7566181805718],[-77.09653319273193,34.672430330893306],[-77.10730107471075,34.64064512234122]],[[-77.10730107471075,34.64064512234122],[-77.17549766057661,34.619168630076295],[-77.32265871428714,34.53583984008839],[-77.4626411800118,34.47141036329363],[-77.5164805899059,34.44048421443214]],[[-77.5164805899059,34.44048421443214],[-77.57749858778588,34.47656472143721],[-77.61339152771528,34.57879282461824],[-77.68158811358113,34.72053767356673]],[[-77.68158811358113,34.72053767356673],[-77.6779988195882,34.784967150361496],[-77.64928446764468,34.9232757605476],[-77.67440952559525,34.973960282292815]],[[-79.25728817648177,36.243650504995045],[-79.1531986506865,36.24193238561385]],[[-79.1531986506865,36.24193238561385],[-78.95219818708186,36.23935520654206]],[[-78.95219818708186,36.23935520654206],[-78.98091253902538,36.05637549244492],[-79.0168054789548,35.863087062060615]],[[-79.0168054789548,35.863087062060615],[-79.08141277082771,35.86050988298882],[-79.25010958849589,35.87683201711017]],[[-79.25010958849589,35.87683201711017],[-79.26446676446764,35.91377158380583],[-79.25728817648177,36.243650504995045]],[[-80.78273812348124,35.5057182307723],[-80.73607730157302,35.5057182307723]],[[-80.73607730157302,35.5057182307723],[-80.2945941404414,35.50314105170051]],[[-80.2945941404414,35.50314105170051],[-80.50636248602486,35.185288966179655]],[[-80.50636248602486,35.185288966179655],[-80.54943401394014,35.208483577825774]],[[-80.54943401394014,35.208483577825774],[-80.66788071570716,35.26775869647696],[-80.69300577365773,35.346792188011875],[-80.76479165351654,35.401772008210074],[-80.75043447754477,35.41379884387843],[-80.78273812348124,35.5057182307723]],[[-81.03039940899409,36.04606677615776],[-80.97655999909999,36.05895267151671],[-80.88323835528355,36.055516432754324]],[[-80.69300577365773,36.051221134301336],[-80.7073629496295,35.85277834577345]],[[-80.7073629496295,35.85277834577345],[-80.77197024150242,35.6723758107481],[-80.73607730157302,35.5057182307723]],[[-80.78273812348124,35.5057182307723],[-80.90836341323413,35.51516788736887],[-80.94784564715647,35.49111421603215]],[[-80.94784564715647,35.49111421603215],[-80.95861352913529,35.546953095920955]],[[-80.95861352913529,35.546953095920955],[-80.92630988319883,35.62255034869348],[-81.00527435104351,35.71017443713436],[-81.06270305493055,35.71103349682496],[-81.06629234892348,35.73852340692407],[-81.10936387683877,35.77632203331033]],[[-80.44175519415194,36.55033481453814],[-80.2945941404414,36.544321396703964],[-80.05411144291443,36.54260327732277],[-80.02898638496384,36.54260327732277]],[[-80.03616497294972,36.25739546004459],[-80.45252307613076,36.26169075849758]],[[-80.45252307613076,36.26169075849758],[-80.44175519415194,36.55033481453814]],[[-80.04334356093561,36.01084532884328],[-80.03616497294972,36.25739546004459]],[[-79.53366381393813,36.24107332592325],[-79.54084240192401,35.90002662875628]],[[-80.04693285492854,35.920644061330606],[-80.04334356093561,36.01084532884328]],[[-79.13884147471474,36.54174421763217],[-78.79785854538545,36.54174421763217]],[[-78.79785854538545,36.54174421763217],[-78.7942692513925,36.52628114320142],[-78.8014478393784,36.235918967779675]],[[-78.8014478393784,36.235918967779675],[-78.95219818708186,36.23935520654206]],[[-79.1531986506865,36.24193238561385],[-79.13884147471474,36.54174421763217]],[[-78.45687561605615,36.54260327732277],[-78.32407173831739,36.543462337013366]],[[-78.32407173831739,36.543462337013366],[-78.27741091640917,36.306361862408615],[-78.30612526835269,36.26598605695057]],[[-78.4963578499785,36.174925729747294],[-78.50712573195732,36.182657266962664],[-78.51071502595026,36.454979188881886],[-78.4963578499785,36.51425430753307],[-78.45687561605615,36.54260327732277]],[[-77.80721340333403,35.3691277399674],[-77.6959452895529,35.37685927718277],[-77.6779988195882,35.34765124770247],[-77.58826646976469,35.37342303842038],[-77.47699835598355,35.42668473923739]],[[-77.47699835598355,35.42668473923739],[-77.4267482400824,35.34936936708367],[-77.39085530015299,35.3399197104871]],[[-77.39085530015299,35.3399197104871],[-77.43033753407533,35.32961099419994],[-77.44828400404003,35.30212108410083],[-77.43033753407533,35.251436562355615],[-77.47340906199062,35.2291010104001]],[[-77.47340906199062,35.2291010104001],[-77.52724847188472,35.242845965449646],[-77.50571270792707,35.1724030708207],[-77.60262364573646,35.07103402733027],[-77.73183822948229,35.008322669916694]],[[-77.73183822948229,35.008322669916694],[-77.74619540545405,35.02206762496624],[-77.74978469944699,35.10883265371653],[-77.76773116941169,35.1457722204122],[-77.83592775527755,35.177557428964285]],[[-77.83592775527755,35.177557428964285],[-77.82515987329873,35.34421500894008],[-77.80721340333403,35.3691277399674]],[[-81.69082950369503,35.58045642385423],[-81.64775797577975,35.5615571106611],[-81.53648986199862,35.56413428973289]],[[-81.53648986199862,35.56413428973289],[-81.453936100161,35.419812261712615]],[[-81.453936100161,35.419812261712615],[-81.4000966902669,35.35280560584605],[-81.35702516235162,35.33047005389053],[-81.35343586835869,35.277208353073526],[-81.32113222242222,35.26002715926159],[-81.3283108104081,35.16381247391473]],[[-81.3283108104081,35.16381247391473],[-81.36779304433044,35.16467153360533],[-81.76979397153971,35.18013460803608]],[[-81.76979397153971,35.18013460803608],[-81.75902608956089,35.22222853287532],[-81.70159738567385,35.35710090429904],[-81.69082950369503,35.58045642385423]],[[-82.92195734327343,35.29181236781367],[-82.87529652136521,35.31500697945979],[-82.83222499344993,35.31844321822218],[-82.78915346553465,35.38115457563575],[-82.74608193761938,35.423248500475]],[[-82.74608193761938,35.423248500475],[-82.60968876588765,35.28837612905129],[-82.59174229592296,35.16467153360533],[-82.57379582595826,35.144054101031]],[[-82.57379582595826,35.144054101031],[-82.65634958779587,35.119141370003696],[-82.76402840758408,35.06845684825848],[-82.78197487754878,35.085638042070414],[-82.89683228532284,35.05643001259012],[-83.008100399104,35.027221983109825]],[[-83.008100399104,35.027221983109825],[-83.05835051500515,35.05385283351833],[-82.9829753411534,35.132027265362645],[-82.98656463514635,35.18786614525145],[-82.92554663726636,35.23769160730607],[-82.92195734327343,35.29181236781367]],[[-77.39085530015299,35.3399197104871],[-77.35137306623066,35.32875193450934],[-77.29394436234362,35.37943645625456],[-77.26164071640716,35.35194654615545],[-77.22574777647776,35.40005388882888],[-77.18985483654836,35.41809414233142]],[[-77.18985483654836,35.41809414233142],[-76.96014002100021,35.301262024410235],[-76.89553272912728,35.25401374142741]],[[-76.89553272912728,35.25401374142741],[-76.96372931499315,35.19817486153861],[-76.98885437294372,35.154362817318166],[-76.9314256690567,35.1174232506225],[-76.93501496304962,35.0615843707337],[-76.96014002100021,35.04783941568415]],[[-76.96014002100021,35.04783941568415],[-76.98885437294372,35.04526223661236],[-76.97808649096491,35.004886431154304],[-76.89194343513435,34.957638148171476],[-76.76272885138852,34.92069858147581],[-76.68376438354383,34.962792506315054]],[[-76.68376438354383,34.962792506315054],[-76.65146073760738,34.93787977528775],[-76.69453226552265,34.869155000039996],[-76.75913955739557,34.84596038839388],[-76.88476484714847,34.84510132870328],[-76.95655072700727,34.82448389612895],[-76.95296143301432,34.80902082169821],[-77.07858672276723,34.811598000770005]],[[-77.07858672276723,34.811598000770005],[-77.04628307683076,34.83651073179731],[-77.10730107471075,34.830497313963136],[-77.1037117807178,35.01691326682266],[-77.11447966269662,35.07275214671146],[-77.17908695456954,35.05557095289952],[-77.18626554255542,35.081342743617434],[-77.32983730227302,35.150067518865185],[-77.47340906199062,35.2291010104001]],[[-77.69953458354583,36.15344923748237],[-77.64569517365173,36.13798616305162],[-77.63133799767998,36.11565061109611],[-77.54160564785647,36.09589223821238],[-77.53083776587766,36.03919429863298],[-77.47340906199062,36.03747617925178],[-77.40162318213181,36.004831911009106]],[[-77.40162318213181,36.004831911009106],[-77.34419447824477,35.905180986899865],[-77.35137306623066,35.81927501784017]],[[-77.35137306623066,35.81927501784017],[-77.39085530015299,35.83301997288972],[-77.4267482400824,35.80553006279062],[-77.47340906199062,35.801234764337636],[-77.5164805899059,35.76171801857018],[-77.66364164361643,35.67495298981989]],[[-77.66364164361643,35.67495298981989],[-77.71748105351054,35.729073750327494],[-77.74978469944699,35.827865614746145],[-77.82874916729168,35.8673823605136]],[[-77.82874916729168,35.8673823605136],[-77.77132046340463,36.009986269152684],[-77.70671317153172,36.11565061109611],[-77.69953458354583,36.15344923748237]],[[-81.80927620546206,36.11135531264312],[-81.67647232772327,36.12252308862088],[-81.54725774397744,36.117368730477295]],[[-81.54725774397744,36.117368730477295],[-81.5077755100551,36.096751297902976],[-81.45752539415393,36.09159693975939],[-81.44316821818218,36.07183856687566],[-81.39650739627396,36.066684208732084],[-81.34266798637987,36.02373122420224],[-81.3283108104081,35.99624131410314]],[[-81.33548939839397,35.79608040619406],[-81.3642037503375,35.76773143640436]],[[-81.3642037503375,35.76773143640436],[-81.4000966902669,35.758281779807795],[-81.44316821818218,35.7840535705257],[-81.55443633196332,35.77718109300093],[-81.60109715387154,35.82528843567435],[-81.70877597365974,35.87511389772897],[-81.77697255952559,35.947274911739115],[-81.80568691146911,35.96187892647926]],[[-81.80568691146911,35.96187892647926],[-81.73390103161032,36.067543268422675],[-81.80927620546206,36.11135531264312]],[[-77.69953458354583,35.65261743786437],[-77.66364164361643,35.67495298981989]],[[-77.35137306623066,35.81927501784017],[-77.25446212842128,35.78663074959749],[-77.25805142241423,35.76515425733257],[-77.21856918849188,35.75999989918898],[-77.17549766057661,35.732509989089884]],[[-77.17549766057661,35.732509989089884],[-77.19703342453424,35.6998657208472],[-77.16831907259072,35.68440264641646],[-77.17190836658366,35.638872482814826],[-77.0857653107531,35.55296651375513],[-77.12883683866839,35.55382557344573],[-77.17549766057661,35.519463185821856],[-77.17549766057661,35.45675182840828],[-77.18985483654836,35.41809414233142]],[[-77.47699835598355,35.42668473923739],[-77.51289129591295,35.49798669355693],[-77.50212341393414,35.51774506644066],[-77.55955211782117,35.5332081408714],[-77.60980223372233,35.56757052849528],[-77.69953458354583,35.65261743786437]],[[-77.07858672276723,34.811598000770005],[-77.16472977859779,34.784967150361496]],[[-77.67440952559525,34.973960282292815],[-77.73183822948229,35.008322669916694]],[[-80.45252307613076,36.24107332592325],[-80.45252307613076,36.26169075849758]],[[-80.04334356093561,36.01084532884328],[-80.1510223807238,36.02716746296463],[-80.21204037860379,36.02716746296463],[-80.21562967259672,35.997100373793735],[-80.3304870803708,35.99624131410314],[-80.39509437224372,35.97304670245702]],[[-80.39509437224372,35.97304670245702],[-80.41663013620136,36.01514062729627],[-80.46329095810958,36.0623889102791],[-80.49559460404603,36.046925835848356]],[[-78.0656425708257,35.585610781997815],[-78.05846398283983,35.59763761766617],[-77.99744598495985,35.585610781997815],[-77.82157057930579,35.585610781997815]],[[-77.82157057930579,35.585610781997815],[-77.82515987329873,35.424107560165595],[-77.80362410934109,35.404349187281866],[-77.80721340333403,35.3691277399674]],[[-77.83592775527755,35.177557428964285],[-77.8933564591646,35.146631280102795],[-77.92924939909399,35.1732621305113],[-77.97232092700926,35.166389652986524],[-77.98308880898809,35.18357084679846],[-78.04410680686807,35.19216144370443],[-78.07641045280452,35.17498024989249],[-78.16255350863509,35.18958426463264]],[[-78.16255350863509,35.18958426463264],[-78.16255350863509,35.20418827937279],[-78.2451072704727,35.22566477163771],[-78.30612526835269,35.28751706936069]],[[-78.30612526835269,35.28751706936069],[-78.28817879838797,35.31500697945979],[-78.24151797647976,35.32016133760337],[-78.21639291852918,35.34163782986829],[-78.15178562665626,35.351087486464856],[-78.15537492064921,35.41809414233142],[-78.0656425708257,35.585610781997815]],[[-78.90194807118071,34.835651672106714],[-78.79785854538545,34.85111474653746],[-78.53225078990789,34.85111474653746],[-78.4963578499785,34.85626910468104]],[[-78.4963578499785,34.85626910468104],[-78.44969702807028,34.81331612015119],[-78.39226832418323,34.7299873301633],[-78.34560750227502,34.69047058439584],[-78.31330385633856,34.64322230141301],[-78.30612526835269,34.60284649595496],[-78.26664303443034,34.58394718276182],[-78.25587515245152,34.55388009359093]],[[-78.25587515245152,34.55388009359093],[-78.27382162241622,34.538417019160185],[-78.25587515245152,34.50834992998929],[-78.17691068460684,34.465396945459446],[-78.25587515245152,34.39924934928349]],[[-78.25587515245152,34.39924934928349],[-78.3348396202962,34.3674641407314],[-78.44610773407734,34.37777285701856],[-78.66864396163962,34.469692243912434],[-78.82657289732897,34.46196070669706],[-78.86964442524425,34.485155318343175]],[[-78.86964442524425,34.485155318343175],[-78.84810866128662,34.499759333083325],[-78.86246583725837,34.5633297501875],[-78.84451936729367,34.57879282461824],[-78.80503713337133,34.68961152470524],[-78.8552872492725,34.73685980768807],[-78.90194807118071,34.835651672106714]],[[-82.26152724857248,35.393181411304106],[-82.12872337083371,35.396617650066496],[-82.0569374909749,35.33734253141531],[-81.99591949309493,35.27033587554875],[-81.96720514115141,35.2574499801898],[-81.97079443514434,35.18700708556085]],[[-81.97079443514434,35.18700708556085],[-82.21486642666426,35.196456742157416],[-82.35484889238892,35.19216144370443]],[[-82.35484889238892,35.19216144370443],[-82.34767030440304,35.27978553214532],[-82.26152724857248,35.393181411304106]],[[-82.08206254892549,36.105341894808944],[-82.0389910210102,36.00740909008089],[-82.06052678496785,35.98679165750657],[-82.03540172701727,35.94212055359553],[-81.98156231712316,35.91119440473404]],[[-81.98156231712316,35.91119440473404],[-81.98156231712316,35.885422614016136],[-82.01386596305963,35.885422614016136],[-82.04975890298903,35.85363740546405],[-82.10000901889019,35.851919286082854],[-82.13231266482664,35.82357031629316]],[[-82.13231266482664,35.82357031629316],[-82.14308054680546,35.90861722566225],[-82.19691995669956,35.95242926988269],[-82.19691995669956,36.01514062729627],[-82.2722951305513,36.00311379162791],[-82.30100948249482,36.04520771646716],[-82.33690242242422,36.02974464203641],[-82.35125959839598,36.08472446223462],[-82.4158668902689,36.07269762656626]],[[-82.4158668902689,36.07269762656626],[-82.35125959839598,36.117368730477295],[-82.290241600516,36.135408983979836],[-82.24717007260072,36.13111368552685],[-82.22204501465015,36.15688547624475],[-82.14666984079841,36.14915393902938],[-82.13231266482664,36.10620095449954],[-82.08206254892549,36.105341894808944]],[[-76.31406710227103,36.55033481453814],[-75.86540535315353,36.55033481453814],[-75.85822676516764,36.50050935248352],[-75.79720876728767,36.290039728287276],[-75.7720837093371,36.23162366932669]],[[-75.7720837093371,36.23162366932669],[-75.79361947329473,36.2273283708737]],[[-75.79361947329473,36.2273283708737],[-75.81515523725237,36.285744429834295],[-75.84386958919589,36.305502802718024],[-75.83310170721707,36.3390061306513],[-75.85104817718177,36.41546244311443],[-75.88694111711116,36.44123423383233],[-75.90129829308293,36.482469098980985],[-75.99103064290642,36.493636874958746],[-75.99461993689937,36.52799926258262],[-76.04128075880759,36.51081806877068],[-76.01974499484994,36.45841542764427],[-75.9623162909629,36.417180562495616],[-75.92283405704057,36.425771159401584],[-75.92283405704057,36.36821416013159],[-75.86899464714647,36.252241101901014],[-75.83669100121001,36.1998384607746],[-75.84028029520294,36.17750290881908],[-75.80079806128062,36.113073432024315],[-75.80079806128062,36.07269762656626],[-75.86899464714647,36.12767744676446],[-75.86540535315353,36.159462655316545],[-75.91206617506175,36.21186529644296],[-75.92283405704057,36.24450956468564],[-75.95872699696997,36.255677340663404]],[[-75.95872699696997,36.255677340663404],[-75.94795911499115,36.2848853701437],[-75.99461993689937,36.30893904148041],[-76.01615570085701,36.344160488794884],[-76.05204864078641,36.359623563225625],[-76.11306663866638,36.35790544384443],[-76.15613816658167,36.398281249302485],[-76.1597274605746,36.424912099710994],[-76.31406710227103,36.55033481453814]],[[-81.53648986199862,35.56842958818588],[-80.95861352913529,35.546953095920955]],[[-80.94784564715647,35.49111421603215],[-80.9406670591706,35.455033709027084],[-80.95502423514235,35.40005388882888]],[[-80.95502423514235,35.40005388882888],[-81.453936100161,35.419812261712615]],[[-81.53648986199862,35.56413428973289],[-81.53648986199862,35.56842958818588]],[[-82.96143957719578,35.79178510774107],[-82.94708240122401,35.73852340692407],[-82.91836804928049,35.74453682475824],[-82.90042157931579,35.685261706107056],[-82.88247510935109,35.67838922858228]],[[-82.88247510935109,35.67838922858228],[-82.8465821694217,35.61395975178751],[-82.81427852348523,35.627704706837065],[-82.76761770157701,35.56757052849528],[-82.76761770157701,35.54093967808677],[-82.79992134751348,35.47135584314842],[-82.78197487754878,35.43957063459634],[-82.74608193761938,35.423248500475]],[[-82.92195734327343,35.29181236781367],[-82.96502887118871,35.31500697945979],[-82.99015392913928,35.3674096205862],[-83.04399333903339,35.3940404709947],[-83.04399333903339,35.41465790356903],[-83.13731498284983,35.488537036960366],[-83.18756509875098,35.51430882767827]],[[-83.18756509875098,35.51430882767827],[-83.15526145281453,35.55296651375513],[-83.18397580475805,35.59849667735677],[-83.17679721677216,35.627704706837065],[-83.20192227472275,35.65004025879258],[-83.1803865107651,35.6715167510575],[-83.25576168461684,35.69642948208482]],[[-83.25576168461684,35.69642948208482],[-83.25576168461684,35.71532879527795],[-83.18397580475805,35.72993281001809],[-83.15526145281453,35.76429519764197],[-83.07988627896279,35.78920792866928],[-82.99374322313223,35.77374485423854],[-82.96143957719578,35.79178510774107]],[[-78.8014478393784,36.235918967779675],[-78.80503713337133,36.09159693975939],[-78.75119772347723,36.070979507185065]],[[-78.75119772347723,36.070979507185065],[-78.74042984149841,36.02373122420224],[-78.70094760757607,36.01170438853388],[-78.71530478354784,35.96101986678866],[-78.76196560545606,35.91892594194941],[-78.80503713337133,35.927516538855386],[-78.8301621913219,35.8673823605136],[-78.90553736517364,35.86824142020419]],[[-78.90553736517364,35.86824142020419],[-79.0168054789548,35.863087062060615]],[[-77.82157057930579,35.585610781997815],[-77.80721340333403,35.58303360292602],[-77.69953458354583,35.65261743786437]],[[-78.70812619556196,35.519463185821856],[-78.47123279202792,35.701583840228395],[-78.25587515245152,35.81841595814957]],[[-78.25587515245152,35.81841595814957],[-78.24869656446565,35.774603913929134],[-78.1912678605786,35.73079186970869]],[[-78.1912678605786,35.73079186970869],[-78.16255350863509,35.69642948208482],[-78.12307127471274,35.60279197580975],[-78.0656425708257,35.585610781997815]],[[-78.30612526835269,35.28751706936069],[-78.41021479414793,35.254872801118005],[-78.49276855598556,35.26346339802397],[-78.53942937789378,35.31672509884098]],[[-78.53942937789378,35.31672509884098],[-78.52866149591496,35.33476535234352],[-78.66146537365374,35.49626857417574],[-78.70812619556196,35.519463185821856]],[[-78.0297496308963,34.33138363372633],[-77.99385669096691,34.33653799186991],[-77.98667810298103,34.37175943918439],[-77.96155304503044,34.38292721516215],[-77.92924939909399,34.361450722897224],[-77.82157057930579,34.388940632996324],[-77.81080269732698,34.358014484134834],[-77.73901681746817,34.29272594764947],[-77.71030246552465,34.29702124610245]],[[-77.71030246552465,34.29702124610245],[-77.76414187541876,34.24461860497605],[-77.82874916729168,34.16300793436934],[-77.87899928319283,34.06765230871308],[-77.93642798707987,33.92934369852698]],[[-77.93642798707987,33.92934369852698],[-77.94719586905869,33.97143762336623],[-77.93283869308692,34.02813556294562],[-77.93642798707987,34.122632128911285],[-77.95437445704457,34.153558277772774],[-77.95796375103751,34.234309888688884],[-78.01539245492455,34.29272594764947],[-78.0297496308963,34.33138363372633]],[[-79.54084240192401,35.843328689176886],[-79.23575241252412,35.84418774886748],[-79.25010958849589,35.87683201711017]],[[-78.90553736517364,35.86824142020419],[-78.99526971499715,35.61052351302512],[-78.91630524715247,35.58389266261662]],[[-78.91630524715247,35.58389266261662],[-78.97014465704657,35.52204036489364]],[[-78.97014465704657,35.52204036489364],[-79.0168054789548,35.54437591684916],[-79.05269841888419,35.59591949828498],[-79.11730571075711,35.62856376652766],[-79.14960935669356,35.61911410993109],[-79.19985947259472,35.55897993158931],[-79.24293100051,35.569288647876476],[-79.27523464644646,35.53149002149021],[-79.28600252842529,35.55554369282692],[-79.3506098202982,35.51774506644066]],[[-79.3506098202982,35.51774506644066],[-79.55519957789578,35.51516788736887]],[[-80.07564720687206,35.143195041340405],[-80.02180779697797,35.13718162350623],[-79.98232556305562,35.15865811577115],[-79.89977180121801,35.16209435453354],[-79.84952168531684,35.18357084679846],[-79.74902145351453,35.1732621305113],[-79.67364627966279,35.17498024989249],[-79.61262828178282,35.16381247391473]],[[-79.61262828178282,35.16381247391473],[-79.57314604786048,35.12257760876608],[-79.57673534185342,35.07017496763967],[-79.50136016800168,35.06416154980549],[-79.4582886400864,35.043544117231164]],[[-79.4582886400864,35.043544117231164],[-79.57314604786048,34.99200053579535],[-79.5839139298393,34.955060969099684],[-79.56237816588165,34.91038986518865],[-79.62698545775457,34.85197380622806],[-79.62339616376164,34.827061075200746],[-79.69159274962749,34.804725523245224]],[[-79.69159274962749,34.804725523245224],[-79.92848615316153,34.80644364262642]],[[-79.92848615316153,34.80644364262642],[-79.90336109521095,34.854550985299845],[-79.84952168531684,34.90265832797327],[-79.87105744927449,34.95248379002789],[-79.86746815528156,34.98255087919878],[-79.89977180121801,35.00402737146371],[-79.87823603726036,35.034953520325196],[-79.91053968319683,35.06673872887728],[-79.92489685916858,35.115705131241306],[-79.94643262312623,35.1182823103131],[-79.99309344503445,35.085638042070414],[-80.06846861888619,35.11140983278832],[-80.07564720687206,35.143195041340405]],[[-79.4582886400864,35.043544117231164],[-79.39727064220642,34.99543677455774],[-79.35419911429113,34.94389319312192],[-79.34702052630526,34.838228851178506]],[[-79.34702052630526,34.838228851178506],[-79.35778840828408,34.82018859767597],[-79.33625264432644,34.76692689685896],[-79.46187793407934,34.630336406054056]],[[-79.46187793407934,34.630336406054056],[-79.67364627966279,34.804725523245224],[-79.69159274962749,34.804725523245224]],[[-80.06846861888619,35.5057182307723],[-80.18332602666027,35.50400011139111]],[[-80.18332602666027,35.50400011139111],[-80.20845108461084,35.58045642385423],[-80.3304870803708,35.67838922858228],[-80.33407637436375,35.720483153421526],[-80.37355860828607,35.71704691465914],[-80.45970166411664,35.74281870537705]],[[-80.45970166411664,35.74281870537705],[-80.44893378213781,35.766013317023166],[-80.48841601606016,35.83301997288972],[-80.43098731217312,35.82958373412733],[-80.42380872418724,35.851919286082854],[-80.3843264902649,35.85449646515465],[-80.41663013620136,35.88026825587255],[-80.36996931429314,35.885422614016136],[-80.37714790227902,35.96187892647926],[-80.39509437224372,35.97304670245702]],[[-80.31971919839198,34.81417517984179],[-80.2766476704767,35.19559768246682]],[[-80.2766476704767,35.19559768246682],[-80.25511190651906,35.21106075689756],[-80.22639755457554,35.15608093669936],[-80.17255814468145,35.14749033979339],[-80.11154014680146,35.19387956308562],[-80.07564720687206,35.143195041340405]],[[-79.92848615316153,34.80644364262642],[-80.31971919839198,34.81417517984179]],[[-82.26511654256542,35.46791960438604],[-82.22563430864308,35.49798669355693],[-82.23281289662896,35.519463185821856],[-82.16820560475604,35.528053782727824]],[[-82.16820560475604,35.528053782727824],[-82.15025913479134,35.51774506644066],[-82.0389910210102,35.532349081180804],[-82.00309808108081,35.55210745406453],[-81.96720514115141,35.52633566334663],[-81.90618714327142,35.54179873777737],[-81.8415798513985,35.54265779746797],[-81.82363338143381,35.57530206571065]],[[-81.82363338143381,35.57530206571065],[-81.75184750157501,35.61395975178751],[-81.69082950369503,35.58045642385423]],[[-81.76979397153971,35.18013460803608],[-81.87388349733497,35.18442990648906],[-81.97079443514434,35.18700708556085]],[[-82.26152724857248,35.393181411304106],[-82.27947371853718,35.443006873358726],[-82.26511654256542,35.46791960438604]],[[-82.5055992400924,35.97734200091001],[-82.45893841818418,36.00740909008089],[-82.4158668902689,36.07269762656626]],[[-82.13231266482664,35.82357031629316],[-82.19333066270663,35.73508716816168],[-82.27588442454424,35.70416101930019]],[[-82.27588442454424,35.70416101930019],[-82.28306301253012,35.72563751156511],[-82.33331312843129,35.74969118290182],[-82.3620274803748,35.820993137221365],[-82.40868830228302,35.81841595814957]],[[-82.40868830228302,35.81841595814957],[-82.4158668902689,35.859650823298225],[-82.45534912419124,35.90002662875628],[-82.49483135811357,35.909476285352845],[-82.48047418214182,35.948133971429705],[-82.5055992400924,35.97734200091001]],[[-83.18756509875098,35.51430882767827],[-83.23781521465214,35.524617543965434],[-83.30960109451094,35.4790873803638],[-83.35267262242623,35.46791960438604],[-83.36344050440503,35.42668473923739],[-83.3419047404474,35.39747670975709],[-83.33831544645446,35.33132911358113]],[[-83.33831544645446,35.33132911358113],[-83.4316370902709,35.32531569574695],[-83.4675300302003,35.29782578564785],[-83.49624438214381,35.29954390502905],[-83.67929837578376,35.27978553214532]],[[-83.67929837578376,35.27978553214532],[-83.68288766977669,35.324456636056354],[-83.62186967189672,35.34507406863068],[-83.5931553199532,35.37685927718277],[-83.58597673196732,35.43441627645276],[-83.6111017899179,35.42668473923739],[-83.73313778567785,35.447302171811714],[-83.80492366553665,35.44472499273992],[-83.91260248532485,35.46534242531425],[-83.9520847192472,35.46104712686126]],[[-83.9520847192472,35.46104712686126],[-83.91260248532485,35.47565114160141],[-83.88388813338133,35.51688600675006],[-83.82645942949429,35.523758484274836],[-83.7726200196002,35.562416170351696],[-83.66135190581906,35.569288647876476],[-83.60392320193202,35.57959736416363],[-83.58238743797438,35.562416170351696],[-83.48547650016499,35.56842958818588],[-83.44599426624266,35.61138257271572],[-83.36702979839798,35.638872482814826],[-83.34908332843328,35.66120803477034],[-83.31319038850388,35.655194616936164],[-83.25576168461684,35.69642948208482]],[[-77.20780130651306,36.24622768406684],[-77.13242613266132,36.43350269661696],[-77.1216582506825,36.471301323003225],[-77.07140813478135,36.47989191990919],[-77.09294389873898,36.51854960598605],[-77.14678330863309,36.524563023820235],[-77.16472977859779,36.54603951608515]],[[-77.16472977859779,36.54603951608515],[-76.91706849308493,36.543462337013366]],[[-76.91706849308493,36.543462337013366],[-76.90271131711317,36.521126785057845],[-76.94937213902139,36.47044226331263],[-76.93501496304962,36.401717488064875],[-76.82015755527556,36.36391886167861],[-76.76272885138852,36.35275108570085],[-76.6981215595156,36.29605314612146]],[[-76.6981215595156,36.29605314612146],[-76.69094297152971,36.27715383292832]],[[-76.69094297152971,36.27715383292832],[-76.71965732347323,36.243650504995045]],[[-76.71965732347323,36.243650504995045],[-76.97090790297902,36.23849614685146],[-77.20780130651306,36.24622768406684]],[[-79.09935924079241,35.174121190201895],[-79.09576994679946,35.19216144370443]],[[-79.09576994679946,35.19216144370443],[-78.99885900899008,35.21449699565995],[-78.88041230722307,35.23081912978129],[-78.82657289732897,35.26002715926159],[-78.72607266552666,35.26689963678636],[-78.61839384573845,35.24542314452144]],[[-78.61839384573845,35.24542314452144],[-78.62916172771727,35.1715440111301],[-78.66146537365374,35.077906504855044],[-78.64710819768197,34.99200053579535],[-78.57173302383023,34.93787977528775],[-78.4963578499785,34.85626910468104]],[[-78.90194807118071,34.835651672106714],[-78.95578748107481,34.912967044260434],[-79.03834124291242,34.95248379002789]],[[-79.03834124291242,34.95248379002789],[-79.03475194891949,34.962792506315054],[-79.08859135881359,35.04182599784997],[-79.11371641676416,35.12601384752847],[-79.09935924079241,35.174121190201895]],[[-81.54725774397744,36.117368730477295],[-81.50059692206922,36.14228146150461],[-81.45752539415393,36.2006975204652],[-81.47906115811158,36.240214266232655]],[[-81.47906115811158,36.240214266232655],[-81.41445386623866,36.28144913138131],[-81.36779304433044,36.2840263104531],[-81.36779304433044,36.35876450353503],[-81.32113222242222,36.37336851827518],[-81.28164998849988,36.35446920508205],[-81.25293563655636,36.3664960407504]],[[-81.25293563655636,36.3664960407504],[-81.18832834468344,36.39914030899308],[-81.16320328673287,36.432643636926365],[-81.13807822878229,36.412885264042636],[-81.095006700867,36.440375174141735],[-81.04475658496585,36.41116714466144],[-81.02681011500114,36.37336851827518],[-80.98014929309292,36.37680475703756],[-80.96579211712117,36.401717488064875]],[[-80.96579211712117,36.401717488064875],[-80.86888117931178,36.32612023529234],[-80.87247047330473,36.235918967779675]],[[-78.61839384573845,35.24542314452144],[-78.58250090580906,35.296966725957255],[-78.53942937789378,35.31672509884098]],[[-78.16255350863509,35.18958426463264],[-78.1733213906139,35.093369579285785],[-78.15896421464214,35.07962462423624],[-78.14819633266332,34.90265832797327],[-78.19844644856448,34.742014165831655],[-78.13383915669156,34.71022895727957],[-78.11230339273392,34.72139673325733]],[[-78.11230339273392,34.72139673325733],[-78.15537492064921,34.67930280841808],[-78.25587515245152,34.55388009359093]],[[-76.89553272912728,35.25401374142741],[-76.84528261322613,35.216215115041145],[-76.63351426764268,35.235114428234276],[-76.61197850368504,35.27892647245472],[-76.60838920969209,35.33734253141531]],[[-76.60838920969209,35.33734253141531],[-76.5007103899039,35.32187945698456],[-76.47199603796038,35.29524860657606],[-76.46840674396744,35.26088621895218],[-76.49353180191801,35.212778876278755],[-76.54019262382623,35.166389652986524],[-76.5366033298333,35.14233598164981],[-76.56890697576975,35.096805818048175],[-76.62274638566386,35.06072531104311],[-76.80221108531084,34.96451062569625],[-76.96014002100021,35.04783941568415]],[[-76.84887190721906,35.71962409373093],[-76.81656826128261,35.74883212321122],[-76.80221108531084,35.804671003100026],[-76.75913955739557,35.86480518144181]],[[-76.75913955739557,35.86480518144181],[-76.69094297152971,35.94469773266732]],[[-76.69094297152971,35.94469773266732],[-76.67299650156501,35.935248076070756],[-76.52942474184742,35.943838672976725],[-76.39662086410864,35.98421447843478],[-76.36431721817218,35.94469773266732]],[[-76.36431721817218,35.94469773266732],[-76.37867439414394,35.91463064349643],[-76.35354933619335,35.86136894267942],[-76.40738874608746,35.78663074959749],[-76.40738874608746,35.697288541775414]],[[-76.40738874608746,35.697288541775414],[-76.63710356163561,35.705020078990785]],[[-76.63710356163561,35.705020078990785],[-76.84528261322613,35.70587913868138],[-76.84887190721906,35.71962409373093]],[[-79.3506098202982,35.51774506644066],[-79.33625264432644,35.49798669355693],[-79.36137770227703,35.469637723767235],[-79.32907405634056,35.423248500475],[-79.28959182241822,35.40005388882888],[-79.26446676446764,35.34507406863068],[-79.18191300263003,35.30727544224442]],[[-79.18191300263003,35.30727544224442],[-79.22139523655237,35.26775869647696],[-79.16396653266533,35.24112784606845],[-79.1531986506865,35.21449699565995],[-79.09576994679946,35.19216144370443]],[[-79.09935924079241,35.174121190201895],[-79.12448429874298,35.166389652986524],[-79.17473441464415,35.193020503395026],[-79.24652029450294,35.212778876278755],[-79.33625264432644,35.16123529484294],[-79.4582886400864,35.043544117231164]],[[-79.61262828178282,35.16381247391473],[-79.65569980969809,35.18958426463264],[-79.67364627966279,35.24542314452144],[-79.70594992559926,35.26346339802397],[-79.70953921959219,35.301262024410235],[-79.7633786294863,35.47565114160141],[-79.76696792347923,35.51173164860648]],[[-79.34702052630526,34.838228851178506],[-79.19268088460885,34.83393355272552],[-79.03834124291242,34.95248379002789]],[[-78.86964442524425,34.485155318343175],[-78.97014465704657,34.427598319073184],[-78.97014465704657,34.39753122990229],[-79.0096268909689,34.38120909578095],[-79.0455198308983,34.310766201152006],[-79.07064488884889,34.299598425174246]],[[-79.07064488884889,34.299598425174246],[-79.24652029450294,34.44563857257572],[-79.35778840828408,34.54528949668496],[-79.45111005210052,34.62088674945749],[-79.46187793407934,34.630336406054056]],[[-80.90118482524825,36.5615025905159],[-80.83657753337533,36.55892541144411],[-80.70377365563655,36.5623616502065],[-80.44175519415194,36.55033481453814]],[[-80.96579211712117,36.401717488064875],[-80.94784564715647,36.41889868187681],[-80.97297070510704,36.45326106950069],[-80.92630988319883,36.501368412174116],[-80.90118482524825,36.5615025905159]],[[-76.68376438354383,34.962792506315054],[-76.63351426764268,34.98942335672356],[-76.58685344573445,34.99114147610476],[-76.48994250792508,35.01691326682266],[-76.47558533195331,35.07017496763967],[-76.43610309803098,35.058148131971315],[-76.42533521605216,35.00145019239192],[-76.39662086410864,34.97481934198341],[-76.33201357223572,34.97052404353043],[-76.36431721817218,35.034953520325196],[-76.29253133831338,35.01004078929789],[-76.2853527503275,34.93702071559715],[-76.34637074820748,34.87259123880238],[-76.4109780400804,34.861423462824625],[-76.4109780400804,34.83221543334433],[-76.45046027400274,34.81503423953239],[-76.5007103899039,34.74287322552225],[-76.52583544785448,34.68187998748987],[-76.58685344573445,34.69906118130181],[-76.58326415174152,34.76778595654956],[-76.61915709167091,34.7841080906709],[-76.61556779767797,34.71366519604195],[-76.67299650156501,34.707651778207776],[-76.52224615386153,34.65267195800958],[-76.43969239202391,34.758336299952994],[-76.3212456902569,34.861423462824625],[-76.23510263442634,34.92585293961939],[-76.06640581675816,35.077047445164446],[-76.03769146481464,35.05900719166191],[-76.13819169661696,34.98770523734237],[-76.23151334043341,34.90523550704506],[-76.31047780827808,34.85197380622806],[-76.38585298212982,34.784967150361496],[-76.45046027400274,34.71452425573255],[-76.52583544785448,34.615732391313905],[-76.5366033298333,34.588242481214806],[-76.55096050580505,34.6457994804848],[-76.67658579555795,34.69304776346763],[-76.81656826128261,34.69390682315822],[-77.03192590085901,34.661262554915545],[-77.10730107471075,34.64064512234122]],[[-81.35343586835869,36.574388485874856],[-81.17756046270462,36.57181130680306],[-80.90118482524825,36.5615025905159]],[[-81.25293563655636,36.3664960407504],[-81.24575704857048,36.38195911518115],[-81.27088210652106,36.44724765166651],[-81.29600716447165,36.46528790516905],[-81.35343586835869,36.54603951608515],[-81.35343586835869,36.574388485874856]],[[-79.18191300263003,35.30727544224442],[-78.97014465704657,35.52204036489364]],[[-78.91630524715247,35.58389266261662],[-78.70812619556196,35.519463185821856]],[[-76.55813909379094,36.35103296631966],[-76.45404956799568,36.37766381672816]],[[-76.45404956799568,36.37766381672816],[-76.375085100151,36.25825451973519],[-76.31765639626396,36.240214266232655],[-76.27458486834868,36.18867068479684]],[[-76.27458486834868,36.18867068479684],[-76.22792404644046,36.13025462583625],[-76.19203110651107,36.10706001419013],[-76.21715616446164,36.09503317852178],[-76.32842427824278,36.13369086459864],[-76.375085100151,36.13798616305162],[-76.3930315701157,36.162898894078936],[-76.45763886198861,36.18351632665326],[-76.375085100151,36.120804969239686],[-76.29970992629926,36.10104659635596],[-76.32483498424985,36.08472446223462],[-76.4109780400804,36.07527480563805]],[[-76.4109780400804,36.07527480563805],[-76.48994250792508,36.08472446223462],[-76.5724962697627,36.10791907388073],[-76.5904427397274,36.23849614685146],[-76.5724962697627,36.25739546004459],[-76.55813909379094,36.35103296631966]],[[-78.79785854538545,36.54174421763217],[-78.73325125351253,36.54174421763217],[-78.45687561605615,36.54260327732277]],[[-78.54660796587966,36.02201310482104],[-78.68300113761137,36.074415745947455],[-78.75119772347723,36.070979507185065]],[[-75.7541372393724,35.199892980919806],[-75.75054794537945,35.185288966179655]],[[-75.75054794537945,35.185288966179655],[-75.9443698209982,35.10539641495414],[-76.01256640686407,35.0615843707337],[-75.98385205492055,35.120000429694294],[-75.95513770297703,35.120000429694294],[-75.78644088530885,35.19387956308562],[-75.7541372393724,35.199892980919806]],[[-76.40738874608746,35.697288541775414],[-76.27099557435574,35.690416064250634],[-76.29612063230633,35.608805393643934],[-76.21715616446164,35.59849667735677],[-76.1776739305393,35.655194616936164],[-76.17049534255342,35.69814760146601],[-76.14537028460285,35.70244289991899],[-76.09153087470874,35.66979863167631],[-76.04487005280052,35.66550333322333]],[[-76.04487005280052,35.66550333322333],[-76.01256640686407,35.66893957198571]],[[-76.01256640686407,35.66893957198571],[-75.90129829308293,35.66893957198571],[-75.86899464714647,35.58303360292602]],[[-75.86899464714647,35.58303360292602],[-75.91565546905468,35.53836249901499],[-75.95154840898408,35.53063096179961],[-75.9623162909629,35.493691395103944],[-75.98744134891349,35.48424173850738],[-76.01256640686407,35.423248500475],[-76.05922722877229,35.41036260511604],[-76.06999511075111,35.370845859348584],[-76.13101310863108,35.34936936708367],[-76.1417809906099,35.32875193450934],[-76.23510263442634,35.350228426774265],[-76.3391921602216,35.346792188011875],[-76.43251380403804,35.362255262442616],[-76.45046027400274,35.38373175470754],[-76.48635321393213,35.37170491903918],[-76.54019262382623,35.41036260511604],[-76.58685344573445,35.50915446953469],[-76.47558533195331,35.51173164860648],[-76.46840674396744,35.55554369282692]],[[-76.46840674396744,35.55554369282692],[-76.50429968389683,35.58131548354483],[-76.54019262382623,35.58303360292602],[-76.60121062170622,35.635436244052435],[-76.60121062170622,35.66979863167631],[-76.63710356163561,35.705020078990785]],[[-81.73031173761737,36.390549712087115],[-81.63699009380093,36.34931484693846],[-81.56520421394214,36.27199947478474],[-81.55084703797037,36.27629477323772],[-81.47906115811158,36.240214266232655]],[[-81.80927620546206,36.11135531264312],[-81.83081196941968,36.16891231191311],[-81.85593702737027,36.193825042940425],[-81.8846513793138,36.18952974448744],[-81.90977643726437,36.216160594895946],[-81.89541926129262,36.27199947478474],[-81.91695502525025,36.28746254921548]],[[-81.91695502525025,36.28746254921548],[-81.83440126341263,36.34759672755727],[-81.79491902949029,36.35790544384443],[-81.76620467754677,36.3381470709607],[-81.7051866796668,36.3381470709607],[-81.73031173761737,36.390549712087115]],[[-83.70442343373433,35.24885938328383],[-83.67929837578376,35.27978553214532]],[[-83.33831544645446,35.33132911358113],[-83.31677968249681,35.26518151740517],[-83.28088674256742,35.2291010104001],[-83.22345803868038,35.238550666996666],[-83.22345803868038,35.157799056080556],[-83.18756509875098,35.13374538474384],[-83.1444935708357,35.077906504855044],[-83.14808286482865,35.05385283351833],[-83.10860063090631,35.000591132701324]],[[-83.10860063090631,35.000591132701324],[-83.48188720617206,34.993718655176544]],[[-83.48188720617206,34.993718655176544],[-83.52854802808028,35.00918172960729],[-83.58597673196732,35.09165145990459],[-83.63622684786847,35.12171854907548],[-83.66135190581906,35.16037623515235],[-83.7367270796708,35.15608093669936]],[[-83.7367270796708,35.15608093669936],[-83.72954849168491,35.199892980919806],[-83.69724484574846,35.22566477163771],[-83.70442343373433,35.24885938328383]],[[-83.48188720617206,34.993718655176544],[-83.55008379203792,34.992859595485946],[-83.61828037790377,34.98684617765177],[-83.93772754327543,34.98770523734237],[-84.00592412914129,34.98770523734237]],[[-84.00592412914129,34.98770523734237],[-83.95567401324013,35.02636292341923],[-83.96644189521895,35.04440317692176],[-83.90901319133191,35.07876556454564],[-83.84081660546605,35.144054101031],[-83.81569154751547,35.138899742887425],[-83.7367270796708,35.15608093669936]],[[-76.6981215595156,36.29605314612146],[-76.64069285562856,36.328697414364136],[-76.61197850368504,36.32354305622056],[-76.55813909379094,36.35103296631966]],[[-76.4109780400804,36.07527480563805],[-76.45763886198861,36.024590283892834],[-76.51506756587565,36.0056909706997],[-76.57608556375564,36.0065500303903],[-76.60479991569916,36.0331808807988],[-76.67658579555795,36.043489597085966],[-76.71965732347323,36.14743581964819],[-76.71965732347323,36.1998384607746],[-76.67658579555795,36.26684511664116],[-76.69094297152971,36.27715383292832]],[[-76.91706849308493,36.543462337013366],[-76.91706849308493,36.552052933919335],[-76.54019262382623,36.55033481453814]],[[-76.54019262382623,36.55033481453814],[-76.48994250792508,36.51081806877068]],[[-76.48994250792508,36.51081806877068],[-76.48994250792508,36.46872414393143],[-76.45404956799568,36.37766381672816]],[[-76.48994250792508,36.51081806877068],[-76.43610309803098,36.467865084240835],[-76.32483498424985,36.417180562495616],[-76.29253133831338,36.38625441363413],[-76.23869192841929,36.37165039889398],[-76.2135668704687,36.32697929498294],[-76.18126322453224,36.32268399652996],[-76.21715616446164,36.29948938488384],[-76.18485251852519,36.29261690735907]],[[-76.18485251852519,36.29261690735907],[-76.14895957859578,36.26426793756937],[-76.11665593265933,36.21444247551475],[-76.08076299272993,36.1998384607746],[-76.05922722877229,36.155167356863565],[-76.09153087470874,36.135408983979836],[-76.1776739305393,36.12338214831148],[-76.25304910439104,36.18437538634386],[-76.27458486834868,36.18867068479684]],[[-83.70442343373433,35.24885938328383],[-83.7726200196002,35.24542314452144],[-83.83004872348724,35.2557318608086],[-83.9449061312613,35.219651353803535],[-84.00233483514835,35.23339630885308],[-84.02745989309892,35.29181236781367]],[[-84.02745989309892,35.29181236781367],[-84.03822777507774,35.350228426774265],[-84.00592412914129,35.37170491903918],[-84.02028130511304,35.40950354542545],[-83.95926330723307,35.46362430593305],[-83.9520847192472,35.46104712686126]],[[-84.00592412914129,34.98770523734237],[-84.12796012490125,34.98770523734237],[-84.32178200052,34.988564297032966],[-84.29306764857648,35.20676545844458],[-84.28947835458354,35.22480571194711],[-84.21051388673887,35.266040577095765],[-84.19974600476004,35.243705025140244],[-84.09924577295773,35.247141263902634],[-84.02745989309892,35.29181236781367]],[[-78.16255350863509,34.35715542444424],[-78.13742845068451,34.37175943918439],[-78.07999974679747,34.3399742306323],[-78.0297496308963,34.33138363372633]],[[-77.93642798707987,33.92934369852698],[-77.96155304503044,33.852887386063856],[-78.00821386693866,33.85890080389803],[-78.01898174891748,33.888108833378325],[-78.09435692276922,33.906149086880866],[-78.17691068460684,33.91388062409624],[-78.27741091640917,33.91216250471504],[-78.38508973619736,33.90185378842788],[-78.51071502595026,33.86577328142281],[-78.53942937789378,33.85116926668266],[-78.65069749167492,33.94394771326713]],[[-78.65069749167492,33.94394771326713],[-78.62557243372433,33.98088727996279],[-78.6399296096961,34.01009530944309],[-78.57891161181611,34.038444279232785],[-78.55378655386554,34.06679324902248],[-78.56096514185141,34.091705980049795],[-78.53942937789378,34.14840391962919],[-78.5143043199432,34.165585113441125],[-78.42098267612675,34.13981332272322],[-78.37432185421854,34.20510185920859],[-78.25587515245152,34.21626963518634],[-78.16255350863509,34.35715542444424]],[[-78.00821386693866,36.20241563984639],[-77.94360657506574,36.298630325193244],[-77.91130292912929,36.382818174871744],[-77.90053504715047,36.50394559124591]],[[-77.90053504715047,36.50394559124591],[-77.81798128531285,36.50050935248352],[-77.77490975739757,36.48161003929039],[-77.64569517365173,36.47989191990919],[-77.63133799767998,36.4506838904289],[-77.55596282382824,36.418039622186214],[-77.54878423584236,36.374227577965776],[-77.58108788177881,36.35017390662906],[-77.57031999979999,36.31409339962399],[-77.54160564785647,36.30292562364623],[-77.44110541605416,36.324402115911155],[-77.4088017701177,36.263408877878774],[-77.38008741817418,36.24966392282922],[-77.38726600616006,36.213583415824154],[-77.29035506835068,36.16805325222251]],[[-77.29035506835068,36.16805325222251],[-77.2652300104001,36.159462655316545],[-77.25087283442834,36.11393249171491],[-77.2293370704707,36.105341894808944],[-77.31189083230832,36.0890197606876],[-77.32624800828007,36.070979507185065]],[[-77.32624800828007,36.070979507185065],[-77.40162318213181,36.004831911009106]],[[-77.69953458354583,36.15344923748237],[-77.74978469944699,36.15688547624475],[-77.80721340333403,36.13798616305162],[-77.8861778711787,36.143999580885804],[-77.91848151711517,36.18179820727207],[-77.96873163301633,36.19468410263102],[-77.97591022100221,36.174925729747294],[-78.00821386693866,36.20241563984639]],[[-83.008100399104,35.027221983109825],[-83.10860063090631,35.000591132701324]],[[-78.32407173831739,36.543462337013366],[-78.047696100861,36.544321396703964],[-77.90053504715047,36.544321396703964]],[[-77.90053504715047,36.544321396703964],[-77.90053504715047,36.50394559124591]],[[-77.90053504715047,36.544321396703964],[-77.76773116941169,36.545180456394554],[-77.29753365633655,36.544321396703964],[-77.16472977859779,36.54603951608515]],[[-77.20780130651306,36.24622768406684],[-77.2293370704707,36.21701965458654],[-77.29753365633655,36.20756999798997],[-77.29035506835068,36.16805325222251]],[[-81.73031173761737,36.390549712087115],[-81.71595456164562,36.45755636795367],[-81.69441879768797,36.467865084240835],[-81.70877597365974,36.536589859488586],[-81.67647232772327,36.5881334409244],[-81.35343586835869,36.574388485874856]],[[-82.88247510935109,35.67838922858228],[-82.85017146341463,35.701583840228395],[-82.80709993549935,35.686120765797654],[-82.71018899768997,35.73336904878048],[-82.66352817578175,35.73852340692407],[-82.51277782807828,35.80295288371883],[-82.40868830228302,35.81841595814957]],[[-82.27588442454424,35.70416101930019],[-82.29383089450894,35.68440264641646],[-82.26511654256542,35.613100692096914],[-82.290241600516,35.59162419983199],[-82.25075936659367,35.559838991279904],[-82.16820560475604,35.528053782727824]],[[-82.26511654256542,35.46791960438604],[-82.33331312843129,35.50056387262872],[-82.36920606836068,35.46534242531425],[-82.4158668902689,35.47479208191081],[-82.45534912419124,35.4498793508835],[-82.62045664786648,35.435275336143356],[-82.67429605776057,35.45932900748007],[-82.74608193761938,35.423248500475]],[[-81.94208008320084,35.96016080709806],[-81.89900855528555,35.99967755286552],[-81.87029420334203,35.97648294121941],[-81.80568691146911,35.96187892647926]],[[-81.3642037503375,35.76773143640436],[-81.43240033620336,35.677530168891685],[-81.5077755100551,35.607946333953336],[-81.53648986199862,35.56842958818588]],[[-81.82363338143381,35.57530206571065],[-81.87029420334203,35.71962409373093],[-81.98515161111611,35.80724818217182],[-81.92413361323612,35.843328689176886],[-81.90618714327142,35.88370449463494],[-81.94208008320084,35.96016080709806]],[[-81.98156231712316,35.91119440473404],[-81.94208008320084,35.96016080709806]],[[-78.25587515245152,34.39924934928349],[-78.20203574255743,34.353719185681854],[-78.16255350863509,34.35715542444424]],[[-78.65069749167492,33.94394771326713],[-79.07064488884889,34.299598425174246]],[[-79.5121280499805,36.540885157941574],[-79.34343123231233,36.540885157941574],[-79.21780594255942,36.54174421763217],[-79.13884147471474,36.54174421763217]],[[-79.25728817648177,36.243650504995045],[-79.5300745199452,36.24966392282922]],[[-82.35484889238892,35.19216144370443],[-82.39074183231833,35.21535605535055],[-82.4338133602336,35.17068495143951],[-82.45893841818418,35.17841648865488],[-82.57379582595826,35.144054101031]],[[-80.95502423514235,35.40005388882888],[-80.98732788107881,35.37943645625456],[-80.9227205892059,35.35967808337083],[-80.98373858708587,35.3399197104871],[-81.01604223302233,35.269476815858155],[-81.00886364503644,35.15522187700876],[-81.04116729097291,35.14920845917459]],[[-81.04116729097291,35.14920845917459],[-81.3283108104081,35.16381247391473]],[[-76.36431721817218,35.94469773266732],[-76.31765639626396,35.947274911739115],[-76.27099557435574,35.97304670245702],[-76.1776739305393,35.993664135031345],[-76.06281652276523,35.99280507534075],[-76.01256640686407,35.95758362802627],[-76.01256640686407,35.920644061330606],[-76.06281652276523,35.85363740546405],[-76.05204864078641,35.80638912248122],[-76.04487005280052,35.66550333322333]],[[-80.45970166411664,35.74281870537705],[-80.47046954609546,35.76859049609495],[-80.5099517800178,35.774603913929134],[-80.63198777577776,35.84590586824868],[-80.7073629496295,35.85277834577345]],[[-82.08206254892549,36.105341894808944],[-82.02822313903138,36.13025462583625],[-81.93131220122201,36.26512699725997],[-81.91695502525025,36.28746254921548]],[[-78.11230339273392,34.72139673325733],[-78.0118031609316,34.73256450923509],[-77.99026739697396,34.716242375113744],[-77.68158811358113,34.72053767356673]],[[-77.5164805899059,34.44048421443214],[-77.58108788177881,34.400108408974084],[-77.71030246552465,34.29702124610245]],[[-80.54943401394014,35.208483577825774],[-80.76838094750947,35.03667163970639],[-80.84016682736826,35.00145019239192]],[[-80.84016682736826,35.00145019239192],[-80.9047741192412,35.07618838547385],[-80.9334884711847,35.10711453433534],[-81.04116729097291,35.04440317692176],[-81.0591137609376,35.062443430424295],[-81.03398870298703,35.10367829557295],[-81.04116729097291,35.14920845917459]],[[-77.82874916729168,35.8673823605136],[-77.84310634326343,35.83731527134271],[-77.8754099891999,35.84934210701106],[-77.93283869308692,35.83044279381793],[-78.1912678605786,35.73079186970869]],[[-82.96143957719578,35.79178510774107],[-82.94708240122401,35.824429375983755],[-82.90042157931579,35.87253671865718],[-82.91118946129461,35.92665747916479],[-82.89683228532284,35.94469773266732],[-82.85017146341463,35.948133971429705],[-82.8214571114711,35.9215031210212],[-82.74967123161231,36.0056909706997],[-82.6312245298453,36.06582514904149],[-82.60251017790178,36.040053358323576],[-82.6132780598806,35.971328583075824],[-82.5594386499865,35.95414738926389],[-82.5055992400924,35.97734200091001]],[[-80.2945941404414,35.50314105170051],[-80.18332602666027,35.50400011139111]],[[-80.18332602666027,35.50400011139111],[-80.16179026270262,35.47479208191081],[-80.10795085280853,35.45932900748007],[-80.09359367683676,35.401772008210074],[-80.05052214892149,35.37170491903918],[-80.08282579485794,35.32187945698456],[-80.0971829708297,35.254872801118005],[-80.05411144291443,35.1724030708207],[-80.07564720687206,35.143195041340405]],[[-80.2766476704767,35.19559768246682],[-80.35561213832138,35.16467153360533],[-80.46688025210251,35.166389652986524],[-80.50636248602486,35.185288966179655]],[[-75.72542288742888,35.936107135761354],[-75.66081559555596,35.91978500164001],[-75.61774406764067,35.85621458453584],[-75.61415477364774,35.81583877907779],[-75.66799418354184,35.82357031629316],[-75.66081559555596,35.86222800237002],[-75.72542288742888,35.936107135761354]],[[-75.7541372393724,35.199892980919806],[-75.68235135951359,35.23253724916248],[-75.63927983159832,35.23425536854368],[-75.58185112771127,35.26432245771457],[-75.53519030580306,35.27291305462054],[-75.51724383583836,35.33648347172471],[-75.47776160191601,35.55296651375513],[-75.47776160191601,35.59935573704736],[-75.50647595385954,35.68096640765407],[-75.52801171781718,35.771167675166744],[-75.51724383583836,35.76944955578555],[-75.47776160191601,35.67838922858228],[-75.45981513195132,35.596778557975576],[-75.47058301393014,35.47994644005439],[-75.52442242382423,35.23425536854368],[-75.6105654796548,35.227382891018905],[-75.75054794537945,35.185288966179655]],[[-75.7720837093371,36.23162366932669],[-75.73978006340063,36.15430829717297],[-75.65722630156301,36.02029498543985],[-75.53160101181011,35.78748980928809],[-75.56390465774658,35.79951664495644],[-75.6285119496195,35.92493935978359],[-75.67876206552066,35.993664135031345],[-75.72542288742888,36.00311379162791],[-75.75772653336533,36.15259017779177],[-75.79361947329473,36.2273283708737]],[[-76.01256640686407,35.66893957198571],[-75.98744134891349,35.76859049609495],[-75.97667346693467,35.897449449684494],[-75.9264233510335,35.931811837308366],[-75.94795911499115,35.96016080709806],[-75.89770899908999,35.97734200091001],[-75.8079766492665,35.959301747407466],[-75.75054794537945,35.878550136491356],[-75.72542288742888,35.82271125660256],[-75.73978006340063,35.778040152691524],[-75.71465500545006,35.693852303013024],[-75.74336935739358,35.6723758107481],[-75.72901218142181,35.62598658745587],[-75.77567300333003,35.57959736416363],[-75.83669100121001,35.571006767257664],[-75.86899464714647,35.58303360292602]],[[-77.32624800828007,36.070979507185065],[-77.31548012630127,36.05379831337313],[-77.21497989449894,36.013422507915074],[-77.18985483654836,35.974764821838214],[-77.20062271852719,35.94297961328613],[-77.09653319273193,35.927516538855386],[-77.04628307683076,35.943838672976725],[-77.02474731287313,35.89143603185031],[-77.04269378283783,35.86050988298882],[-77.00321154891549,35.859650823298225],[-76.9421935510355,35.89916756906568],[-76.89553272912728,35.86050988298882],[-76.90271131711317,35.82271125660256],[-76.87040767117671,35.81583877907779],[-76.83092543725436,35.85363740546405],[-76.83451473124731,35.88284543494434],[-76.75913955739557,35.86480518144181]],[[-76.84887190721906,35.71962409373093],[-76.98526507895079,35.658630855698554],[-77.16472977859779,35.73938246661466],[-77.17549766057661,35.732509989089884]],[[-76.71965732347323,36.243650504995045],[-76.74478238142382,36.212724356133556],[-76.7519609694097,36.14743581964819],[-76.72324661746617,36.066684208732084],[-76.68376438354383,36.00053661255612],[-76.69094297152971,35.94469773266732]],[[-80.31971919839198,34.81417517984179],[-80.56020189591895,34.81761141860418],[-80.79709529945299,34.82018859767597],[-80.78273812348124,34.93616165590655],[-80.84016682736826,35.00145019239192]],[[-75.95872699696997,36.255677340663404],[-75.95513770297703,36.198120341393405],[-75.90488758707586,36.16461701346013],[-76.01615570085701,36.186093505725054],[-76.13101310863108,36.28746254921548],[-76.18485251852519,36.29261690735907]],[[-76.54019262382623,36.55033481453814],[-76.31406710227103,36.55033481453814]],[[-76.46840674396744,35.55554369282692],[-76.4827639199392,35.53836249901499],[-76.55813909379094,35.52891284241842],[-76.60121062170622,35.53836249901499],[-76.63351426764268,35.51001352922528],[-76.60121062170622,35.46104712686126],[-76.57967485774857,35.38716799346993],[-76.60479991569916,35.38716799346993],[-76.7088894414944,35.427543798927985],[-76.75913955739557,35.41895320202202],[-76.83092543725436,35.44816123150231],[-76.9421935510355,35.473933022220216],[-77.02474731287313,35.51516788736887],[-77.02833660686606,35.490255156341554],[-76.96731860898609,35.43785251521515],[-76.89194343513435,35.43355721676216],[-76.66581791357913,35.34593312832128],[-76.60838920969209,35.33734253141531]]]}