{"type":"Topology","bbox":[-91.64394174611746,30.180407208762084,-88.09771928109281,34.99543677455774],"objects":{"counties":{"type":"GeometryCollection","geometries":[{"type":"Polygon","arcs":[[0,1,2,3,4,5]],"id":"28017","properties":{"name":"Chickasaw"}},{"type":"Polygon","arcs":[[6,7,8,9]],"id":"28075","properties":{"name":"Lauderdale"}},{"type":"Polygon","arcs":[[10,11,12,13,14,15]],"id":"28131","properties":{"name":"Stone"}},{"type":"Polygon","arcs":[[16,17,-6,18,19,20]],"id":"28013","properties":{"name":"Calhoun"}},{"type":"Polygon","arcs":[[21,22,23,24]],"id":"28099","properties":{"name":"Neshoba"}},{"type":"Polygon","arcs":[[25,26,27,28]],"id":"28113","properties":{"name":"Pike"}},{"type":"Polygon","arcs":[[29,30,-20,31,32,33,34]],"id":"28043","properties":{"name":"Grenada"}},{"type":"Polygon","arcs":[[35,36,-29,37,38]],"id":"28005","properties":{"name":"Amite"}},{"type":"Polygon","arcs":[[39,40,41,42,43,44]],"id":"28105","properties":{"name":"Oktibbeha"}},{"type":"Polygon","arcs":[[45,46,47,48,49]],"id":"28065","properties":{"name":"Jefferson Davis"}},{"type":"Polygon","arcs":[[50,51,-25,52,53]],"id":"28079","properties":{"name":"Leake"}},{"type":"Polygon","arcs":[[-54,54,55,56,57]],"id":"28123","properties":{"name":"Scott"}},{"type":"Polygon","arcs":[[-33,58,59,60,61]],"id":"28097","properties":{"name":"Montgomery"}},{"type":"Polygon","arcs":[[-34,-62,62,63,64]],"id":"28015","properties":{"name":"Carroll"}},{"type":"Polygon","arcs":[[65,-44,66,67,-22,68]],"id":"28159","properties":{"name":"Winston"}},{"type":"Polygon","arcs":[[69,70,71,72,73]],"id":"28139","properties":{"name":"Tippah"}},{"type":"Polygon","arcs":[[74,75,76,77]],"id":"28119","properties":{"name":"Quitman"}},{"type":"Polygon","arcs":[[78,79,80,81]],"id":"28011","properties":{"name":"Bolivar"}},{"type":"Polygon","arcs":[[82,83,84,85,86]],"id":"28149","properties":{"name":"Warren"}},{"type":"Polygon","arcs":[[87,88,89,-26,-37,90,91]],"id":"28085","properties":{"name":"Lincoln"}},{"type":"Polygon","arcs":[[92,93,-92,94,95,96]],"id":"28063","properties":{"name":"Jefferson"}},{"type":"Polygon","arcs":[[97,98,-73,99,100,101,102]],"id":"28145","properties":{"name":"Union"}},{"type":"Polygon","arcs":[[103,104,105,106]],"id":"28141","properties":{"name":"Tishomingo"}},{"type":"Polygon","arcs":[[-101,107,108,109,-2,110]],"id":"28081","properties":{"name":"Lee"}},{"type":"Polygon","arcs":[[111,112,-103,113,-17,114,115]],"id":"28071","properties":{"name":"Lafayette"}},{"type":"Polygon","arcs":[[116,117,118,119,-88,-94]],"id":"28029","properties":{"name":"Copiah"}},{"type":"Polygon","arcs":[[120,121,122,123,-12,124]],"id":"28111","properties":{"name":"Perry"}},{"type":"Polygon","arcs":[[-48,125,126,127,128]],"id":"28073","properties":{"name":"Lamar"}},{"type":"Polygon","arcs":[[129,130,131,132,133,134]],"id":"28053","properties":{"name":"Humphreys"}},{"type":"Polygon","arcs":[[135,-57,136,137,138]],"id":"28121","properties":{"name":"Rankin"}},{"type":"Polygon","arcs":[[139,140,-139,-118,141,-85]],"id":"28049","properties":{"name":"Hinds"}},{"type":"Polygon","arcs":[[-138,142,143,-46,144,-119]],"id":"28127","properties":{"name":"Simpson"}},{"type":"Polygon","arcs":[[145,-134,146,147]],"id":"28125","properties":{"name":"Sharkey"}},{"type":"Polygon","arcs":[[-102,-111,-1,-18,-114]],"id":"28115","properties":{"name":"Pontotoc"}},{"type":"Polygon","arcs":[[148,149,150,151]],"id":"28033","properties":{"name":"DeSoto"}},{"type":"Polygon","arcs":[[152,153,-98,-113,154,-149]],"id":"28093","properties":{"name":"Marshall"}},{"type":"Polygon","arcs":[[155,-78,156,157,-79,158]],"id":"28027","properties":{"name":"Coahoma"}},{"type":"Polygon","arcs":[[-80,-158,159,160,-130,161]],"id":"28133","properties":{"name":"Sunflower"}},{"type":"Polygon","arcs":[[-151,162,163,-75,-156,164]],"id":"28143","properties":{"name":"Tunica"}},{"type":"Polygon","arcs":[[165,166,-51,-58,-136,-141]],"id":"28089","properties":{"name":"Madison"}},{"type":"Polygon","arcs":[[167,-64,168,169,-132]],"id":"28051","properties":{"name":"Holmes"}},{"type":"Polygon","arcs":[[-49,-129,170,171,172,173]],"id":"28091","properties":{"name":"Marion"}},{"type":"Polygon","arcs":[[174,-115,-21,-31,175]],"id":"28161","properties":{"name":"Yalobusha"}},{"type":"Polygon","arcs":[[176,-148,177,-83,178]],"id":"28055","properties":{"name":"Issaquena"}},{"type":"Polygon","arcs":[[-144,179,180,181,-126,-47]],"id":"28031","properties":{"name":"Covington"}},{"type":"Polygon","arcs":[[182,183,184,185,-122,186]],"id":"28153","properties":{"name":"Wayne"}},{"type":"Polygon","arcs":[[187,188,-39,189]],"id":"28157","properties":{"name":"Wilkinson"}},{"type":"Polygon","arcs":[[-86,-142,-117,-93,190]],"id":"28021","properties":{"name":"Claiborne"}},{"type":"Polygon","arcs":[[-9,191,-184,192]],"id":"28023","properties":{"name":"Clarke"}},{"type":"Polygon","arcs":[[-182,193,-125,-11,194,-127]],"id":"28035","properties":{"name":"Forrest"}},{"type":"Polygon","arcs":[[-133,-170,-166,-140,-84,-178,-147]],"id":"28163","properties":{"name":"Yazoo"}},{"type":"MultiPolygon","arcs":[[[195]],[[196]],[[-15,197,198,199]]],"id":"28047","properties":{"name":"Harrison"}},{"type":"Polygon","arcs":[[-171,-128,-195,-16,200,201]],"id":"28109","properties":{"name":"Pearl River"}},{"type":"Polygon","arcs":[[-161,202,-35,-65,-168,-131]],"id":"28083","properties":{"name":"Leflore"}},{"type":"Polygon","arcs":[[-63,-61,203,-69,-52,-167,-169]],"id":"28007","properties":{"name":"Attala"}},{"type":"Polygon","arcs":[[204,-105,205,206,-109]],"id":"28057","properties":{"name":"Itawamba"}},{"type":"Polygon","arcs":[[-3,-110,-207,207,208,209]],"id":"28095","properties":{"name":"Monroe"}},{"type":"Polygon","arcs":[[-150,-155,-112,210,-163]],"id":"28137","properties":{"name":"Tate"}},{"type":"Polygon","arcs":[[211,-45,-66,-204,-60]],"id":"28019","properties":{"name":"Choctaw"}},{"type":"Polygon","arcs":[[-124,212,213,214,-13]],"id":"28039","properties":{"name":"George"}},{"type":"Polygon","arcs":[[-53,-24,-10,215,-55]],"id":"28101","properties":{"name":"Newton"}},{"type":"Polygon","arcs":[[-4,-210,216,-41,217]],"id":"28025","properties":{"name":"Clay"}},{"type":"Polygon","arcs":[[-186,218,-213,-123]],"id":"28041","properties":{"name":"Greene"}},{"type":"MultiPolygon","arcs":[[[219]],[[220]],[[-215,221,-198,-14]]],"id":"28059","properties":{"name":"Jackson"}},{"type":"Polygon","arcs":[[-216,-193,-183,222,223]],"id":"28061","properties":{"name":"Jasper"}},{"type":"Polygon","arcs":[[-95,-91,-36,-189,224]],"id":"28037","properties":{"name":"Franklin"}},{"type":"Polygon","arcs":[[-72,225,-106,-205,-108,-100]],"id":"28117","properties":{"name":"Prentiss"}},{"type":"Polygon","arcs":[[-43,226,227,228,-67]],"id":"28103","properties":{"name":"Noxubee"}},{"type":"Polygon","arcs":[[-120,-145,-50,-174,229,-89]],"id":"28077","properties":{"name":"Lawrence"}},{"type":"Polygon","arcs":[[-217,-209,230,-227,-42]],"id":"28087","properties":{"name":"Lowndes"}},{"type":"Polygon","arcs":[[-90,-230,-173,231,-27]],"id":"28147","properties":{"name":"Walthall"}},{"type":"Polygon","arcs":[[232,-74,-99,-154]],"id":"28009","properties":{"name":"Benton"}},{"type":"Polygon","arcs":[[-157,-77,233,-176,-30,-203,-160]],"id":"28135","properties":{"name":"Tallahatchie"}},{"type":"Polygon","arcs":[[-68,-229,234,-7,-23]],"id":"28069","properties":{"name":"Kemper"}},{"type":"Polygon","arcs":[[-81,-162,-135,-146,-177,235]],"id":"28151","properties":{"name":"Washington"}},{"type":"Polygon","arcs":[[-211,-116,-175,-234,-76,-164]],"id":"28107","properties":{"name":"Panola"}},{"type":"Polygon","arcs":[[-201,-200,236]],"id":"28045","properties":{"name":"Hancock"}},{"type":"Polygon","arcs":[[237,-223,-187,-121,-194,-181]],"id":"28067","properties":{"name":"Jones"}},{"type":"Polygon","arcs":[[238,-107,-226,-71]],"id":"28003","properties":{"name":"Alcorn"}},{"type":"Polygon","arcs":[[-56,-224,-238,-180,-143,-137]],"id":"28129","properties":{"name":"Smith"}},{"type":"Polygon","arcs":[[-19,-5,-218,-40,-212,-59,-32]],"id":"28155","properties":{"name":"Webster"}},{"type":"Polygon","arcs":[[-96,-225,-188,239]],"id":"28001","properties":{"name":"Adams"}}]}},"arcs":[[[-89.13861453904539,34.07452478623786],[-88.82275666766667,34.07452478623786]],[[-88.82275666766667,34.07452478623786],[-88.71866714187142,34.07452478623786]],[[-88.71866714187142,34.07452478623786],[-88.71866714187142,33.8116525209152]],[[-88.71866714187142,33.8116525209152],[-88.93043548745487,33.8125115806058],[-88.93043548745487,33.75409552164521],[-89.03452501325013,33.75409552164521],[-89.03452501325013,33.73949150690506]],[[-89.03452501325013,33.73949150690506],[-89.19245394893949,33.738632447214464]],[[-89.19245394893949,33.738632447214464],[-89.18886465494654,33.8116525209152],[-89.13861453904539,33.8125115806058],[-89.13861453904539,34.07452478623786]],[[-88.9160783114831,32.57718374552745],[-88.38845209452094,32.57804280521805]],[[-88.38845209452094,32.57804280521805],[-88.4207557404574,32.30829806237062],[-88.43152362243622,32.22754645145451]],[[-88.43152362243622,32.22754645145451],[-88.91248901749017,32.224110212692125]],[[-88.91248901749017,32.224110212692125],[-88.9160783114831,32.57718374552745]],[[-89.33961500265002,30.90974888607886],[-89.13861453904539,30.90974888607886]],[[-89.13861453904539,30.90974888607886],[-88.88377466554665,30.91060794576945]],[[-88.88377466554665,30.91060794576945],[-88.88377466554665,30.735359768887683]],[[-88.88377466554665,30.735359768887683],[-88.88377466554665,30.676943709927095]],[[-88.88377466554665,30.676943709927095],[-89.2391147708477,30.676943709927095],[-89.24629335883358,30.6477356804468],[-89.34320429664297,30.6477356804468]],[[-89.34320429664297,30.6477356804468],[-89.33961500265002,30.694983963429628],[-89.33961500265002,30.90974888607886]],[[-89.5083118203182,34.16214887467874],[-89.24629335883358,34.161289814988145]],[[-89.24629335883358,34.161289814988145],[-89.24270406484064,34.07366572654726],[-89.13861453904539,34.07452478623786]],[[-89.19245394893949,33.738632447214464],[-89.19245394893949,33.722310313093125],[-89.5083118203182,33.72145125340253]],[[-89.5083118203182,33.72145125340253],[-89.5083118203182,33.867491400804]],[[-89.5083118203182,33.867491400804],[-89.5083118203182,34.16214887467874]],[[-89.31807923869238,32.93197539774397],[-89.01657854328543,32.93111633805337],[-88.93043548745487,32.91908950238502],[-88.9160783114831,32.92682103960039]],[[-88.9160783114831,32.92682103960039],[-88.9160783114831,32.57718374552745]],[[-88.9160783114831,32.57718374552745],[-89.31807923869238,32.57632468583685]],[[-89.31807923869238,32.57632468583685],[-89.31807923869238,32.93197539774397]],[[-90.54920707827078,31.34958744766447],[-90.26206355883558,31.350446507355066]],[[-90.26206355883558,31.350446507355066],[-90.25847426484265,31.000809213282125]],[[-90.25847426484265,31.000809213282125],[-90.34820661466614,30.999950153591527],[-90.54920707827078,30.999950153591527]],[[-90.54920707827078,30.999950153591527],[-90.54920707827078,31.34958744766447]],[[-90.13643826908269,33.72145125340253],[-90.13643826908269,33.80907534184341],[-89.97850933339333,33.80993440153401],[-89.92466992349924,33.82367935658356],[-89.92466992349924,33.89755848997489]],[[-89.92466992349924,33.89755848997489],[-89.77033028180281,33.89755848997489],[-89.77033028180281,33.867491400804],[-89.5083118203182,33.867491400804]],[[-89.5083118203182,33.72145125340253],[-89.5083118203182,33.67763920918209]],[[-89.5083118203182,33.67763920918209],[-89.78827675176751,33.67678014949149]],[[-89.78827675176751,33.67678014949149],[-90.12925968109681,33.67678014949149]],[[-90.12925968109681,33.67678014949149],[-90.13643826908269,33.72145125340253]],[[-91.09477976519764,31.321238477874772],[-90.9835116514165,31.34872838797387],[-90.6317608401084,31.34958744766447]],[[-90.6317608401084,31.34958744766447],[-90.54920707827078,31.34958744766447]],[[-90.54920707827078,30.999950153591527],[-90.82558271572715,30.999091093900937],[-91.05888682526825,30.999091093900937]],[[-91.05888682526825,30.999091093900937],[-91.05888682526825,31.281721732107314],[-91.09477976519764,31.321238477874772]],[[-89.08836442314423,33.533317181161806],[-89.08836442314423,33.5616661509515],[-89.02016783727836,33.5625252106421]],[[-89.02016783727836,33.5625252106421],[-88.6720063199632,33.56510238971389],[-88.6720063199632,33.50582727106271]],[[-88.6720063199632,33.50582727106271],[-88.66841702597026,33.286767049960496]],[[-88.66841702597026,33.286767049960496],[-88.81198878568786,33.286767049960496]],[[-88.81198878568786,33.286767049960496],[-89.08836442314423,33.2859079902699]],[[-89.08836442314423,33.2859079902699],[-89.08836442314423,33.533317181161806]],[[-89.97492003940039,31.761936099150986],[-89.75597310583106,31.774821994509942]],[[-89.75597310583106,31.774821994509942],[-89.75597310583106,31.609882533915332],[-89.67341934399343,31.5643523703137],[-89.59804417014169,31.534285281142807],[-89.58727628816288,31.51366784856848],[-89.58727628816288,31.43377529734297]],[[-89.58727628816288,31.43377529734297],[-89.65547287402873,31.43377529734297]],[[-89.65547287402873,31.43377529734297],[-89.82416969169691,31.43377529734297],[-89.82416969169691,31.389963253122524],[-89.96056286342863,31.39082231281312]],[[-89.96056286342863,31.39082231281312],[-89.96056286342863,31.52225844547445],[-89.97492003940039,31.52225844547445],[-89.97492003940039,31.761936099150986]],[[-89.73084804788047,32.63388168510684],[-89.73084804788047,32.88472711476114]],[[-89.73084804788047,32.88472711476114],[-89.73084804788047,32.93025727836278],[-89.31807923869238,32.93197539774397]],[[-89.31807923869238,32.57632468583685],[-89.32166853268532,32.57632468583685]],[[-89.32166853268532,32.57632468583685],[-89.73084804788047,32.57718374552745],[-89.73084804788047,32.63388168510684]],[[-89.32166853268532,32.57632468583685],[-89.32166853268532,32.22325115300153]],[[-89.32166853268532,32.22325115300153],[-89.73084804788047,32.22239209331093]],[[-89.73084804788047,32.22239209331093],[-89.73084804788047,32.35296916628166],[-89.78468745777458,32.586633402124015]],[[-89.78468745777458,32.586633402124015],[-89.73084804788047,32.63388168510684]],[[-89.5083118203182,33.67763920918209],[-89.50472252632525,33.45943804777047],[-89.38268653056531,33.460297107461066]],[[-89.38268653056531,33.460297107461066],[-89.42216876448764,33.42937095859958],[-89.4544724104241,33.43280719736197],[-89.4544724104241,33.2859079902699]],[[-89.4544724104241,33.2859079902699],[-89.64470499204991,33.2859079902699]],[[-89.64470499204991,33.2859079902699],[-89.64470499204991,33.402740108191075],[-89.71649087190872,33.40188104850048],[-89.71649087190872,33.41648506324063],[-89.78468745777458,33.41648506324063],[-89.78827675176751,33.67678014949149]],[[-89.64470499204991,33.2859079902699],[-89.70213369593695,33.2850489305793],[-89.74879451784517,33.214606035950354]],[[-89.74879451784517,33.214606035950354],[-90.17592050300503,33.333156273252726]],[[-90.17592050300503,33.333156273252726],[-90.17592050300503,33.417344122931226],[-90.13643826908269,33.41648506324063],[-90.13643826908269,33.45943804777047],[-90.10054532915329,33.45857898807988],[-90.10413462314622,33.660458015370146],[-90.12925968109681,33.67678014949149]],[[-89.31807923869238,33.10894169400694],[-89.21398971289713,33.109800753697535],[-89.21398971289713,33.19742484213842],[-89.10990018710187,33.198283901829015],[-89.10990018710187,33.2859079902699],[-89.08836442314423,33.2859079902699]],[[-88.81198878568786,33.286767049960496],[-88.81198878568786,32.92596197990979]],[[-88.81198878568786,32.92596197990979],[-88.9160783114831,32.92682103960039]],[[-89.31807923869238,32.93197539774397],[-89.31807923869238,33.10894169400694]],[[-89.01657854328543,34.99457771486714],[-88.82275666766667,34.99543677455774]],[[-88.82275666766667,34.99543677455774],[-88.82275666766667,34.85884628375283],[-88.75456008180082,34.85884628375283],[-88.75456008180082,34.7566181805718],[-88.71866714187142,34.7566181805718]],[[-88.71866714187142,34.7566181805718],[-88.71866714187142,34.596833078120774],[-88.73661361183612,34.596833078120774]],[[-88.73661361183612,34.596833078120774],[-89.08836442314423,34.59855119750197]],[[-89.08836442314423,34.59855119750197],[-89.08836442314423,34.81503423953239],[-89.03452501325013,34.81503423953239],[-89.01657854328543,34.85884628375283],[-89.01657854328543,34.99457771486714]],[[-90.3984567305673,34.4241620803108],[-90.30154579275792,34.4241620803108],[-90.30513508675087,34.50920898967989],[-90.19745626696266,34.510927109061086]],[[-90.19745626696266,34.510927109061086],[-90.19386697296973,34.30131654455544],[-90.13643826908269,34.266095097240964],[-90.13643826908269,34.16043075529755]],[[-90.13643826908269,34.16043075529755],[-90.13643826908269,34.072806666856664],[-90.4522961404614,34.072806666856664]],[[-90.4522961404614,34.072806666856664],[-90.4522961404614,34.26265885847858],[-90.3984567305673,34.26179979878798],[-90.3984567305673,34.4241620803108]],[[-90.95479729947299,34.12005494983949],[-90.66047519205192,34.119195890148895],[-90.65688589805897,33.98775975748757]],[[-90.65688589805897,33.98775975748757],[-90.66047519205192,33.61664597114971],[-90.76456471784718,33.61578691145911],[-90.76456471784718,33.52902188270882]],[[-90.76456471784718,33.52902188270882],[-91.2168157609576,33.52902188270882]],[[-91.2168157609576,33.52902188270882],[-91.23117293692937,33.5616661509515],[-91.13067270512705,33.59688759826598],[-91.13785129311293,33.625236568055676],[-91.22758364293642,33.669048612276114],[-91.22040505495055,33.69310228361283],[-91.15938705707056,33.706847238662384],[-91.13426199911999,33.67678014949149],[-91.07683329523294,33.657880836298354],[-91.03376176731767,33.6733439107291],[-91.06247611926119,33.71629689525895],[-91.10913694116941,33.70427005959059],[-91.14502988109881,33.72660561154611],[-91.14144058710586,33.777290133291324],[-91.05529753127531,33.77900825267252],[-91.0265831793318,33.76354517824178],[-90.99069023940238,33.79275320772207],[-91.04811894328942,33.81508875967759],[-91.07324400124001,33.86233704266042],[-91.0086367093671,33.92934369852698],[-91.08760117721177,33.95855172800727],[-91.07683329523294,33.983464459034586],[-91.0194045913459,34.003222831918315],[-91.0014581213812,33.96628326522265],[-90.96197588745888,33.980028220272196],[-90.98710094540945,34.018685906349056],[-90.90095788957889,34.02384026449264],[-90.87224353763537,34.07624290561905],[-90.88301141961419,34.09686033819337],[-90.92249365353653,34.09428315912159],[-90.95479729947299,34.119195890148895],[-90.95479729947299,34.12005494983949]],[[-91.04452964929649,32.57632468583685],[-90.96556518145181,32.575465626146254],[-90.96197588745888,32.41138522524225],[-90.95120800548005,32.444029493484926],[-90.86147565565655,32.443170433794336],[-90.86147565565655,32.575465626146254],[-90.72867177791778,32.56601596954969],[-90.72149318993189,32.6192776703667]],[[-90.72149318993189,32.6192776703667],[-90.68918954399544,32.6184186106761],[-90.68918954399544,32.58921058119581],[-90.65688589805897,32.590069640886405],[-90.65329660406604,32.54625759666596],[-90.58868931219311,32.54625759666596],[-90.55279637226371,32.531653581925816],[-90.55279637226371,32.5075999105891]],[[-90.55279637226371,32.5075999105891],[-90.60304648816488,32.4792509407994],[-90.58510001820018,32.44574761286612],[-90.63535013410134,32.37444565854658],[-90.62817154611545,32.33922421123211],[-90.68201095600956,32.35296916628166],[-90.70713601396014,32.340083270922705],[-90.69636813198132,32.305720883298825],[-90.72867177791778,32.224969272382715]],[[-90.72867177791778,32.224969272382715],[-90.78968977579775,32.175143810328095],[-90.775332599826,32.15366731806318],[-90.82558271572715,32.15624449713496],[-90.88301141961419,32.11415057229572],[-90.90813647756477,32.132190825798254],[-90.91890435954359,32.08064724436244],[-91.03017247332473,32.11415057229572]],[[-91.03017247332473,32.11415057229572],[-91.03017247332473,32.120163990129896],[-91.00504741537415,32.15710355682556],[-91.05888682526825,32.17772098939989],[-91.05170823728237,32.124459288582884],[-91.16656564505645,32.13390894517945],[-91.15938705707056,32.2017746607366],[-91.12349411714116,32.21122431733317],[-91.06247611926119,32.21895585454854],[-91.0373510613106,32.24215046619466],[-90.98710094540945,32.21551961578615],[-90.96915447544475,32.251600122791224],[-90.97633306343063,32.29713028639286],[-90.93326153551536,32.290257808868084],[-90.87583283162832,32.35812352442524],[-90.89019000760007,32.37358659885598],[-90.91172577155771,32.33922421123211],[-90.99427953339533,32.35382822597225],[-90.99427953339533,32.40365368802687],[-90.96556518145181,32.420834881838815],[-90.99427953339533,32.450901971009706],[-91.03017247332473,32.43372077719776],[-91.11272623516234,32.47581470203701],[-91.10195835318353,32.525640164091634],[-91.08401188321884,32.52649922378223],[-91.02299388533885,32.48526435863358],[-90.98710094540945,32.49127777646776],[-91.00504741537415,32.513613328423276],[-91.07683329523294,32.54711665635656],[-91.06965470724707,32.562579730787306],[-91.04452964929649,32.57632468583685]],[[-90.73585036590366,31.698365682046813],[-90.3805102606026,31.700083801428008],[-90.25847426484265,31.703520040190398],[-90.24411708887088,31.717264995239944]],[[-90.24411708887088,31.717264995239944],[-90.24411708887088,31.350446507355066]],[[-90.24411708887088,31.350446507355066],[-90.26206355883558,31.350446507355066]],[[-90.6317608401084,31.34958744766447],[-90.6317608401084,31.611600653296527],[-90.73585036590366,31.61074159360593]],[[-90.73585036590366,31.61074159360593],[-90.73585036590366,31.698365682046813]],[[-91.24911940689407,31.870177620166196],[-91.01222600336003,31.861587023260228],[-90.84352918569185,31.82636557594575],[-90.85429706767067,31.785130710797105],[-90.73585036590366,31.785989770487703]],[[-90.73585036590366,31.785989770487703],[-90.73585036590366,31.698365682046813]],[[-90.73585036590366,31.61074159360593],[-91.15220846908468,31.609882533915332]],[[-91.15220846908468,31.609882533915332],[-91.15220846908468,31.63049996648966],[-91.2347622309223,31.628781847108463],[-91.29936952279522,31.67259389132891],[-91.29219093480934,31.69149320452204],[-91.31731599275993,31.745613965029648]],[[-91.31731599275993,31.745613965029648],[-91.25988728887289,31.76107703946039],[-91.36397681466815,31.770526696056955],[-91.33885175671756,31.851278306973065],[-91.29578022880229,31.86072796356963],[-91.28860164081641,31.823788396873965],[-91.26347658286582,31.809184382133814],[-91.24553011290112,31.83323805347053],[-91.27065517085171,31.859009844188435],[-91.24911940689407,31.870177620166196]],[[-89.24629335883358,34.49546403463034],[-89.24629335883358,34.58308812307123]],[[-89.24629335883358,34.58308812307123],[-89.24629335883358,34.59769213781137],[-89.08836442314423,34.59855119750197]],[[-88.73661361183612,34.596833078120774],[-88.73661361183612,34.50920898967989]],[[-88.73661361183612,34.50920898967989],[-88.79045302173022,34.49460497493974],[-88.79045302173022,34.39409499113991],[-88.82634596165961,34.39409499113991],[-88.82634596165961,34.36488696165961]],[[-88.82634596165961,34.36488696165961],[-88.92684619346193,34.36488696165961],[-88.93043548745487,34.37949097639976],[-89.24629335883358,34.37949097639976]],[[-89.24629335883358,34.37949097639976],[-89.24629335883358,34.49546403463034]],[[-88.36332703657037,34.99543677455774],[-88.20180880688807,34.99543677455774],[-88.15514798497985,34.922416700857],[-88.09771928109281,34.89234961168611],[-88.14079080900808,34.58137000369003],[-88.15514798497985,34.46281976638766]],[[-88.15514798497985,34.46281976638766],[-88.32743409664096,34.46367882607826]],[[-88.32743409664096,34.46367882607826],[-88.3310233906339,34.74029604645046],[-88.3669163305633,34.7557591208812]],[[-88.3669163305633,34.7557591208812],[-88.36332703657037,34.99543677455774]],[[-88.73661361183612,34.50920898967989],[-88.54279173621735,34.50920898967989],[-88.54279173621735,34.465396945459446]],[[-88.54279173621735,34.465396945459446],[-88.54279173621735,34.089128800978]],[[-88.54279173621735,34.089128800978],[-88.71866714187142,34.089128800978],[-88.71866714187142,34.07452478623786]],[[-88.82275666766667,34.07452478623786],[-88.82634596165961,34.36488696165961]],[[-89.72008016590165,34.55388009359093],[-89.6698300500005,34.554739153281524]],[[-89.6698300500005,34.554739153281524],[-89.48677605636055,34.55388009359093],[-89.43293664646646,34.52037676565765],[-89.32525782667827,34.52553112380123],[-89.24629335883358,34.49546403463034]],[[-89.24629335883358,34.37949097639976],[-89.24629335883358,34.161289814988145]],[[-89.5083118203182,34.16214887467874],[-89.5083118203182,34.191356904159036],[-89.72008016590165,34.192215963849634]],[[-89.72008016590165,34.192215963849634],[-89.72008016590165,34.55388009359093]],[[-90.73585036590366,31.785989770487703],[-90.71790389593896,31.84440582944829],[-90.71790389593896,32.048002976119754]],[[-90.71790389593896,32.048002976119754],[-90.22975991289913,32.04972109550095]],[[-90.22975991289913,32.04972109550095],[-90.24770638286383,32.031680841998416],[-90.18668838498385,31.94921111170111],[-90.13284897508974,31.85729172480724],[-90.15797403304033,31.843546769757694],[-90.15079544505444,31.79973472553725],[-90.11131321113211,31.789426009250086],[-90.12208109311092,31.75248644255442]],[[-90.12208109311092,31.75248644255442],[-90.24411708887088,31.717264995239944]],[[-89.14579312703127,31.43377529734297],[-88.94479266342663,31.43377529734297]],[[-88.94479266342663,31.43377529734297],[-88.84070313763138,31.43377529734297]],[[-88.84070313763138,31.43377529734297],[-88.84070313763138,30.99823203421034],[-88.83352454964549,30.99823203421034]],[[-88.83352454964549,30.99823203421034],[-88.83352454964549,30.91060794576945],[-88.88377466554665,30.91060794576945]],[[-89.13861453904539,30.90974888607886],[-89.14579312703127,31.000809213282125],[-89.14579312703127,31.43377529734297]],[[-89.58727628816288,31.43377529734297],[-89.45088311643116,31.43377529734297]],[[-89.45088311643116,31.43377529734297],[-89.45088311643116,31.346151208902086],[-89.3467935906359,31.347010268592683],[-89.35038288462884,31.01025886987869]],[[-89.35038288462884,31.01025886987869],[-89.42575805848058,31.01025886987869],[-89.42575805848058,30.98276895977959],[-89.47600817438175,30.98276895977959],[-89.50113323233232,31.01369510864108],[-89.55138334823347,31.001668272972722],[-89.65547287402873,31.00252733266332]],[[-89.65547287402873,31.00252733266332],[-89.65547287402873,31.43377529734297]],[[-90.71790389593896,33.27044491583915],[-90.55638566625666,33.27044491583915],[-90.55638566625666,33.328860974799746],[-90.4522961404614,33.329720034490336]],[[-90.4522961404614,33.329720034490336],[-90.4522961404614,33.26700867707677],[-90.41281390653906,33.23522346852468],[-90.36615308463084,33.23951876697767],[-90.36615308463084,33.275599273982735],[-90.33026014470144,33.303089184081834]],[[-90.33026014470144,33.303089184081834],[-90.33026014470144,33.13557254441544],[-90.35897449664496,33.094337679266786],[-90.36974237862378,33.125263828128276],[-90.43076037650376,33.09605579864798],[-90.43076037650376,33.060834351333504],[-90.3805102606026,33.04193503814037],[-90.3625637906379,33.011008889278884]],[[-90.3625637906379,33.011008889278884],[-90.44870684646845,33.009290769897696],[-90.44870684646845,32.923384800838],[-90.65688589805897,32.9225257411474]],[[-90.65688589805897,32.9225257411474],[-90.65688589805897,33.09691485833858],[-90.70354671996719,33.09605579864798]],[[-90.70354671996719,33.09605579864798],[-90.68201095600956,33.2017201405914],[-90.73226107191071,33.23264628945289],[-90.71790389593896,33.27044491583915]],[[-90.0646523892239,32.39935838957389],[-90.06824168321683,32.43887513534135],[-90.0395273312733,32.44145231441314],[-90.01440227332273,32.48011000049],[-89.96056286342863,32.49127777646776],[-89.83852686766868,32.59350587964879],[-89.78468745777458,32.586633402124015]],[[-89.73084804788047,32.22239209331093],[-89.73084804788047,32.04714391642916]],[[-89.73084804788047,32.04714391642916],[-90.22975991289913,32.04972109550095]],[[-90.22975991289913,32.04972109550095],[-90.24770638286383,32.09868749786497],[-90.24770638286383,32.15366731806318],[-90.19386697296973,32.18802970568705],[-90.18668838498385,32.21981491423914],[-90.20822414894148,32.236137048360476],[-90.17592050300503,32.290257808868084],[-90.11131321113211,32.34867386782867],[-90.0933667411674,32.389908732977325],[-90.0646523892239,32.39935838957389]],[[-90.55279637226371,32.5075999105891],[-90.46665331643317,32.547975716047155],[-90.44870684646845,32.57374750676506]],[[-90.44870684646845,32.57374750676506],[-90.44870684646845,32.48870059739597],[-90.24770638286383,32.48784153770537],[-90.24411708887088,32.40021744926449],[-90.0646523892239,32.39935838957389]],[[-90.71790389593896,32.048002976119754],[-90.72867177791778,32.224969272382715]],[[-89.73084804788047,32.04714391642916],[-89.66265146201462,32.04714391642916],[-89.65547287402873,32.01364058849588],[-89.65547287402873,31.78341259141591],[-89.6518835800358,31.780835412344118]],[[-89.6518835800358,31.780835412344118],[-89.75597310583106,31.774821994509942]],[[-89.97492003940039,31.761936099150986],[-90.12208109311092,31.75248644255442]],[[-90.91531506555066,33.0075726505165],[-90.91531506555066,33.097773918029176],[-90.70354671996719,33.09605579864798]],[[-90.65688589805897,32.9225257411474],[-90.76097542385423,32.83576071239712],[-90.76097542385423,32.814284220132194],[-90.69277883798837,32.81514327982279],[-90.71431460194601,32.790230548795485],[-90.68918954399544,32.76617687745877],[-90.74302895388954,32.729237310763104],[-90.66406448604485,32.68886150530505],[-90.6856002500025,32.663948774277735],[-90.70713601396014,32.690579624686244],[-90.72149318993189,32.66223065489655]],[[-90.72149318993189,32.66223065489655],[-90.96556518145181,32.66308971458714],[-90.96197588745888,32.83833789146891],[-90.91531506555066,32.94400223341233],[-90.91531506555066,33.0075726505165]],[[-89.7236694598946,34.99543677455774],[-89.7236694598946,34.77208125500255]],[[-89.7236694598946,34.77208125500255],[-89.91390204152042,34.77208125500255],[-89.91390204152042,34.758336299952994],[-90.02875944929448,34.70851083789837],[-90.10772391713917,34.73342356892568],[-90.12925968109681,34.76091347902479],[-90.17233120901209,34.75919535964359],[-90.2010455609556,34.72483297201971]],[[-90.2010455609556,34.72483297201971],[-90.2010455609556,34.86056440313403],[-90.30513508675087,34.86056440313403]],[[-90.30513508675087,34.86056440313403],[-90.31231367473674,34.87173217911179],[-90.24770638286383,34.90953080549805],[-90.24770638286383,34.94818849157491],[-90.3087243807438,34.99543677455774],[-89.7236694598946,34.99543677455774]],[[-89.7236694598946,34.99543677455774],[-89.64470499204991,34.99543677455774],[-89.35397217862179,34.993718655176544]],[[-89.35397217862179,34.993718655176544],[-89.35397217862179,34.84424226901268],[-89.30013276872768,34.84424226901268],[-89.29654347473475,34.58308812307123],[-89.24629335883358,34.58308812307123]],[[-89.6698300500005,34.554739153281524],[-89.6698300500005,34.685316226252255],[-89.7236694598946,34.685316226252255],[-89.7236694598946,34.77208125500255]],[[-90.57074284222841,34.52467206411063],[-90.3984567305673,34.4241620803108]],[[-90.4522961404614,34.072806666856664],[-90.4522961404614,33.98604163810638]],[[-90.4522961404614,33.98604163810638],[-90.65688589805897,33.98775975748757]],[[-90.95479729947299,34.12005494983949],[-90.91172577155771,34.165585113441125],[-90.85429706767067,34.13723614365143],[-90.80763624576245,34.161289814988145],[-90.81481483374833,34.18276630725307],[-90.88660071360714,34.18190724756247],[-90.93685082950829,34.218846814258136],[-90.90454718357184,34.24375954528545],[-90.8471184796848,34.20681997858978],[-90.83276130371303,34.26781321662216],[-90.76456471784718,34.280699111981114],[-90.73943965989659,34.30647090269902],[-90.76815401184011,34.34512858877588],[-90.75020754187541,34.368323200422],[-90.68201095600956,34.369182260112595],[-90.69277883798837,34.322793036820364],[-90.65688589805897,34.32193397712977],[-90.65688589805897,34.37605473763737],[-90.56715354823548,34.42502114000139],[-90.58868931219311,34.496323094320935],[-90.57074284222841,34.52467206411063]],[[-90.4522961404614,33.98604163810638],[-90.4522961404614,33.8116525209152]],[[-90.4522961404614,33.8116525209152],[-90.4522961404614,33.329720034490336]],[[-90.71790389593896,33.27044491583915],[-90.76456471784718,33.27044491583915],[-90.76456471784718,33.52902188270882]],[[-90.2010455609556,34.72483297201971],[-90.22975991289913,34.69820212161121],[-90.21540273692736,34.646658540175395],[-90.24052779487795,34.62604110760107],[-90.2189920309203,34.55989351142511],[-90.19745626696266,34.554739153281524]],[[-90.19745626696266,34.554739153281524],[-90.19745626696266,34.510927109061086]],[[-90.57074284222841,34.52467206411063],[-90.54561778427784,34.5633297501875],[-90.58868931219311,34.615732391313905],[-90.58510001820018,34.64150418203182],[-90.58868931219311,34.67071221151211],[-90.55279637226371,34.688752465014645],[-90.55638566625666,34.646658540175395],[-90.51690343233432,34.63119546574465],[-90.46665331643317,34.674148450274494],[-90.47383190441904,34.700779300683],[-90.54561778427784,34.7024974200642],[-90.56715354823548,34.73685980768807],[-90.54202849028489,34.74888664335643],[-90.54920707827078,34.77895373252732],[-90.51331413834139,34.80214834417344],[-90.52049272632726,34.75318194180941],[-90.50254625636256,34.723973912329114],[-90.4522961404614,34.74029604645046],[-90.47383190441904,34.80214834417344],[-90.45588543445434,34.823624836438356],[-90.48459978639787,34.861423462824625],[-90.47742119841197,34.88633619385193],[-90.43793896448965,34.88461807447074],[-90.40922461254613,34.83307449303492],[-90.34102802668026,34.86056440313403],[-90.30513508675087,34.86056440313403]],[[-90.44870684646845,32.57374750676506],[-90.40563531855318,32.57460656645566],[-90.32308155671556,32.61584143160431],[-90.27642073480735,32.66051253551535],[-90.19745626696266,32.663948774277735],[-90.04311662526625,32.74384132550325],[-90.01799156731568,32.80397550384503],[-89.96415215742157,32.87957275661756]],[[-89.96415215742157,32.87957275661756],[-89.73084804788047,32.88472711476114]],[[-90.33026014470144,33.303089184081834],[-90.28718861678617,33.3125388406784],[-90.28001002880029,33.33916969108691],[-90.32308155671556,33.375250198091976],[-90.17592050300503,33.333156273252726]],[[-89.74879451784517,33.214606035950354],[-89.79545533975339,33.159626215752155],[-89.79545533975339,33.130418186271854],[-89.82416969169691,33.109800753697535],[-89.83493757367573,33.040216918759185],[-89.87441980759807,33.00070017299173],[-89.89595557155572,32.932834457434566],[-89.96415215742157,32.87957275661756]],[[-89.96415215742157,32.87957275661756],[-90.33743873268732,33.01014982958829],[-90.3625637906379,33.011008889278884]],[[-89.65547287402873,31.00252733266332],[-89.72725875388754,31.00252733266332]],[[-89.72725875388754,31.00252733266332],[-89.83493757367573,31.001668272972722]],[[-89.83493757367573,31.001668272972722],[-89.83493757367573,31.07468834667346],[-89.92108062950629,31.07468834667346],[-89.93902709947099,31.13310440563405],[-90.00722368533685,31.132245345943453],[-90.00722368533685,31.1751983304733],[-90.03234874328743,31.176057390163898],[-90.0395273312733,31.335842492614923]],[[-90.0395273312733,31.335842492614923],[-90.0395273312733,31.39425855157551],[-89.96056286342863,31.39082231281312]],[[-89.93184851148511,34.164726053750535],[-89.72008016590165,34.16386699405994],[-89.72008016590165,34.192215963849634]],[[-89.92466992349924,33.89755848997489],[-89.92466992349924,34.14067238241382],[-89.93184851148511,34.164726053750535]],[[-91.16656564505645,33.011008889278884],[-90.91531506555066,33.0075726505165]],[[-90.72149318993189,32.66223065489655],[-90.69277883798837,32.636458864178636],[-90.72149318993189,32.6192776703667]],[[-91.04452964929649,32.57632468583685],[-91.0086367093671,32.60209647655476],[-91.0265831793318,32.6467675804658],[-91.04811894328942,32.60725083469834],[-91.11990482314823,32.58491528274282],[-91.14144058710586,32.59694211841118],[-91.15220846908468,32.64161322232222],[-91.11990482314823,32.6742574905649],[-91.06247611926119,32.702606460354595],[-91.05529753127531,32.72580107200071],[-91.16656564505645,32.751572862718625],[-91.1629763510635,32.812566100751],[-91.14502988109881,32.844351309303086],[-91.06965470724707,32.88902241321413],[-91.06247611926119,32.9225257411474],[-91.09477976519764,32.98437803887038],[-91.13426199911999,32.98094180010799],[-91.13067270512705,32.923384800838],[-91.1809228210282,32.90104924888249],[-91.21322646696467,32.91994856207562],[-91.20245858498585,32.96118342722426],[-91.16656564505645,33.00413641175411],[-91.16656564505645,33.011008889278884]],[[-89.6518835800358,31.780835412344118],[-89.40063300053001,31.797157546465456]],[[-89.40063300053001,31.797157546465456],[-89.40063300053001,31.43377529734297]],[[-89.40063300053001,31.43377529734297],[-89.45088311643116,31.43377529734297]],[[-88.94479266342663,31.824647456564563],[-88.90889972349723,31.82636557594575]],[[-88.90889972349723,31.82636557594575],[-88.7617386697867,31.835815232542323],[-88.62534549805498,31.856432665116643],[-88.4745951503515,31.894231291502912]],[[-88.4745951503515,31.894231291502912],[-88.44947009240092,31.435493416724164]],[[-88.44947009240092,31.435493416724164],[-88.84070313763138,31.43377529734297]],[[-88.94479266342663,31.43377529734297],[-88.94479266342663,31.824647456564563]],[[-91.59010233622335,31.19152046459464],[-91.5757451602516,31.224164732837323],[-91.5398522203222,31.238768747577467],[-91.52908433834338,31.214715076240758],[-91.4860128104281,31.227600971599713],[-91.4680663404634,31.319520358493577],[-91.42499481254812,31.315225060040596],[-91.3424410507105,31.340137791067903],[-91.30654811078111,31.36075522364223],[-91.21322646696467,31.357318984879846],[-91.15938705707056,31.347010268592683]],[[-91.15938705707056,31.347010268592683],[-91.09477976519764,31.321238477874772]],[[-91.05888682526825,30.999091093900937],[-91.63676315813157,30.999091093900937],[-91.59010233622335,31.01713134740347],[-91.56497727827278,31.06695680945809],[-91.62240598215982,31.10990979398793],[-91.62599527615276,31.133963465324648],[-91.59010233622335,31.19152046459464]],[[-91.24911940689407,31.870177620166196],[-91.1809228210282,31.91828496283962],[-91.18810140901408,31.96123794736947],[-91.1629763510635,31.982714439634393],[-91.09477976519764,31.99474127530275],[-91.09477976519764,32.03769425983259],[-91.1629763510635,32.06002981178811],[-91.14502988109881,32.081506304053036],[-91.09836905919059,32.048002976119754],[-91.08042258922589,32.078929124981244],[-91.03017247332473,32.11415057229572]],[[-88.43152362243622,32.22754645145451],[-88.4745951503515,31.894231291502912]],[[-88.90889972349723,31.82636557594575],[-88.91248901749017,31.934607096960967],[-88.91248901749017,32.224110212692125]],[[-89.40063300053001,31.43377529734297],[-89.14579312703127,31.43377529734297]],[[-89.33961500265002,30.90974888607886],[-89.33961500265002,31.000809213282125],[-89.35038288462884,31.01025886987869]],[[-88.98786419134191,30.21648771576715],[-88.93402478144782,30.222501133601334],[-88.88018537155371,30.249131984009836],[-88.89454254752548,30.22421925298252],[-88.96991772137721,30.20102464133641],[-88.98786419134191,30.21648771576715]],[[-89.16015030300302,30.238823267722672],[-89.08477512915128,30.237964208032075],[-89.05606077720776,30.249131984009836],[-89.07400724717247,30.21219241731417],[-89.10990018710187,30.206178999479988],[-89.17091818498184,30.22851455143551],[-89.16015030300302,30.238823267722672]],[[-88.88377466554665,30.676943709927095],[-88.88377466554665,30.419225802748024],[-88.84429243162431,30.40548084769847],[-88.81557807968079,30.37541375852758]],[[-88.81557807968079,30.37541375852758],[-88.81916737367374,30.360809743787435],[-88.89454254752548,30.393454012030112],[-88.97350701537015,30.390876832958327],[-89.08477512915128,30.367682221312208],[-89.18527536095361,30.33160171430714],[-89.2929541807418,30.303252744517437],[-89.27859700477005,30.349641967809674],[-89.33961500265002,30.372836579455786]],[[-89.33961500265002,30.372836579455786],[-89.34320429664297,30.6477356804468]],[[-89.34320429664297,30.6477356804468],[-89.5442047602476,30.648594740137398],[-89.5442047602476,30.51715860747607],[-89.64829428604286,30.50255459273592],[-89.64829428604286,30.45874254851548],[-89.69136581395813,30.45960160820608]],[[-89.69136581395813,30.45960160820608],[-89.75956239982399,30.50513177180771],[-89.77391957579576,30.538635099740993],[-89.80981251572516,30.567843129221288],[-89.81699110371103,30.633990725397247],[-89.8492947496475,30.665775933949334],[-89.84570545565455,30.707010799097986],[-89.81699110371103,30.737077888268878],[-89.8313482796828,30.768004037130368],[-89.80622322173221,30.78948052939529],[-89.77391957579576,30.896862990719903],[-89.74879451784517,30.91318512484124],[-89.75238381183811,30.9518428109181],[-89.72725875388754,30.970742124111233],[-89.72725875388754,31.00252733266332]],[[-90.4522961404614,33.8116525209152],[-90.18309909099091,33.80907534184341],[-90.18668838498385,33.76526329762297],[-90.29436720477204,33.75065928288282],[-90.30154579275792,33.69825664175641],[-90.26924214682147,33.69739758206582],[-90.24052779487795,33.736914327833276],[-90.2189920309203,33.722310313093125],[-90.13643826908269,33.72145125340253]],[[-89.4544724104241,33.2859079902699],[-89.31807923869238,33.2859079902699],[-89.31807923869238,33.10894169400694]],[[-88.54279173621735,34.465396945459446],[-88.32743409664096,34.46367882607826]],[[-88.15514798497985,34.46281976638766],[-88.17309445494455,34.32107491743917],[-88.205398100881,34.08655162190621]],[[-88.205398100881,34.08655162190621],[-88.54279173621735,34.089128800978]],[[-88.205398100881,34.08655162190621],[-88.24846962879629,33.744645865048646]],[[-88.24846962879629,33.744645865048646],[-88.32384480264803,33.745504924739244],[-88.3310233906339,33.718874074330735],[-88.40639856448564,33.6733439107291],[-88.48177373833738,33.66561237351373],[-88.51407738427383,33.65014929908298]],[[-88.51407738427383,33.65014929908298],[-88.49613091430913,33.680216388253875],[-88.71866714187142,33.680216388253875],[-88.71866714187142,33.8116525209152]],[[-89.72008016590165,34.55388009359093],[-90.19745626696266,34.554739153281524]],[[-89.38268653056531,33.460297107461066],[-89.33961500265002,33.46974676405763],[-89.31807923869238,33.49637761446614],[-89.26065053480535,33.518713166421655],[-89.18168606696067,33.53245812147121],[-89.08836442314423,33.533317181161806]],[[-88.83352454964549,30.99823203421034],[-88.42434503445034,30.99823203421034]],[[-88.42434503445034,30.99823203421034],[-88.41357715247152,30.735359768887683]],[[-88.41357715247152,30.735359768887683],[-88.88377466554665,30.735359768887683]],[[-88.91248901749017,32.224110212692125],[-89.32166853268532,32.22325115300153]],[[-88.51407738427383,33.65014929908298],[-88.50330950229502,33.61320973238732],[-88.4745951503515,33.60376007579075],[-88.49613091430913,33.579706404454036],[-88.48177373833738,33.52300846487464],[-88.52484526625265,33.55135743466434],[-88.54279173621735,33.52644470363703],[-88.6002204401044,33.5075453904439],[-88.6720063199632,33.50582727106271]],[[-89.02016783727836,33.5625252106421],[-89.02016783727836,33.63554528434284],[-89.03452501325013,33.633827164961644],[-89.03452501325013,33.73949150690506]],[[-88.44947009240092,31.435493416724164],[-88.43152362243622,31.11420509244092],[-88.42434503445034,30.99823203421034]],[[-88.5104880902809,30.21734677545775],[-88.4028092704927,30.206178999479988],[-88.45305938639386,30.188997805668052],[-88.49613091430913,30.196729342883422],[-88.5104880902809,30.21734677545775]],[[-88.77250655176552,30.245695745247446],[-88.71507784787848,30.256863521225206],[-88.60739902809027,30.2319507901979],[-88.58586326413264,30.219064894838944],[-88.6720063199632,30.223360193291924],[-88.77250655176552,30.245695745247446]],[[-88.41357715247152,30.735359768887683],[-88.39563068250682,30.369400340693403],[-88.40998785847859,30.341910430594304],[-88.43511291642916,30.354796325953252],[-88.47100585635856,30.32043393832938],[-88.53561314823148,30.34362854997549],[-88.5822739701397,30.330742654616543],[-88.6002204401044,30.356514445334447],[-88.66482773197731,30.362527863168623],[-88.72943502385023,30.342769490284894],[-88.81198878568786,30.384863415124144],[-88.81557807968079,30.37541375852758]],[[-88.94479266342663,31.824647456564563],[-89.31807923869238,31.80231190460904]],[[-89.31807923869238,31.80231190460904],[-89.32166853268532,31.889076933359327],[-89.32166853268532,32.22325115300153]],[[-91.15938705707056,31.347010268592683],[-91.15220846908468,31.609882533915332]],[[-88.71866714187142,34.7566181805718],[-88.3669163305633,34.7557591208812]],[[-88.66841702597026,33.286767049960496],[-88.30589833268333,33.28848516934169]],[[-88.30589833268333,33.28848516934169],[-88.34179127261272,32.991250516395155],[-88.3489698605986,32.92939821867218]],[[-88.3489698605986,32.92939821867218],[-88.81198878568786,32.92596197990979]],[[-90.0395273312733,31.335842492614923],[-90.0825988591886,31.328970015090142],[-90.10772391713917,31.350446507355066],[-90.24411708887088,31.350446507355066]],[[-88.24846962879629,33.744645865048646],[-88.27359468674686,33.5341762408524],[-88.30589833268333,33.28848516934169]],[[-89.83493757367573,31.001668272972722],[-90.25847426484265,31.000809213282125]],[[-89.35397217862179,34.993718655176544],[-89.19963253692536,34.99457771486714],[-89.01657854328543,34.99457771486714]],[[-90.13643826908269,34.16043075529755],[-89.95697356943569,34.15957169560695],[-89.93184851148511,34.164726053750535]],[[-88.3489698605986,32.92939821867218],[-88.3669163305633,32.74727756426564],[-88.38845209452094,32.57804280521805]],[[-91.16656564505645,33.011008889278884],[-91.11990482314823,33.05482093349933],[-91.20245858498585,33.10808263431634],[-91.18451211502115,33.141585962249614],[-91.14502988109881,33.12955912658126],[-91.09477976519764,33.136431604106036],[-91.08401188321884,33.156189976989765],[-91.09119047120471,33.22061945378453],[-91.04452964929649,33.26529055769557],[-91.05170823728237,33.2850489305793],[-91.08760117721177,33.27388115460154],[-91.09836905919059,33.23780064759647],[-91.14144058710586,33.29621670655706],[-91.14144058710586,33.35119652675526],[-91.05888682526825,33.42851189890899],[-91.07683329523294,33.456001809008086],[-91.11272623516234,33.39329045159451],[-91.17374423304233,33.38126361592615],[-91.20963717297172,33.40188104850048],[-91.1988692909929,33.41820318262182],[-91.13785129311293,33.42679377952779],[-91.12349411714116,33.47318300282002],[-91.17374423304233,33.49637761446614],[-91.17015493904938,33.452565570245696],[-91.2347622309223,33.43882061519614],[-91.18451211502115,33.5075453904439],[-91.2168157609576,33.52902188270882]],[[-89.33961500265002,30.372836579455786],[-89.3647400606006,30.352219146881467],[-89.33243641466414,30.337615132141316],[-89.3288471206712,30.303252744517437],[-89.4185794704947,30.254286342153414],[-89.44729382243823,30.185561566905662],[-89.47959746837468,30.19415216381163],[-89.5262582902829,30.180407208762084],[-89.56932981819818,30.180407208762084],[-89.6159906401064,30.223360193291924],[-89.63034781607816,30.280058132871325],[-89.63034781607816,30.33933325152251],[-89.68418722597225,30.40548084769847],[-89.69136581395813,30.45960160820608]],[[-89.40063300053001,31.797157546465456],[-89.31807923869238,31.80231190460904]],[[-88.82275666766667,34.99543677455774],[-88.36332703657037,34.99543677455774]],[[-91.59010233622335,31.19152046459464],[-91.64394174611746,31.234473449124486],[-91.64035245212452,31.26711771736717],[-91.5757451602516,31.261104299532988],[-91.51472716237161,31.27828549334493],[-91.50754857438574,31.315225060040596],[-91.55062010230102,31.347010268592683],[-91.55420939629396,31.385667954669543],[-91.57933445424455,31.39941290971909],[-91.54703080830808,31.43291623765237],[-91.53267363233633,31.389963253122524],[-91.5039592803928,31.365050522095217],[-91.47165563445634,31.371063939929392],[-91.47165563445634,31.395976670956706],[-91.51831645636456,31.46040614775147],[-91.5219057503575,31.523976564855644],[-91.4501198704987,31.539439639286385],[-91.40704834258342,31.569506728457277],[-91.42140551855518,31.596996638556377],[-91.4860128104281,31.585828862578623],[-91.51831645636456,31.611600653296527],[-91.50036998639986,31.64424492153921],[-91.46447704647046,31.620191250202495],[-91.39986975459755,31.620191250202495],[-91.3962804606046,31.71125157740577],[-91.3783339906399,31.732728069670692],[-91.31731599275993,31.745613965029648]]]}