{"type":"Topology","bbox":[-114.8128344705447,31.332406253852533,-109.04517389307865,37.003636],"objects":{"cd-1":{"type":"GeometryCollection","geometries":[{"type":"MultiPolygon","arcs":[[[0,1,2]],[[3,4]],[[5,6]],[[7,8]],[[9,10]],[[11,12]],[[13,14]],[[15,16]],[[17,18]],[[19,20]],[[21,22]],[[23,24]],[[25,26]],[[27,28]],[[29,30]],[[31,32]],[[33,34]],[[35,36]],[[37,38]],[[39,40,41]]],"id":"04007","properties":{"name":"Gila"}},{"type":"Polygon","arcs":[[42,43,-41,44]],"id":"04021","properties":{"name":"Pinal"}},{"type":"Polygon","arcs":[[45,46,47,48,49,-45,-40,50,-38,51,-36,52,-34,53,-32,54,-28,55,-26,56,-24,57,-23,58,-31,59,-15,60,-17,61,-19,62,-21,63,-12,64,-7,65,-9,66,-11,67,-4,68,-1,69,70]],"id":"04013","properties":{"name":"Maricopa"}},{"type":"Polygon","arcs":[[71,-70,-3,72]],"id":"04025","properties":{"name":"Yavapai"}}]},"cd-2":{"type":"GeometryCollection","geometries":[{"type":"MultiPolygon","arcs":[[[73,74]],[[75,76]],[[77,78]],[[79,80]],[[81,82]],[[83,84]],[[85,86]],[[87,88]],[[89,90]],[[91,92]],[[93,94]],[[95,96]],[[97,98]],[[99,100]],[[101,102]],[[103,104]],[[105,106]],[[107,108]],[[109,110]],[[111,112]],[[113,114]],[[115,116]],[[117,118]],[[119,120,121]],[[122,123]],[[124,125]],[[126,127]],[[128,129]],[[130,131]],[[132,133]],[[134,135]],[[136,137]],[[138,139]],[[140,141]],[[142,143]],[[144,145]],[[146,147]],[[148,149]],[[150,151]],[[152,153]],[[154,155]],[[156,157]],[[158,159]],[[160,161]],[[162,163]],[[164,165]],[[166,167]],[[168,169]],[[170,171]],[[172,173]],[[174,175]],[[176,177]],[[178,179]],[[180,181]],[[182,183]],[[184,185]],[[186,187]],[[188,189]],[[190,191]],[[192,193]],[[194,195]],[[196,197]],[[198,199]],[[200,201]],[[202,203]],[[204,205]],[[206,207]]],"id":"04015","properties":{"name":"Mohave"}},{"type":"Polygon","arcs":[[-76,208,-82,209,-84,210,-78,211,-91,212,-92,213,-86,214,215,216,217,218,219,220,-121,221,-207,222,-205,223,-203,224,-197,225,-201,226,-199,227,-193,228,-191,229,-163,230,-173,231,-167,232,-157,233,-153,234,-151,235,-156,236,-171,237,-179,238,-189,239,-195,240,-187,241,-183,242,-169,243,-131,244,-129,245,-133,246,-136,247,-139,248,-145,249,-177,250,-147,251,-149,252,-141,253,-143,254,-165,255,-176,256,-181,257,-185,258,-161,259,-159,260,-137,261,-127,262,-125,263,-123,264,-118,265,-116,266,-114,267,-112,268,-110,269,-108,270,-106,271,-104,272,-102,273,-100,274,-98,275,-96,276,-94,277,-88,278]],"id":"04005","properties":{"name":"Coconino"}},{"type":"Polygon","arcs":[[-2,279,-5,280,-10,281,-8,282,-6,283,-13,284,-20,285,-18,286,-16,287,-14,288,-30,289,-22,290,-25,291,-27,292,-29,293,-33,294,-35,295,-37,296,-39,297,-42,298,299,300,301,302,-219,303,304]],"id":"04007","properties":{"name":"Gila"}},{"type":"MultiPolygon","arcs":[[[305,306,307]],[[308,309]],[[310,311]],[[312,313]],[[314,315]],[[316,317]],[[318,319]],[[320,321]],[[322,323]],[[324,325,326]]],"id":"04011","properties":{"name":"Greenlee"}},{"type":"Polygon","arcs":[[327,328,329,-299,-44,330,331,332,333]],"id":"04021","properties":{"name":"Pinal"}},{"type":"Polygon","arcs":[[-302,334,335,336,337,338]],"id":"04017","properties":{"name":"Navajo"}},{"type":"MultiPolygon","arcs":[[[-334,339,340,341,342]],[[343,344]],[[345,346]],[[347,348]],[[349,350]],[[351,352]],[[353,354]],[[-69,-280]],[[-332,355,-49,356]],[[-282,-67]],[[-283,-66]],[[-284,-65]],[[-68,-281]],[[-286,-63]],[[-288,-61]],[[-287,-62]],[[-285,-64]],[[-289,-60]],[[-291,-58]],[[-292,-57]],[[-290,-59]],[[-293,-56]],[[-294,-55]],[[-54,-295]],[[-53,-296]],[[-52,-297]],[[-51,-298]]],"id":"04013","properties":{"name":"Maricopa"}},{"type":"Polygon","arcs":[[-330,357,-308,358,-336,359,-300]],"id":"04009","properties":{"name":"Graham"}},{"type":"Polygon","arcs":[[-359,-307,360,-310,361,-312,362,-314,363,-316,364,-318,365,-320,366,-322,367,-324,368,-327,369,-337]],"id":"04001","properties":{"name":"Apache"}},{"type":"Polygon","arcs":[[370,371,-345,372,-347,373,-349,374,-351,375,-353,376,-355,377,-73,-305,378,-217,379,380,-80]],"id":"04025","properties":{"name":"Yavapai"}}]},"cd-3":{"type":"GeometryCollection","geometries":[{"type":"Polygon","arcs":[[381,-342,382,-46,383,384]],"id":"04013","properties":{"name":"Maricopa"}}]},"cd-4":{"type":"GeometryCollection","geometries":[{"type":"Polygon","arcs":[[-341,385,-47,-383]],"id":"04013","properties":{"name":"Maricopa"}}]},"cd-5":{"type":"GeometryCollection","geometries":[{"type":"Polygon","arcs":[[386,-333]],"id":"04021","properties":{"name":"Pinal"}},{"type":"Polygon","arcs":[[-340,-387,-357,-48,-386]],"id":"04013","properties":{"name":"Maricopa"}}]},"cd-6":{"type":"GeometryCollection","geometries":[{"type":"MultiPolygon","arcs":[[[387,388]],[[389,390]],[[391,392]],[[393,394]],[[395,396]],[[397,398,399]]],"id":"04023","properties":{"name":"Santa Cruz"}},{"type":"Polygon","arcs":[[400,-389,401,-391,402,-393,403,-395,404,-399,405,406,407]],"id":"04019","properties":{"name":"Pima"}},{"type":"Polygon","arcs":[[408,409,410,-325,411,-323,412,-321,413,-319,414,-317,415,-315,416,-313,417,-311,418,-309,419,-306]],"id":"04011","properties":{"name":"Greenlee"}},{"type":"Polygon","arcs":[[420,-408,421,-329]],"id":"04021","properties":{"name":"Pinal"}},{"type":"Polygon","arcs":[[422,-409,-358,-422,-407]],"id":"04009","properties":{"name":"Graham"}},{"type":"Polygon","arcs":[[423,-410,-423,-406,-398,424,-396,425]],"id":"04003","properties":{"name":"Cochise"}},{"type":"MultiPolygon","arcs":[[[-420,-361]],[[-419,-362]],[[-418,-363]],[[-417,-364]],[[-416,-365]],[[-415,-366]],[[-414,-367]],[[-412,-369]],[[-413,-368]]],"id":"04001","properties":{"name":"Apache"}}]},"cd-7":{"type":"GeometryCollection","geometries":[{"type":"Polygon","arcs":[[426,427,-397,428,-400,429,-394,430,-392,431,-390,432,-388,433]],"id":"04023","properties":{"name":"Santa Cruz"}},{"type":"MultiPolygon","arcs":[[[434,-434,-401,435,436,437]],[[-433,-402]],[[-432,-403]],[[-431,-404]],[[-430,-405]]],"id":"04019","properties":{"name":"Pima"}},{"type":"Polygon","arcs":[[-436,-421,-328,438]],"id":"04021","properties":{"name":"Pinal"}},{"type":"Polygon","arcs":[[439,440,441]],"id":"04027","properties":{"name":"Yuma"}},{"type":"Polygon","arcs":[[-437,-439,-343,-382,442,443]],"id":"04013","properties":{"name":"Maricopa"}},{"type":"MultiPolygon","arcs":[[[444,-426,-428]],[[-425,-429]]],"id":"04003","properties":{"name":"Cochise"}}]},"cd-8":{"type":"GeometryCollection","geometries":[{"type":"Polygon","arcs":[[-384,-71,445,-354,446,-352,447,-350,448,-348,449,-346,450,-344,451,452]],"id":"04013","properties":{"name":"Maricopa"}},{"type":"MultiPolygon","arcs":[[[-452,-372,453]],[[-451,-373]],[[-450,-374]],[[-449,-375]],[[-448,-376]],[[-447,-377]],[[-446,-72,-378]]],"id":"04025","properties":{"name":"Yavapai"}}]},"cd-9":{"type":"GeometryCollection","geometries":[{"type":"Polygon","arcs":[[454,455,-81,456,-75,457,-87,458,-93,459,-90,460,-79,461,-85,462,-83,463,-77,464,-89,465,-95,466,-97,467,-99,468,-101,469,-103,470,-105,471,-107,472,-109,473,-111,474,-113,475,-115,476,-117,477,-119,478,-124,479,-126,480,-128,481,-138,482,-160,483,-162,484,-186,485,-182,486,-175,487,-166,488,-144,489,-142,490,-150,491,-148,492,-178,493,-146,494,-140,495,-135,496,-134,497,-130,498,-132,499,-170,500,-184,501,-188,502,-196,503,-190,504,-180,505,-172,506,-155,507,-152,508,-154,509,-158,510,-168,511,-174,512,-164,513,-192,514,-194,515,-200,516,-202,517,-198,518,-204,519,-206,520,-208,521,-120,522]],"id":"04015","properties":{"name":"Mohave"}},{"type":"MultiPolygon","arcs":[[[-279,-465]],[[-464,-209]],[[-215,-458]],[[-461,-212]],[[-211,-462]],[[-210,-463]],[[-214,-459]],[[-460,-213]],[[-278,-466]],[[-277,-467]],[[-276,-468]],[[-275,-469]],[[-274,-470]],[[-273,-471]],[[-272,-472]],[[-271,-473]],[[-270,-474]],[[-269,-475]],[[-268,-476]],[[-267,-477]],[[-266,-478]],[[-265,-479]],[[-264,-480]],[[-263,-481]],[[-262,-482]],[[-246,-498]],[[-245,-499]],[[-244,-500]],[[-497,-247]],[[-496,-248]],[[-251,-493]],[[-492,-252]],[[-495,-249]],[[-491,-253]],[[-490,-254]],[[-508,-236]],[[-235,-509]],[[-234,-510]],[[-507,-237]],[[-261,-483]],[[-233,-511]],[[-489,-255]],[[-260,-484]],[[-488,-256]],[[-243,-501]],[[-232,-512]],[[-506,-238]],[[-487,-257]],[[-231,-513]],[[-486,-258]],[[-505,-239]],[[-494,-250]],[[-242,-502]],[[-485,-259]],[[-504,-240]],[[-503,-241]],[[-230,-514]],[[-229,-515]],[[-228,-516]],[[-227,-517]],[[-226,-518]],[[-225,-519]],[[-224,-520]],[[-223,-521]],[[-222,-522]]],"id":"04005","properties":{"name":"Coconino"}},{"type":"Polygon","arcs":[[523,524,-455,525]],"id":"04012","properties":{"name":"La Paz"}},{"type":"Polygon","arcs":[[526,-524,527,-441]],"id":"04027","properties":{"name":"Yuma"}},{"type":"Polygon","arcs":[[-443,-385,-453,528,529]],"id":"04013","properties":{"name":"Maricopa"}},{"type":"MultiPolygon","arcs":[[[-529,-454,-371,530]],[[-381,-457]]],"id":"04025","properties":{"name":"Yavapai"}}]}},"arcs":[[[-111.49632682106821,33.999786593155925],[-111.49481178068581,33.99983839443434]],[[-111.49481178068581,33.99983839443434],[-111.49632266858518,33.999831316543194]],[[-111.49632266858518,33.999831316543194],[-111.49632682106821,33.999786593155925]],[[-111.49173195592476,33.99994369780564],[-111.45063234171431,34.00134894916613]],[[-111.45063234171431,34.00134894916613],[-111.454415,34.00475],[-111.458376,34.002207],[-111.466532,34.005943],[-111.478229,34.002083],[-111.49173195592476,33.99994369780564]],[[-111.44902388071606,33.93449404876222],[-111.44866443238382,33.942666914930186]],[[-111.44866443238382,33.942666914930186],[-111.44902388071606,33.93449404876222]],[[-111.44801350872015,33.957467128234114],[-111.44800202972314,33.95772812904521]],[[-111.44800202972314,33.95772812904521],[-111.44801350872015,33.957467128234114]],[[-111.4473013372432,33.97365994830799],[-111.433271,33.983321],[-111.442813,33.991372],[-111.440355,33.996416],[-111.4460867694509,34.001275878410944]],[[-111.4460867694509,34.001275878410944],[-111.4473013372432,33.97365994830799]],[[-111.43351402038216,33.91989404193041],[-111.4065944712447,33.91989404193041],[-111.40803737596924,33.91281448912213]],[[-111.40803737596924,33.91281448912213],[-111.405356,33.919582],[-111.425749,33.926099],[-111.43351402038216,33.91989404193041]],[[-111.39167896328166,33.85338532623824],[-111.387459,33.862957],[-111.396289,33.868929],[-111.397723,33.877823],[-111.405652,33.879535],[-111.4131399329746,33.887779002604894]],[[-111.4131399329746,33.887779002604894],[-111.41377305923059,33.88467259461594],[-111.39167896328166,33.85338532623824]],[[-111.41269529660099,33.88996059272235],[-111.4121251583674,33.89275795256467]],[[-111.4121251583674,33.89275795256467],[-111.41269529660099,33.88996059272235]],[[-111.41193876536927,33.89367248215967],[-111.41181928474212,33.89425870895283]],[[-111.41181928474212,33.89425870895283],[-111.41193876536927,33.89367248215967]],[[-111.40967216628096,33.904793457556124],[-111.40836821441293,33.911191243877084]],[[-111.40836821441293,33.911191243877084],[-111.40967216628096,33.904793457556124]],[[-111.38712156685787,33.78041109248968],[-111.381199,33.785229],[-111.379805,33.795736],[-111.3880957128674,33.80369640918269]],[[-111.3880957128674,33.80369640918269],[-111.38712156685787,33.78041109248968]],[[-111.38664836411698,33.77338921496694],[-111.38662186511047,33.772995994974536]],[[-111.38662186511047,33.772995994974536],[-111.38664836411698,33.77338921496694]],[[-111.3859429073253,33.76292090876203],[-111.38528488149464,33.75315643279768]],[[-111.38528488149464,33.75315643279768],[-111.38235,33.758247],[-111.3859429073253,33.76292090876203]],[[-111.38319835422891,33.748567206857345],[-111.33839788537885,33.718874074330735],[-111.33801743906383,33.71723506964134]],[[-111.33801743906383,33.71723506964134],[-111.336369,33.720355],[-111.344263,33.727401],[-111.354831,33.733246],[-111.359345,33.74097],[-111.372137,33.745211],[-111.374694,33.749845],[-111.38319835422891,33.748567206857345]],[[-111.37647649607854,33.81704490719829],[-111.37194574599229,33.82224996616522]],[[-111.37194574599229,33.82224996616522],[-111.37647649607854,33.81704490719829]],[[-111.33130809827563,33.68833048946672],[-111.33121929739296,33.687947925469246],[-111.26302271152711,33.622659388983884],[-111.22354047760477,33.60204195640956],[-111.223224631366,33.60274120524442]],[[-111.223224631366,33.60274120524442],[-111.231948,33.609506],[-111.230776,33.612406],[-111.238358,33.618447],[-111.249538,33.624331],[-111.255704,33.621128],[-111.26173,33.622571],[-111.269295,33.629229],[-111.270715,33.633594],[-111.287193,33.652021],[-111.287603,33.658968],[-111.294823,33.660764],[-111.300627,33.665134],[-111.305285,33.67211],[-111.313811,33.68047],[-111.325675,33.684259],[-111.33130809827563,33.68833048946672]],[[-111.20943043227015,33.63328004491125],[-111.20179890912377,33.639460677634894]],[[-111.20179890912377,33.639460677634894],[-111.20943043227015,33.63328004491125]],[[-111.19904895319976,33.64155860397472],[-111.17558683629116,33.6594577246919]],[[-111.17558683629116,33.6594577246919],[-111.180619,33.659792],[-111.19904895319976,33.64155860397472]],[[-111.17080172213798,33.66310826211812],[-111.1529029181627,33.676763161814286]],[[-111.1529029181627,33.676763161814286],[-111.169661,33.66732],[-111.17080172213798,33.66310826211812]],[[-111.05497807401353,33.49383403179097],[-111.04048648396483,33.46631052529525]],[[-111.04048648396483,33.46631052529525],[-111.0403286868761,33.46600629056303]],[[-111.0403286868761,33.46600629056303],[-111.05497807401353,33.49383403179097]],[[-111.28608790378233,33.46591864455188],[-111.284757,33.465907]],[[-111.284757,33.465907],[-111.169459,33.465462],[-111.047857,33.465735],[-111.0403286868761,33.46600629056303]],[[-111.04048648396483,33.46631052529525],[-111.28608790378233,33.46591864455188]],[[-112.09964,33.53139],[-112.099767,33.516871],[-112.047525,33.516488],[-112.047618,33.494722],[-112.012978,33.495235],[-112.012918,33.465732],[-112.004202,33.468733],[-112.004215,33.465707],[-111.978468,33.465666],[-111.978426,33.456933],[-111.982935,33.457988],[-111.981407,33.45114]],[[-111.981407,33.45114],[-111.960991,33.451017],[-111.961012,33.448897],[-111.941466,33.447356],[-111.94325,33.454949],[-111.939339,33.464602],[-111.939407,33.458306],[-111.926344,33.458502],[-111.926461,33.451245],[-111.909279,33.451281],[-111.909647,33.436755],[-111.892043,33.436763],[-111.892045,33.440425],[-111.874595,33.440412],[-111.874571,33.436919],[-111.856187,33.436715],[-111.856315,33.442892],[-111.848217,33.455081],[-111.836259,33.455081],[-111.835507,33.462485],[-111.826763,33.462586],[-111.826781,33.466527],[-111.787284,33.466403],[-111.787299,33.480908],[-111.778869,33.480923],[-111.779089,33.471982],[-111.770345,33.476755],[-111.771867,33.480662],[-111.760354,33.484532],[-111.744342,33.484675],[-111.740628,33.481836],[-111.73154,33.48816],[-111.728672,33.486258],[-111.719829,33.496423],[-111.715444,33.497989],[-111.701254,33.497745],[-111.701279,33.499679],[-111.684037,33.499889],[-111.683886,33.480814]],[[-111.683886,33.480814],[-111.681182,33.481064],[-111.675949,33.471707],[-111.672053,33.469372],[-111.661817,33.477369],[-111.658615,33.483449],[-111.66339,33.487698],[-111.658847,33.489823],[-111.651053,33.488782],[-111.649926,33.495157],[-111.617226,33.494826],[-111.603772,33.49579],[-111.600446,33.486108],[-111.603074,33.467182],[-111.580634,33.4658],[-111.476812,33.465885]],[[-111.476812,33.465885],[-111.2867,33.465924]],[[-111.2867,33.465924],[-111.28608790378233,33.46591864455188]],[[-111.05497807401353,33.49383403179097],[-111.063417,33.50901],[-111.1529029181627,33.676763161814286]],[[-111.17080172213798,33.66310826211812],[-111.17558683629116,33.6594577246919]],[[-111.19904895319976,33.64155860397472],[-111.20179890912377,33.639460677634894]],[[-111.20943043227015,33.63328004491125],[-111.207453,33.620572],[-111.214933,33.614058],[-111.216749,33.608317],[-111.223224631366,33.60274120524442]],[[-111.33130809827563,33.68833048946672],[-111.338321,33.702746],[-111.33801743906383,33.71723506964134]],[[-111.38319835422891,33.748567206857345],[-111.38528488149464,33.75315643279768]],[[-111.3859429073253,33.76292090876203],[-111.389371,33.770807],[-111.38662186511047,33.772995994974536]],[[-111.38664836411698,33.77338921496694],[-111.38712156685787,33.78041109248968]],[[-111.3880957128674,33.80369640918269],[-111.383901,33.816755],[-111.37647649607854,33.81704490719829]],[[-111.37194574599229,33.82224996616522],[-111.383563,33.833622],[-111.391714,33.835753],[-111.395787,33.844276],[-111.39167896328166,33.85338532623824]],[[-111.4131399329746,33.887779002604894],[-111.41269529660099,33.88996059272235]],[[-111.4121251583674,33.89275795256467],[-111.41193876536927,33.89367248215967]],[[-111.41181928474212,33.89425870895283],[-111.41284,33.901896],[-111.40967216628096,33.904793457556124]],[[-111.40836821441293,33.911191243877084],[-111.40803737596924,33.91281448912213]],[[-111.43351402038216,33.91989404193041],[-111.437487,33.916174],[-111.450904,33.919877],[-111.44902388071606,33.93449404876222]],[[-111.44866443238382,33.942666914930186],[-111.452181,33.948629],[-111.44801350872015,33.957467128234114]],[[-111.44800202972314,33.95772812904521],[-111.452925,33.962204],[-111.4473013372432,33.97365994830799]],[[-111.4460867694509,34.001275878410944],[-111.45063234171431,34.00134894916613]],[[-111.49173195592476,33.99994369780564],[-111.49481178068581,33.99983839443434]],[[-111.49632682106821,33.999786593155925],[-111.72604163661636,33.999786593155925],[-111.99619390648766,34.02946572044223]],[[-111.99619390648766,34.02946572044223],[-111.995696,33.900934],[-112.03078,33.90112],[-112.030465,33.828132],[-112.021754,33.826321],[-112.021568,33.799128],[-112.019108,33.79913],[-111.995513,33.772032],[-111.995441,33.747686],[-112.021031,33.706097],[-112.025688,33.699368],[-112.042852,33.707756],[-112.048027,33.704832],[-112.048229,33.693876],[-112.056978,33.693471],[-112.065723,33.701988],[-112.067079,33.698412],[-112.09998,33.6983],[-112.114563,33.699875],[-112.112247,33.683283],[-112.113229,33.668558],[-112.099791,33.669224],[-112.09964,33.53139]],[[-111.996196,34.029866],[-111.99619390648766,34.02946572044223]],[[-111.49632266858518,33.999831316543194],[-111.500671,34.000037],[-111.726334,34.000041],[-111.864136,34.015345],[-111.996196,34.029866]],[[-113.33404534545345,35.499964],[-113.33404534545345,35.8029956575279]],[[-113.33404534545345,35.8029956575279],[-113.341573,35.787886],[-113.359309,35.775083],[-113.368729,35.77132],[-113.377711,35.763379],[-113.383856,35.754552],[-113.393533,35.752371],[-113.411702,35.752184],[-113.419462,35.750824],[-113.435543,35.752569],[-113.45276,35.758239],[-113.469208,35.764871],[-113.488085,35.766716],[-113.499808,35.765566],[-113.51101,35.766265],[-113.520463,35.771698],[-113.528258,35.778366],[-113.543379,35.795645],[-113.563089,35.804251],[-113.567353,35.811958],[-113.569642,35.821577],[-113.577036,35.828423],[-113.605924,35.849457],[-113.611574,35.849679],[-113.615936,35.845967],[-113.619038,35.836893],[-113.623801,35.832135],[-113.628225,35.822417],[-113.636694,35.819028],[-113.647433,35.823884],[-113.656214,35.836303],[-113.655925,35.848428],[-113.663789,35.855559],[-113.668833,35.865784],[-113.674531,35.86806],[-113.682825,35.875584],[-113.707967,35.87964],[-113.713549,35.886072],[-113.712485,35.896197],[-113.716553,35.903937],[-113.714289,35.917432],[-113.71475,35.929671],[-113.722149,35.939192],[-113.739673,35.940629],[-113.741136,35.947498],[-113.737499,35.95487],[-113.749574,35.968555],[-113.756717,35.967519],[-113.769214,35.972672],[-113.771336,35.97866],[-113.779659,35.991189],[-113.781438,36.003544],[-113.784693,36.011327],[-113.782425,36.025319],[-113.786267,36.02823],[-113.795567,36.029224],[-113.808896,36.047375],[-113.846384,36.049822],[-113.86952,36.054688],[-113.880388,36.059418],[-113.891212,36.067596],[-113.895429,36.077169],[-113.895228,36.088884],[-113.903532,36.092838],[-113.903598,36.029567],[-113.904319,35.999932],[-113.904799,35.819924],[-113.9128,35.817055],[-113.933311,35.805601],[-113.940475,35.807025],[-113.929512,35.796721],[-113.929958,35.783302],[-113.939062,35.772053],[-113.944652,35.768462],[-113.953297,35.767556],[-113.960758,35.769995],[-113.958901,35.774047],[-113.963359,35.777675],[-113.976624,35.776821],[-113.995814,35.763858],[-113.995696,35.754693],[-114.013838,35.740484],[-114.042876,35.724746],[-114.021484,35.713907],[-113.98646,35.708601],[-113.983489,35.706151],[-113.971312,35.683873],[-113.953528,35.661876],[-113.935236,35.64359],[-113.929181,35.635886],[-113.919931,35.620742],[-113.916316,35.632736],[-113.912229,35.63433],[-113.899558,35.628907],[-113.889147,35.627206],[-113.876967,35.628562],[-113.869013,35.632172],[-113.863924,35.628206],[-113.851674,35.623159],[-113.849244,35.61988],[-113.868588,35.613269],[-113.875638,35.605039],[-113.872754,35.589049],[-113.866129,35.588503],[-113.845609,35.597169],[-113.831087,35.606922],[-113.829747,35.6427],[-113.829825,35.669569],[-113.826409,35.670607],[-113.818898,35.666075],[-113.784301,35.65462],[-113.620364,35.494505],[-113.468159,35.494253],[-113.441638,35.493246],[-113.432315,35.49417],[-113.354495,35.494383],[-113.334105,35.508416],[-113.33404534545345,35.499964]],[[-113.34552774583824,36.01116869902934],[-113.3516384076187,36.04821926899173]],[[-113.3516384076187,36.04821926899173],[-113.354176,36.040368],[-113.351708,36.03425],[-113.34836,36.013115],[-113.34552774583824,36.01116869902934]],[[-113.33130480597859,35.909726630656564],[-113.33404534545345,35.912912524115235],[-113.32980750812642,35.92447533552699]],[[-113.32980750812642,35.92447533552699],[-113.33485,35.913859],[-113.33130480597859,35.909726630656564]],[[-113.33404534545345,34.561312182766244],[-113.33404534545345,34.63126412556844]],[[-113.33404534545345,34.63126412556844],[-113.334359,34.561314],[-113.33404534545345,34.561312182766244]],[[-113.32542515584753,35.936432451629024],[-113.31609887548875,35.96187892647926],[-113.31844604730024,35.96404575685002]],[[-113.31844604730024,35.96404575685002],[-113.318133,35.959952],[-113.32569,35.955017],[-113.328643,35.950164],[-113.32542515584753,35.936432451629024]],[[-113.32835821135404,35.92842969808637],[-113.32716451000053,35.931686676249406]],[[-113.32716451000053,35.931686676249406],[-113.32835821135404,35.92842969808637]],[[-113.32707477196338,35.83777074388553],[-113.32411253271725,35.84526568319312]],[[-113.32411253271725,35.84526568319312],[-113.32707477196338,35.83777074388553]],[[-113.3261390496579,36.07975311299993],[-113.30811424406389,36.09922742468777]],[[-113.30811424406389,36.09922742468777],[-113.313428,36.100001],[-113.319971,36.096769],[-113.323658,36.090834],[-113.3261390496579,36.07975311299993]],[[-113.3233839100332,35.90051854195331],[-113.32008523091804,35.89668380783921]],[[-113.32008523091804,35.89668380783921],[-113.3233839100332,35.90051854195331]],[[-113.31273704157638,35.874047496075384],[-113.30960256476557,35.8844976460156]],[[-113.30960256476557,35.8844976460156],[-113.31273704157638,35.874047496075384]],[[-113.29164480446542,36.09716267922065],[-113.27233118034754,36.09474136320607]],[[-113.27233118034754,36.09474136320607],[-113.279247,36.097336],[-113.29164480446542,36.09716267922065]],[[-113.24952067192108,36.09188164878807],[-113.23342861620789,36.08999035011941]],[[-113.23342861620789,36.08999035011941],[-113.244243,36.093412],[-113.24952067192108,36.09188164878807]],[[-113.21600800666364,36.10666810733242],[-113.21161157983381,36.110877061048214]],[[-113.21161157983381,36.110877061048214],[-113.21600800666364,36.10666810733242]],[[-113.20171590308783,36.1203507648132],[-113.20124146771467,36.14344358974441]],[[-113.20124146771467,36.14344358974441],[-113.205277,36.133132],[-113.20171590308783,36.1203507648132]],[[-113.20124146771467,36.14673584417448],[-113.20124146771467,36.1495975009529]],[[-113.20124146771467,36.1495975009529],[-113.20124146771467,36.14673584417448]],[[-113.16513729797978,36.17031465161167],[-113.15973199786185,36.17322548025263]],[[-113.15973199786185,36.17322548025263],[-113.16513729797978,36.17031465161167]],[[-113.15783134455292,36.17394511125087],[-113.13980754216088,36.16747440051916]],[[-113.13980754216088,36.16747440051916],[-113.145971,36.172992],[-113.15783134455292,36.17394511125087]],[[-113.13696277462914,36.166453102826445],[-113.13613204363378,36.166645943321]],[[-113.13613204363378,36.166645943321],[-113.13696277462914,36.166453102826445]],[[-113.11823230711197,36.177725546672576],[-113.09118915530023,36.19446475370421]],[[-113.09118915530023,36.19446475370421],[-113.095474,36.193566],[-113.114092,36.183223],[-113.11823230711197,36.177725546672576]],[[-113.03114127518627,36.23078860127773],[-112.98183385910468,36.2317539739002]],[[-112.98183385910468,36.2317539739002],[-112.987963,36.232371],[-113.009038,36.23904],[-113.019111,36.236705],[-113.03114127518627,36.23078860127773]],[[-112.92987377524571,36.24645118119257],[-112.90346891026869,36.253919948470696]],[[-112.90346891026869,36.253919948470696],[-112.915084,36.258139],[-112.925465,36.256331],[-112.92987377524571,36.24645118119257]],[[-112.87988554718255,36.272476176580945],[-112.86743712637126,36.282308191071905],[-112.86498568295244,36.28236686378662]],[[-112.86498568295244,36.28236686378662],[-112.873138,36.280592],[-112.87988554718255,36.272476176580945]],[[-112.83409810757261,36.28310612535174],[-112.79882258105971,36.2839504079029]],[[-112.79882258105971,36.2839504079029],[-112.81255,36.288563],[-112.829634,36.287042],[-112.83409810757261,36.28310612535174]],[[-112.82950272381036,37.00048209241092],[-112.82924,36.976123],[-112.829321,36.903415],[-112.827353,36.903316],[-112.827371,36.831989],[-112.600381,36.831928],[-112.59743495457283,36.82995886429315]],[[-112.59743495457283,36.82995886429315],[-112.57311501895018,36.89224057139571],[-112.5300434910349,36.952374749737494],[-112.53722207902078,37.00048209241092]],[[-112.53722207902078,37.00048209241092],[-112.82950272381036,37.00048209241092]],[[-112.78926723990925,36.28941049654281],[-112.77320265783713,36.30295915097029]],[[-112.77320265783713,36.30295915097029],[-112.786295,36.301992],[-112.78926723990925,36.28941049654281]],[[-112.76018700574872,36.31393637848251],[-112.74731087011206,36.324795939678644]],[[-112.74731087011206,36.324795939678644],[-112.758052,36.322324],[-112.76018700574872,36.31393637848251]],[[-112.72642040398584,36.34241468040297],[-112.72027607266072,36.34759672755727],[-112.68760509085098,36.350040307302706]],[[-112.68760509085098,36.350040307302706],[-112.688629,36.35324],[-112.698827,36.355328],[-112.723991,36.345992],[-112.72642040398584,36.34241468040297]],[[-112.6556687807878,36.52874089374045],[-112.6556687807878,36.54329747150503]],[[-112.6556687807878,36.54329747150503],[-112.660059,36.54356],[-112.660401,36.538862],[-112.655963,36.536641],[-112.659567,36.531455],[-112.6556687807878,36.52874089374045]],[[-112.6556687807878,36.552931598522136],[-112.6556687807878,36.55465481802074]],[[-112.6556687807878,36.55465481802074],[-112.6556687807878,36.552931598522136]],[[-112.65475980874147,36.51340826855578],[-112.6556687807878,36.51599639243325]],[[-112.6556687807878,36.51599639243325],[-112.65475980874147,36.51340826855578]],[[-112.65355398312563,36.512285928793034],[-112.65057639050481,36.50951449107294]],[[-112.65057639050481,36.50951449107294],[-112.65355398312563,36.512285928793034]],[[-112.65046021150197,36.36914139647154],[-112.6351067588323,36.39052139408922]],[[-112.6351067588323,36.39052139408922],[-112.646988,36.383869],[-112.65046021150197,36.36914139647154]],[[-112.6428488427102,36.50232196336043],[-112.64546709915201,36.50475894369582]],[[-112.64546709915201,36.50475894369582],[-112.6428488427102,36.50232196336043]],[[-112.63820638631653,36.44357684988716],[-112.64141547298203,36.451513480981845]],[[-112.64141547298203,36.451513480981845],[-112.642494,36.446525],[-112.63820638631653,36.44357684988716]],[[-112.631761906033,36.42763852601541],[-112.6375902549138,36.442053049454515]],[[-112.6375902549138,36.442053049454515],[-112.644768,36.441652],[-112.644534,36.434322],[-112.63831,36.42648],[-112.631761906033,36.42763852601541]],[[-112.62578131194336,36.48643611039811],[-112.6415835399437,36.50114426437304]],[[-112.6415835399437,36.50114426437304],[-112.645794,36.498739],[-112.636821,36.494764],[-112.635598,36.491055],[-112.640165,36.488172],[-112.633745,36.484351],[-112.62578131194336,36.48643611039811]],[[-112.64355004151278,36.456792641297746],[-112.64427225849998,36.458578809885644]],[[-112.64427225849998,36.458578809885644],[-112.64355004151278,36.456792641297746]],[[-112.64182549128816,36.45252752777364],[-112.64249759719601,36.45418976292125]],[[-112.64249759719601,36.45418976292125],[-112.64182549128816,36.45252752777364]],[[-112.63733276977882,36.67245445674151],[-112.63717444814492,36.675438078338736]],[[-112.63717444814492,36.675438078338736],[-112.63733276977882,36.67245445674151]],[[-112.63662727495014,36.67683498647373],[-112.63625681144326,36.677780762859385]],[[-112.63625681144326,36.677780762859385],[-112.63662727495014,36.67683498647373]],[[-112.63637063957799,36.6685397694346],[-112.63623775204,36.667999080494866]],[[-112.63623775204,36.667999080494866],[-112.63637063957799,36.6685397694346]],[[-112.63446461977503,36.682356146201904],[-112.63232155668285,36.687827288238616]],[[-112.63232155668285,36.687827288238616],[-112.63446461977503,36.682356146201904]],[[-112.63237490873551,36.39432555135714],[-112.6311974629141,36.39596516880334]],[[-112.6311974629141,36.39596516880334],[-112.63237490873551,36.39432555135714]],[[-112.63014929105987,36.39742476959989],[-112.62336513485134,36.40687184620845],[-112.62451701970414,36.40972065837624]],[[-112.62451701970414,36.40972065837624],[-112.63095,36.402724],[-112.63014929105987,36.39742476959989]],[[-112.6270442705106,36.70129995841907],[-112.61945735369882,36.72066900996468]],[[-112.61945735369882,36.72066900996468],[-112.627635,36.714345],[-112.624241,36.712013],[-112.631128,36.705666],[-112.6270442705106,36.70129995841907]],[[-112.62999895312248,36.42327843595035],[-112.63049601811711,36.42450776438667]],[[-112.63049601811711,36.42450776438667],[-112.62999895312248,36.42327843595035]],[[-112.63017796406395,36.693299782132826],[-112.62864533598686,36.69721251150126]],[[-112.62864533598686,36.69721251150126],[-112.63017796406395,36.693299782132826]],[[-112.62936332669311,36.589316551440994],[-112.62906551898612,36.58968006483536]],[[-112.62906551898612,36.58968006483536],[-112.62936332669311,36.589316551440994]],[[-112.62860707027937,36.636951585046255],[-112.62901483722842,36.63861069531869]],[[-112.62901483722842,36.63861069531869],[-112.62860707027937,36.636951585046255]],[[-112.62845808126957,36.697690564228274],[-112.6272393714259,36.700801874707466]],[[-112.6272393714259,36.700801874707466],[-112.62845808126957,36.697690564228274]],[[-112.62845762118593,36.41946645321197],[-112.6276048489911,36.417357398822475]],[[-112.6276048489911,36.417357398822475],[-112.62845762118593,36.41946645321197]],[[-112.62339927912682,36.48421899864411],[-112.62559834710494,36.48626581320867]],[[-112.62559834710494,36.48626581320867],[-112.62339927912682,36.48421899864411]],[[-112.62662058105369,36.628869015607776],[-112.62706961102562,36.63069601566454]],[[-112.62706961102562,36.63069601566454],[-112.62662058105369,36.628869015607776]],[[-112.6267358267693,36.41520815528175],[-112.6269337544041,36.41569766484775]],[[-112.6269337544041,36.41569766484775],[-112.6267358267693,36.41520815528175]],[[-112.62639204902514,36.59294338582224],[-112.62553812933541,36.59398570688262]],[[-112.62553812933541,36.59398570688262],[-112.62639204902514,36.59294338582224]],[[-112.6251219664394,36.41121679717524],[-112.62564997868608,36.41252266356411]],[[-112.62564997868608,36.41252266356411],[-112.6251219664394,36.41121679717524]],[[-112.62234961731255,36.59787770430657],[-112.62003404676634,36.60206991695269]],[[-112.62003404676634,36.60206991695269],[-112.62234961731255,36.59787770430657]],[[-112.62318337955213,36.61488383036177],[-112.62348537358571,36.616112574879914]],[[-112.62348537358571,36.616112574879914],[-112.62318337955213,36.61488383036177]],[[-112.61869273009748,36.72262105904006],[-112.61676346077594,36.727546395360626]],[[-112.61676346077594,36.727546395360626],[-112.622969,36.724266],[-112.61869273009748,36.72262105904006]],[[-112.61618534706058,36.729031147349495],[-112.61552223168702,36.735617598914395]],[[-112.61552223168702,36.735617598914395],[-112.620665,36.738524],[-112.622625,36.734913],[-112.616978,36.73401],[-112.61618534706058,36.729031147349495]],[[-112.62050367538733,36.60398072819212],[-112.62153504301182,36.60817712670954]],[[-112.62153504301182,36.60817712670954],[-112.62050367538733,36.60398072819212]],[[-112.61335422964294,36.75715146922658],[-112.60926768335158,36.797741448420915]],[[-112.60926768335158,36.797741448420915],[-112.613884,36.78673],[-112.619728,36.782744],[-112.616321,36.774702],[-112.620934,36.769772],[-112.620082,36.763542],[-112.616217,36.763094],[-112.61335422964294,36.75715146922658]],[[-112.61499685668097,36.740835932207126],[-112.61466619851291,36.74412022344126]],[[-112.61466619851291,36.74412022344126],[-112.61499685668097,36.740835932207126]],[[-112.61411707228909,36.74957446778618],[-112.61369328770469,36.75378374531235]],[[-112.61369328770469,36.75378374531235],[-112.61411707228909,36.74957446778618]],[[-112.60913392966154,36.799069968669755],[-112.60860935672399,36.80134197761126]],[[-112.60860935672399,36.80134197761126],[-112.60913392966154,36.799069968669755]],[[-112.60650683187733,36.80672640126711],[-112.60603354363344,36.80793846038759]],[[-112.60603354363344,36.80793846038759],[-112.60650683187733,36.80672640126711]],[[-112.60017888226841,36.822931851405535],[-112.59968070805313,36.82420764181237]],[[-112.59968070805313,36.82420764181237],[-112.60017888226841,36.822931851405535]],[[-113.34552774583824,36.01116869902934],[-113.340136,36.003284],[-113.341411,35.990706],[-113.334591,35.979478],[-113.322952,35.976732],[-113.317259,35.968611],[-113.31844604730024,35.96404575685002]],[[-113.32542515584753,35.936432451629024],[-113.32716451000053,35.931686676249406]],[[-113.32835821135404,35.92842969808637],[-113.32980750812642,35.92447533552699]],[[-113.33130480597859,35.909726630656564],[-113.3233839100332,35.90051854195331]],[[-113.32008523091804,35.89668380783921],[-113.31118,35.893258],[-113.30960256476557,35.8844976460156]],[[-113.31273704157638,35.874047496075384],[-113.310624,35.862394],[-113.315031,35.854464],[-113.32411253271725,35.84526568319312]],[[-113.32707477196338,35.83777074388553],[-113.326829,35.827701],[-113.333267,35.821679],[-113.329511,35.813021],[-113.33404534545345,35.8029956575279]],[[-113.33404534545345,35.8029956575279],[-113.33404534545345,35.528053782727824]],[[-113.33404534545345,35.528053782727824],[-113.26225946559465,35.52977190210901],[-113.17611640976409,35.5065772904629],[-113.14740205782057,35.4782283206732],[-113.0863840599406,35.45331558964589],[-112.97511594615945,35.393181411304106],[-112.94640159421594,35.35280560584605],[-112.79565124651246,35.32273851667516],[-112.75616901259012,35.30641638255382],[-112.69515101471013,35.3115707406974],[-112.57670431294312,35.243705025140244],[-112.47261478714786,35.238550666996666],[-112.44031114121141,35.26088621895218],[-112.44390043520434,35.14920845917459],[-112.33622161541615,35.14834939948399],[-112.33622161541615,34.97310122260222],[-111.80859539845397,34.97653746136461],[-111.77629175251752,34.980832759817595],[-111.77629175251752,34.80300740386403],[-111.55375552495525,34.80214834417344]],[[-111.55375552495525,34.80214834417344],[-111.55375552495525,34.47141036329363]],[[-111.55375552495525,34.47141036329363],[-111.47120176311762,34.457665408244075],[-111.5501662309623,34.419007722167215],[-111.46402317513174,34.40955806557065],[-111.43530882318822,34.446497632266315],[-111.41736235322352,34.376913797327965],[-111.39941588325883,34.42845737876378],[-111.3527550613506,34.44134327412274],[-111.30968353343533,34.427598319073184],[-111.24866553555535,34.453370109791095],[-111.209183301633,34.40869900588005],[-111.15175459774598,34.39409499113991],[-111.14816530375303,34.37519567794677],[-111.09791518785187,34.396672170211694],[-111.0189507200072,34.36316884227842],[-110.94716484014839,34.31763867867678],[-110.89691472424724,34.30217560424604],[-110.84666460834607,34.265236037550366],[-110.78923590445903,34.30904808177081],[-110.7497536705367,34.26351791816918]],[[-110.7497536705367,34.26351791816918],[-110.7497536705367,37.003015119698674]],[[-110.7497536705367,37.003015119698674],[-110.805365,37.002552],[-110.95527714465373,37.002470171152495],[-111.07658147743786,37.00212247158773],[-111.150576,37.00095],[-111.34916576735766,37.00134115210152],[-112.53722207902078,37.00048209241092]],[[-112.59743495457283,36.82995886429315],[-112.59968070805313,36.82420764181237]],[[-112.60017888226841,36.822931851405535],[-112.599207,36.815569],[-112.601081,36.80658],[-112.60603354363344,36.80793846038759]],[[-112.60650683187733,36.80672640126711],[-112.605033,36.79915],[-112.60860935672399,36.80134197761126]],[[-112.60913392966154,36.799069968669755],[-112.60926768335158,36.797741448420915]],[[-112.61335422964294,36.75715146922658],[-112.61369328770469,36.75378374531235]],[[-112.61411707228909,36.74957446778618],[-112.61466619851291,36.74412022344126]],[[-112.61499685668097,36.740835932207126],[-112.61552223168702,36.735617598914395]],[[-112.61618534706058,36.729031147349495],[-112.61676346077594,36.727546395360626]],[[-112.61869273009748,36.72262105904006],[-112.61945735369882,36.72066900996468]],[[-112.6270442705106,36.70129995841907],[-112.6272393714259,36.700801874707466]],[[-112.62845808126957,36.697690564228274],[-112.62864533598686,36.69721251150126]],[[-112.63017796406395,36.693299782132826],[-112.63232155668285,36.687827288238616]],[[-112.63446461977503,36.682356146201904],[-112.63625681144326,36.677780762859385]],[[-112.63662727495014,36.67683498647373],[-112.63717444814492,36.675438078338736]],[[-112.63733276977882,36.67245445674151],[-112.63637063957799,36.6685397694346]],[[-112.63623775204,36.667999080494866],[-112.633629,36.658828],[-112.627624,36.655089],[-112.630742,36.651766],[-112.625809,36.647495],[-112.629171,36.646304],[-112.62901483722842,36.63861069531869]],[[-112.62860707027937,36.636951585046255],[-112.624948,36.635142],[-112.62706961102562,36.63069601566454]],[[-112.62662058105369,36.628869015607776],[-112.622719,36.626753],[-112.62348537358571,36.616112574879914]],[[-112.62318337955213,36.61488383036177],[-112.618807,36.61414],[-112.62153504301182,36.60817712670954]],[[-112.62050367538733,36.60398072819212],[-112.62003404676634,36.60206991695269]],[[-112.62234961731255,36.59787770430657],[-112.62553812933541,36.59398570688262]],[[-112.62639204902514,36.59294338582224],[-112.62906551898612,36.58968006483536]],[[-112.62936332669311,36.589316551440994],[-112.626114,36.581854],[-112.627936,36.578146],[-112.634483,36.577435],[-112.633248,36.570072],[-112.642688,36.571625],[-112.641772,36.565603],[-112.6556687807878,36.55465481802074]],[[-112.6556687807878,36.552931598522136],[-112.65006,36.551199],[-112.6556687807878,36.54329747150503]],[[-112.6556687807878,36.52874089374045],[-112.6556687807878,36.51599639243325]],[[-112.65475980874147,36.51340826855578],[-112.65355398312563,36.512285928793034]],[[-112.65057639050481,36.50951449107294],[-112.64546709915201,36.50475894369582]],[[-112.6428488427102,36.50232196336043],[-112.6415835399437,36.50114426437304]],[[-112.62578131194336,36.48643611039811],[-112.62559834710494,36.48626581320867]],[[-112.62339927912682,36.48421899864411],[-112.625964,36.479781],[-112.623017,36.474736],[-112.629455,36.469162],[-112.628797,36.465876],[-112.64427225849998,36.458578809885644]],[[-112.64355004151278,36.456792641297746],[-112.64249759719601,36.45418976292125]],[[-112.64182549128816,36.45252752777364],[-112.64141547298203,36.451513480981845]],[[-112.63820638631653,36.44357684988716],[-112.6375902549138,36.442053049454515]],[[-112.631761906033,36.42763852601541],[-112.63049601811711,36.42450776438667]],[[-112.62999895312248,36.42327843595035],[-112.62845762118593,36.41946645321197]],[[-112.6276048489911,36.417357398822475],[-112.6269337544041,36.41569766484775]],[[-112.6267358267693,36.41520815528175],[-112.62564997868608,36.41252266356411]],[[-112.6251219664394,36.41121679717524],[-112.62451701970414,36.40972065837624]],[[-112.63014929105987,36.39742476959989],[-112.6311974629141,36.39596516880334]],[[-112.63237490873551,36.39432555135714],[-112.6351067588323,36.39052139408922]],[[-112.65046021150197,36.36914139647154],[-112.656626,36.357229],[-112.668424,36.346613],[-112.681571,36.341662],[-112.68760509085098,36.350040307302706]],[[-112.72642040398584,36.34241468040297],[-112.72058,36.322783],[-112.72796,36.317931],[-112.739037,36.319939],[-112.74731087011206,36.324795939678644]],[[-112.76018700574872,36.31393637848251],[-112.766148,36.305711],[-112.77320265783713,36.30295915097029]],[[-112.78926723990925,36.28941049654281],[-112.792436,36.285036],[-112.79882258105971,36.2839504079029]],[[-112.83409810757261,36.28310612535174],[-112.837735,36.278846],[-112.84616,36.277008],[-112.86498568295244,36.28236686378662]],[[-112.87988554718255,36.272476176580945],[-112.884328,36.263821],[-112.898245,36.254762],[-112.90346891026869,36.253919948470696]],[[-112.92987377524571,36.24645118119257],[-112.935314,36.242781],[-112.95212,36.239336],[-112.960414,36.236326],[-112.98183385910468,36.2317539739002]],[[-113.03114127518627,36.23078860127773],[-113.042166,36.223188],[-113.052759,36.209365],[-113.070984,36.203899],[-113.077972,36.199194],[-113.09118915530023,36.19446475370421]],[[-113.11823230711197,36.177725546672576],[-113.123226,36.172154],[-113.13613204363378,36.166645943321]],[[-113.13696277462914,36.166453102826445],[-113.13980754216088,36.16747440051916]],[[-113.15783134455292,36.17394511125087],[-113.15973199786185,36.17322548025263]],[[-113.16513729797978,36.17031465161167],[-113.166679,36.16694],[-113.180495,36.158844],[-113.196751,36.152949],[-113.20124146771467,36.1495975009529]],[[-113.20124146771467,36.14673584417448],[-113.20124146771467,36.14344358974441]],[[-113.20171590308783,36.1203507648132],[-113.21161157983381,36.110877061048214]],[[-113.21600800666364,36.10666810733242],[-113.218445,36.099377],[-113.224919,36.091144],[-113.23342861620789,36.08999035011941]],[[-113.24952067192108,36.09188164878807],[-113.255915,36.0885],[-113.27233118034754,36.09474136320607]],[[-113.29164480446542,36.09716267922065],[-113.300584,36.09573],[-113.30811424406389,36.09922742468777]],[[-113.3261390496579,36.07975311299993],[-113.331965,36.067199],[-113.34744,36.055039],[-113.3516384076187,36.04821926899173]],[[-111.49481178068581,33.99983839443434],[-111.49173195592476,33.99994369780564]],[[-111.45063234171431,34.00134894916613],[-111.4460867694509,34.001275878410944]],[[-111.4473013372432,33.97365994830799],[-111.44800202972314,33.95772812904521]],[[-111.44801350872015,33.957467128234114],[-111.44866443238382,33.942666914930186]],[[-111.44902388071606,33.93449404876222],[-111.44966599915999,33.91989404193041],[-111.43351402038216,33.91989404193041]],[[-111.40803737596924,33.91281448912213],[-111.40836821441293,33.911191243877084]],[[-111.40967216628096,33.904793457556124],[-111.41181928474212,33.89425870895283]],[[-111.41193876536927,33.89367248215967],[-111.4121251583674,33.89275795256467]],[[-111.41269529660099,33.88996059272235],[-111.4131399329746,33.887779002604894]],[[-111.39167896328166,33.85338532623824],[-111.3707015313153,33.82367935658356],[-111.37194574599229,33.82224996616522]],[[-111.37647649607854,33.81704490719829],[-111.3880957128674,33.80369640918269]],[[-111.38712156685787,33.78041109248968],[-111.38664836411698,33.77338921496694]],[[-111.38662186511047,33.772995994974536],[-111.3859429073253,33.76292090876203]],[[-111.38528488149464,33.75315643279768],[-111.38319835422891,33.748567206857345]],[[-111.33801743906383,33.71723506964134],[-111.33130809827563,33.68833048946672]],[[-111.223224631366,33.60274120524442],[-111.20943043227015,33.63328004491125]],[[-111.20179890912377,33.639460677634894],[-111.19904895319976,33.64155860397472]],[[-111.17558683629116,33.6594577246919],[-111.17080172213798,33.66310826211812]],[[-111.1529029181627,33.676763161814286],[-111.15175459774598,33.67763920918209],[-111.05497807401353,33.49383403179097]],[[-111.0403286868761,33.46600629056303],[-110.97587919209191,33.341746870158694],[-110.94716484014839,33.24982748326482],[-110.78205731647316,32.98437803887038],[-110.72821790657906,33.02733102340023],[-110.72462861258612,33.07028400793008],[-110.69232496664966,33.07715648545485],[-110.6779677906779,33.11151887307872],[-110.63130696876968,33.14244502194021],[-110.59182473484734,33.133854425034244],[-110.50568167901679,33.18625706616066],[-110.44825297512975,33.194847663066625]],[[-110.44825297512975,33.194847663066625],[-110.40518144721446,33.19742484213842],[-110.4446636811368,33.2575590204802],[-110.45184226912268,33.36322336242362],[-110.41594932919328,33.398444809738095],[-110.34775274332743,33.40875352602526],[-110.34057415534154,33.42679377952779],[-110.27596686346862,33.44053873457734],[-110.21494886558865,33.43796155550555],[-110.14316298572984,33.46545146560465],[-110.0570199298993,33.46631052529525],[-109.99959122601226,33.48864607725076]],[[-109.99959122601226,33.48864607725076],[-109.99959122601226,33.999786593155925]],[[-109.99959122601226,33.999786593155925],[-110.7497536705367,33.999786593155925]],[[-110.7497536705367,33.999786593155925],[-110.7497536705367,34.26351791816918]],[[-111.55375552495525,34.47141036329363],[-111.55375552495525,34.43962515474154]],[[-111.55375552495525,34.43962515474154],[-111.66143434474344,34.38636345392453],[-111.66502363873639,34.28585347012469],[-111.70091657866578,34.24032330652306],[-111.6937379906799,34.18104818787187],[-111.7116844606446,34.15098109870098],[-111.47838035110351,34.15098109870098],[-111.49273752707526,34.133799904889045],[-111.46402317513174,34.072806666856664],[-111.49273752707526,34.038444279232785],[-111.49632266858518,33.999831316543194]],[[-109.49638205788706,33.07700986940824],[-109.49574,33.078409],[-109.495829,33.210137],[-109.495528,33.324648],[-109.495607,33.378571],[-109.495555,33.640002],[-109.49544,33.652697],[-109.490861,33.655774],[-109.4817,33.654836],[-109.485415,33.662271],[-109.479806,33.663651],[-109.484011,33.672734],[-109.48203961624928,33.685145979126624]],[[-109.48203961624928,33.685145979126624],[-109.49709006700067,33.652726478154776]],[[-109.49709006700067,33.652726478154776],[-109.49709006700067,33.07801554514545],[-109.49638205788706,33.07700986940824]],[[-109.48139272888687,33.68653941018199],[-109.48036245315106,33.68875868093809]],[[-109.48036245315106,33.68875868093809],[-109.48139272888687,33.68653941018199]],[[-109.47911617734066,33.69140057076939],[-109.47518880829105,33.6937505067507]],[[-109.47518880829105,33.6937505067507],[-109.47911617734066,33.69140057076939]],[[-109.47047746138092,33.69656953482898],[-109.461597,33.693364],[-109.461738,33.696412],[-109.455263,33.700113],[-109.446842,33.708275],[-109.44965690606357,33.709027486061295]],[[-109.44965690606357,33.709027486061295],[-109.47047746138092,33.69656953482898]],[[-109.44659024890055,33.71086241624451],[-109.44175653000214,33.71306091449925]],[[-109.44175653000214,33.71306091449925],[-109.44659024890055,33.71086241624451]],[[-109.44050652703585,33.71322845251971],[-109.412471,33.708444],[-109.40979,33.715751],[-109.404466,33.7106],[-109.4031,33.715206],[-109.38537349928123,33.72061793764975]],[[-109.38537349928123,33.72061793764975],[-109.44050652703585,33.71322845251971]],[[-109.37111959580935,33.72252838973338],[-109.36772236668318,33.72298372068713]],[[-109.36772236668318,33.72298372068713],[-109.37111959580935,33.72252838973338]],[[-109.35446893543559,33.724760079380175],[-109.35327583287446,33.72665751984186]],[[-109.35327583287446,33.72665751984186],[-109.35446893543559,33.724760079380175]],[[-109.35316665226718,33.72745452228751],[-109.35294029476715,33.72910689889191]],[[-109.35294029476715,33.72910689889191],[-109.35316665226718,33.72745452228751]],[[-109.1988549002545,33.77771542169054],[-109.082014,33.777179],[-109.04842831788318,33.77742250839689]],[[-109.04842831788318,33.77742250839689],[-109.04842831788318,33.77814919298192]],[[-109.04842831788318,33.77814919298192],[-109.1988549002545,33.77771542169054]],[[-112.20341773767737,33.24685758610139],[-112.202087,33.246861],[-112.202146,33.029153],[-112.202982,33.029152],[-112.202984,32.992814],[-112.19921,32.992835],[-112.19696,32.978434],[-112.164727,32.978316],[-112.163852,32.974673],[-112.156541,32.971027],[-112.134532,32.971021],[-112.134505,32.982321],[-112.132582,32.985512],[-112.101383,32.985528],[-112.09834,32.984565],[-112.048011,32.985629],[-112.048017,32.955537],[-112.049662,32.923356],[-112.04927,32.879285],[-112.066517,32.879286],[-112.0665,32.850384],[-112.031913,32.850171],[-112.03205,32.879323],[-111.980524,32.879353],[-111.980315,32.864655],[-111.946845,32.86466],[-111.946861,32.879361],[-111.909921,32.879395],[-111.912034,32.872141],[-111.877606,32.872217]],[[-111.877606,32.872217],[-111.877584,32.879505],[-111.860604,32.879449],[-111.860686,32.894627],[-111.855918,32.890194],[-111.84336,32.890094],[-111.847329,32.894226],[-111.834471,32.894052],[-111.83449,32.88985],[-111.808929,32.889818],[-111.808969,32.912221],[-111.804652,32.908517],[-111.757262,32.90878],[-111.757317,32.901468],[-111.73996,32.899238],[-111.739957,32.894139],[-111.653639,32.894297],[-111.654091,32.850448],[-111.645373,32.850444],[-111.645313,32.865051],[-111.636628,32.86502],[-111.63672,32.854102],[-111.628051,32.854097],[-111.628047,32.85772],[-111.619346,32.857726],[-111.623649,32.865032],[-111.628034,32.865026],[-111.62781,32.879724],[-111.593214,32.879678],[-111.593273,32.872327],[-111.610573,32.872358],[-111.610703,32.860289],[-111.601988,32.865032],[-111.602092,32.85042],[-111.598001,32.853836],[-111.586757,32.853971],[-111.576125,32.8521],[-111.575074,32.843045],[-111.567635,32.843074],[-111.56768,32.835786],[-111.515267,32.835912],[-111.515335,32.816309],[-111.51115,32.816315],[-111.511169,32.810529],[-111.515347,32.810522],[-111.515417,32.791528],[-111.51153,32.791531],[-111.511496,32.778978],[-111.49837,32.777883],[-111.498267,32.792312],[-111.493927,32.792373],[-111.493895,32.799709],[-111.498282,32.799698],[-111.498305,32.806928],[-111.493239,32.806998],[-111.492422,32.821452],[-111.498174,32.821447],[-111.497982,32.850426],[-111.4571,32.850622],[-111.361475,32.849699],[-111.36173,32.806507],[-111.361251,32.762946],[-111.259647,32.762591],[-111.25976,32.78698],[-111.243394,32.787208],[-111.232686,32.782686],[-111.223546,32.781992],[-111.209075,32.787125],[-111.174799,32.787103],[-111.170683,32.786406],[-111.161017,32.773539],[-111.148395,32.770493],[-111.134213,32.773943],[-111.122877,32.770977],[-111.114657,32.772517],[-111.094963,32.772509],[-111.076674,32.769171],[-111.067775,32.772624],[-111.046861,32.773212],[-110.945063,32.771648],[-110.695865,32.77142],[-110.659194,32.772865],[-110.624734,32.771451],[-110.448533,32.771159],[-110.448483,32.947485],[-110.449361,32.947485],[-110.449387,32.987416],[-110.44825297512975,32.987414538830706]],[[-110.44825297512975,32.987414538830706],[-110.44825297512975,33.194847663066625]],[[-111.284757,33.465907],[-111.28608790378222,33.46591864455188]],[[-111.28608790378222,33.46591864455188],[-111.47681257434523,33.465614324952526]],[[-111.47681257434523,33.465614324952526],[-111.476843,33.393376],[-111.48979,33.393361],[-111.494109,33.38973],[-111.489796,33.382467],[-111.476826,33.382464],[-111.476886,33.36543],[-111.471888,33.360537],[-111.448559,33.343175],[-111.424073,33.320877],[-111.408527,33.30879],[-111.412046,33.307525],[-111.459484,33.307118],[-111.459516,33.292737],[-111.518097,33.292692],[-111.51486,33.28567],[-111.510652,33.26366],[-111.528791,33.263661],[-111.528792,33.249088],[-111.503914,33.249192],[-111.505619,33.246071],[-111.506372,33.232176],[-111.500999,33.218581],[-111.49376,33.205596],[-111.48775,33.19118],[-111.474584,33.176583],[-111.466122,33.153481],[-111.47412,33.14841],[-111.474316,33.160421],[-111.487685,33.162046],[-111.487425,33.152801],[-111.491785,33.152741],[-111.491763,33.147408],[-111.474129,33.147677],[-111.473896,33.133179],[-111.491214,33.132838],[-111.490931,33.123445],[-111.486108,33.118374],[-111.629957,33.118114],[-111.686032,33.117659],[-111.685911,33.204637],[-111.805715,33.204696],[-111.892899,33.203326],[-111.893085,33.20462536180933]],[[-111.893085,33.20462536180933],[-112.08497103591036,33.20429731966319],[-112.14957832778327,33.25412278171781],[-112.19264985569855,33.26529055769557],[-112.20341773767737,33.310820721297205],[-112.20341773767737,33.24685758610139]],[[-109.99959122601226,33.999786593155925],[-109.99959122601226,33.57712922538225]],[[-109.99959122601226,33.57712922538225],[-109.89191240622405,33.567679568785685]],[[-109.89191240622405,33.567679568785685],[-109.89191240622405,33.77814919298192],[-109.8596087602876,33.777290133291324],[-109.8596087602876,34.12606836767367],[-109.84884087830878,34.12606836767367],[-109.84884087830878,34.488591557105565],[-109.86678734827348,34.55989351142511],[-109.84884087830878,34.64751759986599],[-109.85243017230172,34.82276577674776],[-109.84525158431583,34.82276577674776],[-109.8416622903229,35.17068495143951],[-109.84525158431583,35.51774506644066],[-109.82730511435113,35.51774506644066],[-109.82730511435113,35.66206709446094],[-109.99959122601226,35.662926154151535],[-109.99959122601226,36.99790491333913]],[[-109.99959122601226,36.99790491333913],[-110.3533848048,36.99790491333913],[-110.469733,36.997657],[-110.490299,37.003628],[-110.57918018067626,37.00362628491562],[-110.7497536705367,37.003015119698674]],[[-110.7497536705367,37.003015119698674],[-110.7497536705367,33.999786593155925]],[[-111.893085,33.20462536180933],[-111.893596,33.291148]],[[-111.893596,33.291148],[-111.972455,33.290737],[-112.129597,33.290446],[-112.133789,33.29026],[-112.147914,33.304647]],[[-112.147914,33.304647],[-112.193372,33.348444],[-112.234948,33.38897],[-112.240561,33.384431],[-112.254401,33.383768],[-112.272517,33.381259]],[[-112.272517,33.381259],[-112.288518,33.379291],[-112.30232,33.383015],[-112.306131,33.380576],[-112.306184,33.246921],[-112.250684,33.246468],[-112.20341773767737,33.24685758610139]],[[-112.24289997159971,33.90546037187483],[-112.24289997159971,33.91217362554734]],[[-112.24289997159971,33.91217362554734],[-112.24289997159971,33.90546037187483]],[[-112.24289997159971,33.91547411462634],[-112.235051,33.916408],[-112.231565,33.936043],[-112.241371,33.940527],[-112.2369875727789,33.945615745241035]],[[-112.2369875727789,33.945615745241035],[-112.24289997159971,33.941370534195336],[-112.24289997159971,33.91547411462634]],[[-112.20214244949688,33.97063518434327],[-112.196491,33.974159],[-112.19399387434251,33.979949145945916]],[[-112.19399387434251,33.979949145945916],[-112.1962391496915,33.97487386212862],[-112.20214244949688,33.97063518434327]],[[-112.18642669894065,33.99705420296136],[-112.1855101614426,33.999125970209846]],[[-112.1855101614426,33.999125970209846],[-112.18642669894065,33.99705420296136]],[[-112.18478710017294,34.00076039832685],[-112.180383,34.004028],[-112.18179170197328,34.00753128102326]],[[-112.18179170197328,34.00753128102326],[-112.18478710017294,34.00076039832685]],[[-112.1789307231014,34.013998318474435],[-112.172484,34.0177],[-112.166247,34.012502],[-112.161128,34.017717],[-112.164774,34.026954],[-112.163331,34.037967],[-112.154145,34.041775],[-112.161478,34.04223],[-112.1639435950545,34.047875646027464]],[[-112.1639435950545,34.047875646027464],[-112.1789307231014,34.013998318474435]],[[-111.28608790378222,33.46591864455188],[-111.2867,33.465924]],[[-111.476812,33.465885],[-111.47681257434523,33.465614324952526]],[[-110.44825297512975,32.987414538830706],[-110.436061,32.981268],[-110.417414,32.981318],[-110.407591,32.995337],[-110.395138,33.006611],[-110.371725,33.006579],[-110.313193,32.997705],[-110.281533,32.988847],[-110.261093,32.989541],[-110.230373,32.989524],[-110.190936,32.971693],[-110.169364,32.966009],[-110.136748,32.958378],[-110.092959,32.895566],[-110.054755,32.875137],[-110.05644,32.974421],[-110.056472,32.999975],[-110.057342,33.035865],[-110.056585,33.051623],[-110.056969,33.146192],[-110.056753,33.304291],[-110.049813,33.301543],[-110.049338,33.296255],[-110.044653,33.290348],[-110.046686,33.283324],[-110.042591,33.273947],[-110.03859,33.274541],[-110.019624,33.264894],[-110.021341,33.263061],[-110.015844,33.251987],[-110.022393,33.245531],[-110.014026,33.243837],[-110.01142,33.239627],[-110.00064,33.235673],[-109.999248,33.241599],[-109.991281,33.245677],[-109.989035,33.250055],[-109.977339,33.247826],[-109.96952,33.239901],[-109.957945,33.23216],[-109.953746,33.232211],[-109.951793,33.222105],[-109.945911,33.21606],[-109.94942,33.214799],[-109.943073,33.199755],[-109.951401,33.190722],[-109.938866,33.181669],[-109.934348,33.181417],[-109.927319,33.176487],[-109.925875,33.170155],[-109.916877,33.169143],[-109.90972,33.162661],[-109.903535,33.16393],[-109.892921,33.160024],[-109.893866,33.146065],[-109.88862,33.144162],[-109.881135,33.154031],[-109.873563,33.154429],[-109.873916,33.159017],[-109.866129,33.158304],[-109.849634,33.161909],[-109.839424,33.157154],[-109.833045,33.157919],[-109.834852,33.147891],[-109.831402,33.139165],[-109.83333,33.135278],[-109.824926,33.131292],[-109.81746,33.118771],[-109.806739,33.117855],[-109.808465,33.122042],[-109.799468,33.124876],[-109.795161,33.123657],[-109.79064,33.117537],[-109.780209,33.120713],[-109.770202,33.125869],[-109.766979,33.123009],[-109.77506,33.100794],[-109.766528,33.093815],[-109.763462,33.087442],[-109.764223,33.080733],[-109.760266,33.071249],[-109.74724,33.071587],[-109.740316,33.07781],[-109.733607,33.072781],[-109.737653,33.065382],[-109.739416,33.05569],[-109.731098,33.055639],[-109.731524,33.051769],[-109.724898,33.046515],[-109.720333,33.04849],[-109.714115,33.046357],[-109.713302,33.040162],[-109.707831,33.044455],[-109.701254,33.044174],[-109.694396,33.035314],[-109.677476,33.02174],[-109.665691,33.014879],[-109.646343,33.018904],[-109.644256,33.015545],[-109.63059,33.025574],[-109.62031,33.028169],[-109.616147,33.024344],[-109.603742,33.022592],[-109.600934,33.018561],[-109.593709,33.016458],[-109.561174,33.051381],[-109.521108,33.051391],[-109.515875,33.047995],[-109.518208,33.036243],[-109.514694,33.036482],[-109.49638205788706,33.07700986940824]],[[-109.49709006700067,33.652726478154776],[-109.52939371293712,33.622659388983884],[-109.60117959279592,33.61320973238732],[-109.62271535675356,33.583142643216426],[-109.6621975906759,33.584001702907024],[-109.68373335463355,33.54362589744897],[-109.73039417654176,33.52129034549345],[-109.74834064650646,33.48520983848838],[-109.81294793837938,33.483491719107185],[-109.83448370233701,33.535035300543],[-109.89191240622405,33.567679568785685]],[[-109.99959122601226,33.57712922538225],[-109.99959122601226,33.48864607725076]],[[-109.48203961624928,33.685145979126624],[-109.48139272888687,33.68653941018199]],[[-109.48036245315106,33.68875868093809],[-109.47911617734066,33.69140057076939]],[[-109.47518880829105,33.6937505067507],[-109.47047746138092,33.69656953482898]],[[-109.44965690606357,33.709027486061295],[-109.44659024890055,33.71086241624451]],[[-109.44175653000214,33.71306091449925],[-109.44050652703585,33.71322845251971]],[[-109.38537349928123,33.72061793764975],[-109.378472,33.724641],[-109.37111959580935,33.72252838973338]],[[-109.36772236668318,33.72298372068713],[-109.361565,33.727893],[-109.35446893543559,33.724760079380175]],[[-109.35327583287446,33.72665751984186],[-109.35316665226718,33.72745452228751]],[[-109.35294029476715,33.72910689889191],[-109.35753,33.734739],[-109.364621,33.738756],[-109.36204,33.745639],[-109.362758,33.752142],[-109.354401,33.765765],[-109.354545,33.770645],[-109.348581,33.778123],[-109.1988549002545,33.77771542169054]],[[-109.04842831788318,33.77814919298192],[-109.04670708880646,33.8247004514948],[-109.04689074448781,33.946426304880845],[-109.04842831788318,33.999786593155925],[-109.04648144146982,34.31431253070408],[-109.046241,34.535555],[-109.045957,34.682435],[-109.046086,34.771016],[-109.045363,34.785406],[-109.046104,34.799981],[-109.045958,35.073822],[-109.046146,35.277412],[-109.04657904147955,35.32921874501358],[-109.04842831788318,35.34249688955889],[-109.04677613517289,35.43621439675021],[-109.046284,35.61419],[-109.046335,35.769972],[-109.046879,35.783723],[-109.04601,35.870711],[-109.046196,36.07334],[-109.045811,36.328954],[-109.045373,36.704224],[-109.045278,36.951702],[-109.04517389307865,36.99876347829262],[-109.6263046507465,36.99790491333913],[-109.99959122601226,36.99790491333913]],[[-113.33404534545345,34.561312182766244],[-113.333473,34.56131],[-113.333092,34.47846],[-113.333243,34.37503],[-113.333742,34.250021],[-113.333424,34.249105],[-113.333227,34.125024],[-113.333627,34.122249],[-113.333313,34.000039],[-113.037342,34.000036],[-112.948186,33.99991],[-112.743951,33.999898],[-112.494322,33.937571],[-112.427932,33.920704]],[[-112.427932,33.920704],[-112.276168,33.882469],[-112.277604,33.890439],[-112.256737,33.9054],[-112.24289997159971,33.90546037187483]],[[-112.24289997159971,33.91217362554734],[-112.24289997159971,33.91547411462634]],[[-112.2369875727789,33.945615745241035],[-112.240348,33.956643],[-112.229231,33.954186],[-112.221937,33.960672],[-112.214511,33.963738],[-112.215008,33.967145],[-112.20214244949688,33.97063518434327]],[[-112.19399387434251,33.979949145945916],[-112.193374,33.990303],[-112.18642669894065,33.99705420296136]],[[-112.1855101614426,33.999125970209846],[-112.18478710017294,34.00076039832685]],[[-112.18179170197328,34.00753128102326],[-112.1789307231014,34.013998318474435]],[[-112.1639435950545,34.047875646027464],[-112.164355,34.048165],[-111.996196,34.029866]],[[-111.55375552495525,34.43962515474154],[-111.55375552495525,34.80214834417344]],[[-113.33404534545345,35.528053782727824],[-113.33404534545345,35.499964]],[[-113.33404534545345,35.499964],[-113.333048,35.499964],[-113.332933,35.411005],[-113.333194,35.360786],[-113.332863,35.236397],[-113.332929,35.081213],[-113.332863,34.843731],[-113.333096,34.677323],[-113.33394,34.677323],[-113.33404534545345,34.63126412556844]],[[-112.312825,33.493133],[-112.272444,33.493799],[-112.272422,33.464734],[-112.238186,33.46533],[-112.238365,33.451799],[-112.221152,33.451777],[-112.22097,33.437146],[-112.238234,33.437054],[-112.255144,33.435688],[-112.272355,33.435591],[-112.272517,33.381259]],[[-112.147914,33.304647],[-112.083615,33.305142],[-112.08362,33.319706],[-112.031824,33.319673],[-112.031807,33.323304],[-112.02238,33.323317],[-112.022321,33.326849],[-112.014507,33.326838],[-112.014494,33.334212],[-112.018005,33.334221],[-112.014432,33.341477],[-111.997183,33.341491],[-111.997158,33.352429],[-111.989127,33.356168],[-111.978735,33.364233],[-111.969294,33.363645],[-111.970114,33.359844],[-111.962975,33.359951],[-111.962974,33.35643],[-111.957023,33.356407],[-111.957204,33.367291],[-111.963403,33.378093],[-111.97818,33.378186],[-111.97848,33.434583],[-111.981407,33.45114]],[[-112.09964,33.53139],[-112.134256,33.531221],[-112.138575,33.532677],[-112.138601,33.538494],[-112.203061,33.538323]],[[-112.203061,33.538323],[-112.203164,33.509257],[-112.272481,33.508207],[-112.272388,33.522773],[-112.294379,33.522128],[-112.298661,33.515132],[-112.306464,33.514807],[-112.30642,33.507892],[-112.312825,33.493133]],[[-111.893596,33.291148],[-111.887614,33.291284],[-111.874894,33.287283],[-111.840179,33.287354],[-111.824358,33.282642],[-111.824186,33.338858],[-111.833098,33.338818],[-111.83304,33.361329],[-111.841829,33.361313],[-111.84107,33.378791],[-111.72726,33.379241],[-111.728013,33.385802],[-111.718103,33.385804],[-111.718169,33.379289],[-111.688142,33.379348],[-111.684836,33.384845],[-111.684732,33.39398],[-111.667522,33.393395],[-111.667487,33.407887],[-111.650136,33.407854],[-111.650057,33.415158],[-111.637046,33.415131],[-111.636207,33.427237],[-111.640507,33.432114],[-111.652683,33.437759],[-111.663294,33.445512],[-111.675139,33.457108],[-111.683921,33.472567],[-111.683886,33.480814]],[[-111.47681257434523,33.465614324952526],[-111.57888058290582,33.46545146560465],[-111.58246987689876,33.20515637935379],[-111.893085,33.20462536180933]],[[-111.05269585409653,31.726161241511157],[-111.0452497050654,31.72618196427043]],[[-111.0452497050654,31.72618196427043],[-111.05269585409653,31.726161241511157]],[[-110.86278474965029,31.726689767341696],[-110.86155649631685,31.726693185591593]],[[-110.86155649631685,31.726693185591593],[-110.86278474965029,31.726689767341696]],[[-110.85701321142048,31.726705829630657],[-110.855766,31.726709300641232]],[[-110.855766,31.726709300641232],[-110.85701321142048,31.726705829630657]],[[-110.85384319633195,31.731697121241794],[-110.62411093121086,31.731378081439296]],[[-110.62411093121086,31.731378081439296],[-110.85384319633195,31.731869009980095],[-110.85384319633195,31.731697121241794]],[[-110.4608048240324,31.542446253713866],[-110.45902793854364,31.613893094736436]],[[-110.45902793854364,31.613893094736436],[-110.460752,31.613883],[-110.4608048240324,31.542446253713866]],[[-110.45224683116686,31.61417783236832],[-110.45184226912268,31.61417783236832],[-110.45184226912268,31.731009950289497]],[[-110.45184226912268,31.731009950289497],[-110.4523,31.731010928441833]],[[-110.4523,31.731010928441833],[-110.45224683116686,31.61417783236832]],[[-111.4656938205299,32.504289562932726],[-111.465685,32.501342],[-111.351577,32.50139],[-111.342747,32.499399],[-111.3385,32.493584],[-111.338507,32.471612],[-111.328774,32.464243],[-111.324948,32.463508],[-111.313187,32.451104],[-111.304257,32.451133],[-111.304151,32.393258],[-111.269958,32.393432],[-111.269961,32.394615],[-111.251156,32.395163],[-111.245091,32.401218],[-111.233968,32.402492],[-111.233773,32.36584],[-111.216437,32.365894],[-111.216476,32.369938],[-111.18245,32.37003],[-111.182466,32.380761],[-111.173961,32.380788],[-111.173995,32.388145],[-111.165448,32.388158],[-111.169289,32.380892],[-111.158838,32.380876],[-111.148637,32.378147],[-111.138877,32.378292],[-111.139997,32.362807],[-111.148593,32.362797],[-111.14843,32.351987],[-111.139932,32.352026],[-111.139971,32.344872],[-111.135515,32.344894],[-111.135591,32.337588],[-111.131479,32.337591],[-111.131261,32.330488],[-111.12262,32.330399],[-111.12253,32.315913],[-111.110382,32.314684],[-111.105348,32.308653],[-111.054498,32.308632],[-111.054428,32.312351],[-111.043016,32.315406],[-111.040242,32.311903],[-111.031739,32.310486],[-111.021319,32.305337],[-111.012033,32.302944],[-110.9918,32.292827],[-110.978157,32.294186],[-110.978058,32.282815],[-110.961075,32.281486],[-110.960984,32.264811],[-110.926737,32.264946],[-110.926814,32.236007],[-110.90968,32.236189],[-110.909595,32.22157],[-110.860958,32.22154],[-110.829477,32.220983],[-110.826418,32.208079],[-110.810276,32.191828],[-110.876857,32.192296],[-110.886564,32.195315],[-110.909282,32.195151],[-110.9084,32.163131],[-110.909218,32.163128],[-110.909509,32.13425],[-110.884396,32.134298],[-110.875016,32.14157],[-110.857954,32.141551],[-110.857976,32.075671],[-110.858641,32.068904],[-110.858892,31.963065],[-110.874901,31.957561],[-110.910452,31.957619],[-110.910223,31.942932],[-110.93244,31.943023],[-110.93286,31.950367],[-110.944351,31.95031],[-110.944948,31.939457],[-110.948733,31.939457],[-110.94843,31.921115],[-110.959024,31.921452],[-110.960829,31.902801],[-110.96371,31.895564],[-110.968821,31.899439],[-110.997438,31.89962],[-111.011733,31.890725],[-111.018062,31.881401],[-111.01811,31.853136],[-111.009123,31.852785],[-111.022167,31.828416],[-111.022583,31.825429],[-111.050188,31.769772],[-111.039617,31.758176],[-111.045749,31.746405],[-111.05804,31.72623],[-111.05269585409653,31.726161241511157]],[[-111.0452497050654,31.72618196427043],[-110.965491,31.726686],[-110.86278474965029,31.726689767341696]],[[-110.86155649631685,31.726693185591593],[-110.85701321142048,31.726705829630657]],[[-110.855766,31.726709300641232],[-110.85384319633195,31.731697121241794]],[[-110.62411093121086,31.731378081439296],[-110.4523,31.731219],[-110.4523,31.731010928441833]],[[-110.45184226912268,31.731009950289497],[-110.44825297512975,32.24988200341003],[-110.45184226912268,32.42770735936359]],[[-110.45184226912268,32.42770735936359],[-110.45184226912268,32.513613328423276]],[[-110.45184226912268,32.513613328423276],[-110.84666460834607,32.513613328423276],[-110.8574324903249,32.51103614935149],[-111.15893318573185,32.51103614935149],[-111.15893318573185,32.501586492754925],[-111.3527550613506,32.501586492754925],[-111.4656938205299,32.504289562932726]],[[-109.49638205788706,33.07700986940824],[-109.33198254332542,32.84349224961249],[-109.31762536735367,32.84263318992189],[-109.24583948749486,32.74212320612205],[-109.21353584155841,32.68027090839908],[-109.20994654756547,32.58405622305222],[-109.22430372353723,32.529076402854024],[-109.1130356097561,32.42598923998239]],[[-109.1130356097561,32.42598923998239],[-109.04842831788318,32.42598923998239]],[[-109.04842831788318,32.42598923998239],[-109.04842831788318,33.77742250839689]],[[-109.1988549002545,33.77771542169054],[-109.34633971929719,33.777290133291324],[-109.35294029476715,33.72910689889191]],[[-109.35316665226718,33.72745452228751],[-109.35327583287446,33.72665751984186]],[[-109.35446893543559,33.724760079380175],[-109.36772236668318,33.72298372068713]],[[-109.37111959580935,33.72252838973338],[-109.38537349928123,33.72061793764975]],[[-109.44050652703585,33.71322845251971],[-109.44175653000214,33.71306091449925]],[[-109.44659024890055,33.71086241624451],[-109.44965690606357,33.709027486061295]],[[-109.47047746138092,33.69656953482898],[-109.47518880829105,33.6937505067507]],[[-109.47911617734066,33.69140057076939],[-109.48036245315106,33.68875868093809]],[[-109.48139272888687,33.68653941018199],[-109.48203961624928,33.685145979126624]],[[-111.877606,32.872217],[-111.843376,32.872124],[-111.843338,32.850236],[-111.825979,32.850102],[-111.825943,32.82786],[-111.808928,32.828197],[-111.757356,32.827863],[-111.757294,32.799278],[-111.73993,32.799381],[-111.74008,32.763622],[-111.722806,32.762925],[-111.722864,32.740969],[-111.694674,32.719324],[-111.714276,32.719146],[-111.714633,32.689975],[-111.688872,32.689931],[-111.688952,32.675365],[-111.671957,32.675379],[-111.67203,32.646126],[-111.585967,32.646428],[-111.531354,32.646884],[-111.499602,32.646648],[-111.499542,32.617649],[-111.482752,32.617753],[-111.482391,32.614353],[-111.465457,32.614796],[-111.4658,32.586999],[-111.4656938205299,32.504289562932726]],[[-110.45184226912268,32.513613328423276],[-110.44825297512975,32.51962674625746],[-110.44825297512975,32.987414538830706]],[[-110.45184226912268,32.42770735936359],[-110.17187733767337,32.42598923998239],[-109.22789301753016,32.4242711206012],[-109.1130356097561,32.42598923998239]],[[-109.494488,31.333985],[-109.27814313343133,31.334124373233728],[-109.05003319479843,31.332418257301793],[-109.05004,31.471199],[-109.050431,31.528407],[-109.049983,31.586166],[-109.049186,31.797381],[-109.048981,31.935055],[-109.04842831788318,32.20628901045903],[-109.04842831788318,32.42598923998239]],[[-110.45224683116686,31.61417783236832],[-110.45902793854364,31.613893094736436]],[[-110.4608048240324,31.542446253713866],[-110.460916,31.46985],[-110.459944,31.468486],[-110.459904,31.399877],[-110.457908,31.403947],[-110.446072,31.409517],[-110.43951,31.422767],[-110.433203,31.417199],[-110.429168,31.418892],[-110.424241,31.408786],[-110.421151,31.41004],[-110.404941,31.383076],[-110.396924,31.376153],[-110.379578,31.378113],[-110.366942,31.377321],[-110.363067,31.380106],[-110.35475,31.374035],[-110.346787,31.373943],[-110.341327,31.368525],[-110.328764,31.372265],[-110.319943,31.366304],[-110.300549,31.362565],[-110.289177,31.356432],[-110.286375,31.367572],[-110.272384,31.361254],[-110.264693,31.361137],[-110.244971,31.354363],[-110.239112,31.347777],[-110.235217,31.349982],[-110.220877,31.348494],[-110.207063,31.351704],[-110.207083,31.379941],[-110.215737,31.380215],[-110.224938,31.384067],[-110.239884,31.399135],[-110.240744,31.409077],[-110.122333,31.409092],[-110.122326,31.394478],[-110.106506,31.394408],[-110.1061,31.38888],[-110.111132,31.379977],[-110.079561,31.379991],[-110.068778,31.380986],[-110.037489,31.37985],[-110.037557,31.423354],[-110.003629,31.423475],[-110.004691,31.436145],[-110.003542,31.468519],[-110.053208,31.468642],[-110.05337,31.553073],[-110.003647,31.553955],[-109.95776,31.553135],[-109.851943,31.553227],[-109.851929,31.557056],[-109.824466,31.518716],[-109.823771,31.478328],[-109.822821,31.47884],[-109.822412,31.457832],[-109.826454,31.442432],[-109.817076,31.437961],[-109.732061,31.437553],[-109.699122,31.43769],[-109.630196,31.436959],[-109.630093,31.451964],[-109.647016,31.45214],[-109.646475,31.466053],[-109.587801,31.465739],[-109.544896,31.466083],[-109.502928,31.465433],[-109.503021,31.458713],[-109.494784,31.458591],[-109.482835,31.454884],[-109.479829,31.451528],[-109.48786,31.445521],[-109.4897,31.429884],[-109.48528,31.428132],[-109.492275,31.418029],[-109.478589,31.41734],[-109.475093,31.40881],[-109.468509,31.403991],[-109.468944,31.399868],[-109.464437,31.387054],[-109.468662,31.376833],[-109.479004,31.370305],[-109.477517,31.353153],[-109.482742,31.350252],[-109.480271,31.345511],[-109.487042,31.334057],[-109.494488,31.333985]],[[-111.36711223732237,31.426297602168106],[-111.252667,31.389628],[-111.07517852047407,31.332406253852533],[-110.941523,31.33274],[-110.847748,31.333738],[-110.598854,31.332947],[-110.45903313708129,31.33287650698128]],[[-110.45903313708129,31.33287650698128],[-110.4626101511015,31.469855804348036],[-110.4608048240324,31.542446253713866]],[[-110.45902793854364,31.613893094736436],[-110.45224683116686,31.61417783236832]],[[-110.4523,31.731010928441833],[-110.62411093121086,31.731378081439296]],[[-110.85384319633195,31.731697121241794],[-110.855766,31.726709300641232]],[[-110.85701321142048,31.726705829630657],[-110.86155649631685,31.726693185591593]],[[-110.86278474965029,31.726689767341696],[-111.0452497050654,31.72618196427043]],[[-111.05269585409653,31.726161241511157],[-111.16252247972479,31.72585559214592],[-111.16252247972479,31.52139938578385],[-111.36711223732237,31.52139938578385],[-111.36711223732237,31.426297602168106]],[[-113.33404534545345,32.0390123929932],[-113.237547,32.008629],[-113.155326,31.982507],[-113.033228,31.945637],[-112.869126,31.895783],[-112.663422,31.832875],[-112.45846275145932,31.76972183111621],[-112.36493596735967,31.74131866657666],[-112.26643008914355,31.710194500449536],[-112.07593,31.650798],[-111.858851,31.582477],[-111.657064,31.518657],[-111.506263,31.470723],[-111.36711223732237,31.426297602168106]],[[-111.4656938205299,32.504289562932726],[-111.568112700927,32.5067408508985],[-112.20341773767737,32.5067408508985]],[[-112.20341773767737,32.5067408508985],[-113.10791982389823,32.50502273151731],[-113.33404534545345,32.50502273151731]],[[-113.33404534545345,32.50502273151731],[-113.33404534545345,32.0390123929932]],[[-112.20341773767737,33.24685758610139],[-112.20341773767737,32.5067408508985]],[[-113.33404534545345,32.0390123929932],[-113.33404534545345,32.767853744658744]],[[-113.33404534545345,32.767853744658744],[-113.479983,32.767659],[-113.616936,32.766958],[-113.720451,32.727618],[-113.735924,32.72494],[-113.74726,32.725707],[-113.747106,32.694294],[-113.750757,32.693877],[-113.815354,32.694031],[-113.815366,32.679223],[-113.884429,32.679131],[-113.884038,32.664937],[-113.918671,32.664409],[-113.970276,32.664401],[-113.970142,32.649819],[-114.022072,32.649656],[-114.021964,32.642366],[-114.039025,32.642311],[-114.038887,32.634841],[-114.09059,32.634749],[-114.090526,32.627329],[-114.116147,32.626844],[-114.116169,32.619804],[-114.220446,32.619846],[-114.265308,32.620212],[-114.357997,32.619808],[-114.358174,32.626922],[-114.458031,32.626785],[-114.542238,32.626382],[-114.54217,32.619128],[-114.546487,32.619073],[-114.546349,32.5972],[-114.554485,32.597043],[-114.554381,32.581848],[-114.563187,32.581861],[-114.562893,32.552978],[-114.631995,32.552798],[-114.632651,32.625826],[-114.684249,32.625554],[-114.684601,32.683791],[-114.667461,32.683799],[-114.667355,32.669285],[-114.640883,32.669468],[-114.636232,32.67803],[-114.638567,32.683982],[-114.628926,32.683992],[-114.628893,32.680282],[-114.598846,32.680056],[-114.598885,32.692113],[-114.606533,32.696337],[-114.610152,32.70274],[-114.612784,32.719694],[-114.607943,32.716977],[-114.599033,32.716964],[-114.599082,32.720961],[-114.589641,32.72461],[-114.573801,32.720792],[-114.558419,32.719486],[-114.551568,32.720318],[-114.540353,32.726742],[-114.533685,32.73402],[-114.526954,32.746744],[-114.52625842300907,32.75658596970673]],[[-114.52625842300907,32.75658596970673],[-114.53906549258834,32.75339812308789],[-114.539224,32.749812],[-114.55420212833042,32.749630417074236],[-114.56446777045905,32.74707516488735],[-114.564508,32.742274],[-114.581736,32.74232],[-114.581784,32.734946],[-114.61493014898683,32.73451442085665],[-114.61567,32.728454],[-114.654247,32.73357],[-114.665921,32.734028],[-114.689618,32.738171],[-114.70156635676356,32.74555944488444],[-114.72989087046759,32.70387923177303],[-114.731786,32.695442],[-114.744497,32.678467],[-114.748195,32.66368],[-114.751313,32.659574],[-114.764548,32.649832],[-114.763784,32.643403],[-114.77777963732142,32.63443498583601],[-114.781561,32.625615],[-114.790699,32.622109],[-114.79517716620558,32.623434551329595],[-114.80924517655176,32.61670049129491],[-114.807826,32.603221],[-114.801753,32.599362],[-114.799402,32.592618],[-114.803918,32.581774],[-114.801356,32.57894],[-114.804165,32.573165],[-114.81255439766478,32.569178859390824],[-114.8128344705447,32.56515690985909],[-114.80595706965761,32.55956039622011],[-114.79183,32.568782],[-114.791408,32.556461],[-114.79488800058,32.55055289511895],[-114.80554576042975,32.5168820381091],[-114.80333,32.510861],[-114.80814619853125,32.508666523712755],[-114.8128344705447,32.49385495553955],[-114.779885,32.484385],[-114.718086,32.465837],[-114.571008,32.421332],[-114.409719,32.372376],[-114.277434,32.331982],[-114.115175,32.282239],[-113.859174,32.20328],[-113.654776,32.139649],[-113.57252361981921,32.11391239897951],[-113.4919742811428,32.08923784126841],[-113.37520424002123,32.05197426962295],[-113.33404534545345,32.0390123929932]],[[-112.312825,33.493133],[-112.34167,33.493326],[-112.358008,33.486084],[-112.355337,33.478867],[-112.340938,33.478797],[-112.341104,33.449871],[-112.35394,33.449834],[-112.349798,33.446216],[-112.353941,33.442581],[-112.356337,33.435333],[-112.353739,33.428041],[-112.357922,33.424732],[-112.357365,33.391956],[-112.366236,33.391841],[-112.361976,33.387498],[-112.361859,33.377197],[-112.344908,33.37698],[-112.340678,33.375618],[-112.340677,33.362689],[-112.357869,33.362783],[-112.357943,33.188749],[-112.461204,33.188793],[-112.460999,33.217852],[-112.496003,33.217936],[-112.495926,33.130958],[-112.598962,33.131229],[-112.63402,33.130916],[-112.634031,33.115926],[-112.692687,33.116295],[-112.828276,33.11652],[-112.82843,33.203467],[-112.922001,33.203436],[-112.922001,33.205046],[-112.999519,33.203581],[-113.026578,33.204394],[-113.033305,33.199536],[-113.050314,33.181192],[-113.058237,33.175626],[-113.09013,33.14762],[-113.091857,33.141602],[-113.099377,33.139195],[-113.146485,33.096942],[-113.171926,33.091257],[-113.184862,33.091262],[-113.195936,33.087905],[-113.262678,33.057077],[-113.269953,33.053227],[-113.333786,33.023476],[-113.333791,32.811455],[-113.33404534545345,32.767853744658744]],[[-113.33404534545345,32.767853744658744],[-113.33404534545345,32.50502273151731]],[[-110.45903313708129,31.33287650698128],[-110.156498,31.334125],[-109.494488,31.333985]],[[-111.99619390648766,34.02946572044223],[-112.1639435950545,34.047875646027464]],[[-112.1789307231014,34.013998318474435],[-112.18179170197328,34.00753128102326]],[[-112.18478710017294,34.00076039832685],[-112.1855101614426,33.999125970209846]],[[-112.18642669894065,33.99705420296136],[-112.19399387434251,33.979949145945916]],[[-112.20214244949688,33.97063518434327],[-112.2369875727789,33.945615745241035]],[[-112.24289997159971,33.91547411462634],[-112.24289997159971,33.91217362554734]],[[-112.24289997159971,33.90546037187483],[-112.27520361753616,33.88209541554415],[-112.42793350516114,33.920323946812935]],[[-112.42793350516114,33.920323946812935],[-112.428038,33.898202],[-112.429583,33.898184],[-112.429747,33.829038],[-112.447123,33.832182],[-112.44711,33.782202],[-112.394843,33.782119],[-112.394633,33.753049],[-112.360188,33.753148],[-112.360193,33.738526],[-112.351327,33.73851],[-112.351328,33.731273],[-112.342659,33.731281],[-112.342647,33.72069],[-112.328458,33.724915],[-112.30577,33.724944],[-112.308048,33.714073],[-112.310786,33.713754],[-112.316981,33.701214],[-112.3243,33.698285],[-112.352814,33.698379],[-112.361558,33.696281],[-112.375882,33.695606],[-112.39224,33.690911],[-112.401644,33.682258],[-112.410543,33.685566],[-112.417614,33.681702],[-112.432922,33.666861],[-112.436228,33.65922],[-112.451323,33.653291],[-112.46033,33.638445],[-112.426916,33.638953],[-112.307681,33.638753],[-112.307526,33.623456],[-112.303195,33.623408],[-112.304645,33.606814],[-112.298693,33.605191],[-112.298692,33.580006],[-112.302855,33.579353],[-112.302801,33.571285],[-112.300217,33.565504],[-112.307179,33.565372],[-112.306762,33.550728],[-112.220298,33.552418],[-112.220454,33.537925],[-112.203061,33.538323]],[[-112.427932,33.920704],[-112.42793350516114,33.920323946812935]],[[-114.13804719987199,34.303034663936636],[-114.08779708397083,34.29873936548365],[-114.03395767407673,34.25922261971619],[-113.92627885428854,34.24891390342903],[-113.8509036804368,34.25063202281022],[-113.84013579845798,34.22486023209232],[-113.73963556665566,34.24032330652306],[-113.67861756877568,34.21025621735217],[-113.58529592495924,34.24290048559485],[-113.53504580905809,34.30904808177081],[-113.36275969739697,34.29444406703067],[-113.33404534545345,34.31763867867678]],[[-113.33404534545345,34.31763867867678],[-113.33404534545345,34.561312182766244]],[[-113.33404534545345,34.63126412556844],[-113.33404534545345,35.499964]],[[-113.33404534545345,35.8029956575279],[-113.33404534545345,35.82013407753077],[-113.32707477196338,35.83777074388553]],[[-113.32411253271725,35.84526568319312],[-113.31273704157638,35.874047496075384]],[[-113.30960256476557,35.8844976460156],[-113.32008523091804,35.89668380783921]],[[-113.3233839100332,35.90051854195331],[-113.33130480597859,35.909726630656564]],[[-113.32980750812642,35.92447533552699],[-113.32835821135404,35.92842969808637]],[[-113.32716451000053,35.931686676249406],[-113.32542515584753,35.936432451629024]],[[-113.31844604730024,35.96404575685002],[-113.34122393343932,35.98507353812538],[-113.34552774583824,36.01116869902934]],[[-113.3516384076187,36.04821926899173],[-113.35199181541815,36.05036207461074],[-113.3261390496579,36.07975311299993]],[[-113.30811424406389,36.09922742468777],[-113.29164480446542,36.09716267922065]],[[-113.27233118034754,36.09474136320607],[-113.24952067192108,36.09188164878807]],[[-113.23342861620789,36.08999035011941],[-113.21600800666364,36.10666810733242]],[[-113.21161157983381,36.110877061048214],[-113.20171590308783,36.1203507648132]],[[-113.20124146771467,36.14344358974441],[-113.20124146771467,36.14673584417448]],[[-113.20124146771467,36.1495975009529],[-113.20124146771467,36.15087205841058],[-113.16513729797978,36.17031465161167]],[[-113.15973199786185,36.17322548025263],[-113.15783134455292,36.17394511125087]],[[-113.13980754216088,36.16747440051916],[-113.13696277462914,36.166453102826445]],[[-113.13613204363378,36.166645943321],[-113.11823230711197,36.177725546672576]],[[-113.09118915530023,36.19446475370421],[-113.03254465004649,36.23076460963609],[-113.03114127518627,36.23078860127773]],[[-112.98183385910468,36.2317539739002],[-112.92987377524571,36.24645118119257]],[[-112.90346891026869,36.253919948470696],[-112.87988554718255,36.272476176580945]],[[-112.86498568295244,36.28236686378662],[-112.83409810757261,36.28310612535174]],[[-112.79882258105971,36.2839504079029],[-112.78926723990925,36.28941049654281]],[[-112.77320265783713,36.30295915097029],[-112.76018700574872,36.31393637848251]],[[-112.74731087011206,36.324795939678644],[-112.72642040398584,36.34241468040297]],[[-112.68760509085098,36.350040307302706],[-112.66284736877368,36.351892026010255],[-112.65046021150197,36.36914139647154]],[[-112.6351067588323,36.39052139408922],[-112.63237490873551,36.39432555135714]],[[-112.6311974629141,36.39596516880334],[-112.63014929105987,36.39742476959989]],[[-112.62451701970414,36.40972065837624],[-112.6251219664394,36.41121679717524]],[[-112.62564997868608,36.41252266356411],[-112.6267358267693,36.41520815528175]],[[-112.6269337544041,36.41569766484775],[-112.6276048489911,36.417357398822475]],[[-112.62845762118593,36.41946645321197],[-112.62999895312248,36.42327843595035]],[[-112.63049601811711,36.42450776438667],[-112.631761906033,36.42763852601541]],[[-112.6375902549138,36.442053049454515],[-112.63820638631653,36.44357684988716]],[[-112.64141547298203,36.451513480981845],[-112.64182549128816,36.45252752777364]],[[-112.64249759719601,36.45418976292125],[-112.64355004151278,36.456792641297746]],[[-112.64427225849998,36.458578809885644],[-112.64490089880898,36.460133547025464],[-112.62339927912682,36.48421899864411]],[[-112.62559834710494,36.48626581320867],[-112.62578131194336,36.48643611039811]],[[-112.6415835399437,36.50114426437304],[-112.6428488427102,36.50232196336043]],[[-112.64546709915201,36.50475894369582],[-112.65057639050481,36.50951449107294]],[[-112.65355398312563,36.512285928793034],[-112.65475980874147,36.51340826855578]],[[-112.6556687807878,36.51599639243325],[-112.6556687807878,36.52874089374045]],[[-112.6556687807878,36.54329747150503],[-112.6556687807878,36.552931598522136]],[[-112.6556687807878,36.55465481802074],[-112.6556687807878,36.55720729206291],[-112.62936332669311,36.589316551440994]],[[-112.62906551898612,36.58968006483536],[-112.62639204902514,36.59294338582224]],[[-112.62553812933541,36.59398570688262],[-112.62234961731255,36.59787770430657]],[[-112.62003404676634,36.60206991695269],[-112.62050367538733,36.60398072819212]],[[-112.62153504301182,36.60817712670954],[-112.62318337955213,36.61488383036177]],[[-112.62348537358571,36.616112574879914],[-112.62662058105369,36.628869015607776]],[[-112.62706961102562,36.63069601566454],[-112.62860707027937,36.636951585046255]],[[-112.62901483722842,36.63861069531869],[-112.63623775204,36.667999080494866]],[[-112.63637063957799,36.6685397694346],[-112.63733276977882,36.67245445674151]],[[-112.63717444814492,36.675438078338736],[-112.63662727495014,36.67683498647373]],[[-112.63625681144326,36.677780762859385],[-112.63446461977503,36.682356146201904]],[[-112.63232155668285,36.687827288238616],[-112.63017796406395,36.693299782132826]],[[-112.62864533598686,36.69721251150126],[-112.62845808126957,36.697690564228274]],[[-112.6272393714259,36.700801874707466],[-112.6270442705106,36.70129995841907]],[[-112.61945735369882,36.72066900996468],[-112.61869273009748,36.72262105904006]],[[-112.61676346077594,36.727546395360626],[-112.61618534706058,36.729031147349495]],[[-112.61552223168702,36.735617598914395],[-112.61499685668097,36.740835932207126]],[[-112.61466619851291,36.74412022344126],[-112.61411707228909,36.74957446778618]],[[-112.61369328770469,36.75378374531235],[-112.61335422964294,36.75715146922658]],[[-112.60926768335158,36.797741448420915],[-112.60913392966154,36.799069968669755]],[[-112.60860935672399,36.80134197761126],[-112.60650683187733,36.80672640126711]],[[-112.60603354363344,36.80793846038759],[-112.60017888226841,36.822931851405535]],[[-112.59968070805313,36.82420764181237],[-112.59743495457283,36.82995886429315]],[[-112.82950272381036,37.00048209241092],[-113.064954,37.000043],[-113.494604,36.999982],[-113.945232,37.000196],[-114.050052,37.000191],[-114.050585,36.999103],[-114.049995,36.957769],[-114.050502,36.895232],[-114.049879,36.781909],[-114.050327,36.752899],[-114.049935,36.709521],[-114.045732,36.537796],[-114.044816,36.491343],[-114.043133,36.469716],[-114.042819,36.438277],[-114.043135,36.380478],[-114.044702,36.346298],[-114.044051,36.317628],[-114.045559,36.288837],[-114.045518,36.27439],[-114.043849,36.245114],[-114.043944,36.19335],[-114.05195086078324,36.19121432038919],[-114.066798,36.179087],[-114.078832,36.157434],[-114.081234,36.150208],[-114.08588814390323,36.14512091247786],[-114.09271260657508,36.1326665179306],[-114.096994,36.120823],[-114.09993076359196,36.11949364561597],[-114.13617350356195,36.05335197193931],[-114.134841,36.043873],[-114.13826,36.03719],[-114.145672,36.03297],[-114.145907,36.027229],[-114.15418298097669,36.023536116104836],[-114.19491750691216,36.019067650504184],[-114.211932,36.014834],[-114.233443,36.012835],[-114.243865,36.015266],[-114.259518,36.024206],[-114.2658755300884,36.030166106174484],[-114.31392260552605,36.05809361182611],[-114.30681446065252,36.082213785772595],[-114.348592,36.121147],[-114.358968,36.127795],[-114.3712135348207,36.14301045354704],[-114.381479,36.141349],[-114.39361617293619,36.14437025822],[-114.41446000264808,36.145521508444766],[-114.423114,36.13735],[-114.443736,36.125593],[-114.451331,36.129831],[-114.457077126504,36.13831577930339],[-114.47471354623173,36.13497408210632],[-114.483827,36.12972],[-114.498849,36.126612],[-114.504715,36.127188],[-114.50921,36.133247],[-114.50663212653892,36.136805932876726],[-114.51123522851506,36.15057723221581],[-114.531091,36.147644],[-114.53709739000718,36.151234778981355],[-114.57109,36.151099],[-114.58883630924299,36.143511534727466],[-114.615455,36.129653],[-114.63160187887091,36.14109670779386],[-114.635809,36.13617],[-114.65020026859794,36.12930169869126],[-114.664343,36.1163],[-114.67374247926115,36.11497398661009],[-114.681847,36.109192],[-114.6871373071688,36.110998657100076],[-114.75007917830969,36.09231870992293],[-114.75408533303161,36.08712608723796],[-114.748891,36.074981],[-114.743542,36.071037],[-114.73508,36.054435],[-114.74027227843021,36.04934312670376],[-114.73612012480504,36.037985707140976],[-114.733417,36.037913],[-114.722096,36.028952],[-114.73106028763279,36.020007326820064],[-114.74064928077681,35.99533581394838],[-114.739413,35.991363],[-114.743494,35.983553],[-114.73749590674305,35.97125623448386],[-114.713312,35.933844],[-114.707603,35.92795],[-114.70908890088761,35.91629831820631],[-114.70448111908347,35.907383824088015],[-114.69537383816306,35.89715019453373],[-114.678972,35.88551],[-114.661636,35.871233],[-114.669687,35.865084],[-114.68205,35.86295],[-114.6982263204062,35.85366126451961],[-114.70216700217496,35.84045701539784],[-114.695757,35.833387],[-114.69553,35.829897],[-114.703271,35.815233],[-114.712026,35.805529],[-114.699318,35.79048],[-114.70108736197196,35.7746256296407],[-114.694267,35.756633],[-114.69669721819056,35.74630798030492],[-114.697859,35.731657],[-114.7051556507565,35.71189255651556],[-114.68003059280592,35.685261706107056],[-114.68956717502516,35.655589460248265],[-114.689001,35.65028],[-114.679415,35.643429],[-114.6709325738548,35.631683003396724],[-114.65849482884828,35.61911410993109],[-114.653927,35.611739],[-114.654518,35.596609],[-114.65849482884828,35.58898661331298],[-114.65849482884828,35.537875640916766],[-114.65677,35.534964],[-114.66084266860125,35.52725937758991],[-114.67888097721833,35.5013557031905],[-114.676956,35.490336],[-114.671907,35.482087],[-114.67235,35.47374],[-114.665988,35.467985],[-114.667217,35.46037],[-114.66388,35.454657],[-114.66344887198787,35.447604459596356],[-114.62619118291182,35.40950354542545],[-114.60994811920159,35.36738781248347],[-114.606173,35.359651],[-114.595553,35.326547],[-114.59602714604081,35.31282184976413],[-114.5724932528783,35.20142175005736],[-114.569258,35.183424],[-114.569529,35.162317],[-114.57235177301773,35.151413302371914],[-114.57235177301773,35.138899742887425],[-114.578263,35.12881],[-114.584877,35.125194],[-114.597794,35.121735],[-114.60797357861645,35.12144234947136],[-114.6463348455746,35.10264241168126],[-114.64668352694909,35.101410766756196],[-114.61183400694006,35.08306086299862],[-114.604182,35.073715],[-114.604715,35.061744],[-114.610701,35.055458],[-114.62071488084884,35.04940642303101],[-114.63334408365452,35.00154753526523],[-114.629443,34.991825],[-114.629392,34.983171],[-114.63426683030455,34.969889040263574],[-114.63461095996256,34.957781560641436],[-114.629811,34.94481],[-114.629753,34.938684],[-114.633237,34.92123],[-114.630877,34.907263],[-114.635425,34.895192],[-114.63667696425074,34.88509353670557],[-114.63442680233096,34.873009292228],[-114.609905130517,34.85210096647085],[-114.592339,34.841153],[-114.5795303610036,34.82620201551015],[-114.55598543861142,34.77065475782121],[-114.54762771724461,34.76248363358189],[-114.47353786451313,34.71391165955592],[-114.46815823770564,34.70468056588657],[-114.4074200753182,34.57105162987412],[-114.405228,34.569637],[-114.389603,34.542982],[-114.380838,34.529724],[-114.378223,34.516521],[-114.37880423111964,34.50558676263612],[-114.38215398581526,34.48233663659372],[-114.381555,34.477883],[-114.38570848538485,34.457665408244075],[-114.33904766347663,34.4516519904099],[-114.3181053061307,34.435483175813694],[-114.301016,34.426807],[-114.294836,34.421389],[-114.29194614727938,34.415286662953505],[-114.2760217367012,34.40299201828007],[-114.262909,34.400373],[-114.252739,34.3901],[-114.234275,34.376662],[-114.226107,34.365916],[-114.213774,34.36246],[-114.199482,34.361373],[-114.176909,34.349306],[-114.13804719987199,34.303034663936636]],[[-114.51492306913069,33.02733102340023],[-114.26726178361783,33.02990820247202],[-114.26726178361783,33.46373334622346],[-113.95858250022499,33.464592405914054],[-113.95858250022499,33.37782737716377],[-113.33404534545345,33.37782737716377]],[[-113.33404534545345,33.37782737716377],[-113.33404534545345,34.31763867867678]],[[-114.13804719987199,34.303034663936636],[-114.13524719886378,34.27019727802689],[-114.131211,34.26273],[-114.133264,34.258462],[-114.13862855869536,34.25834541442211],[-114.20920851190516,34.214424737680766],[-114.2243598817752,34.20433049316456],[-114.224941,34.193896],[-114.229715,34.186928],[-114.240712,34.183232],[-114.254141,34.17383],[-114.268267,34.170209],[-114.275267,34.172149],[-114.286724,34.170715],[-114.292371,34.167056],[-114.312206,34.144776],[-114.32469048750487,34.13637708396083],[-114.35975090419976,34.124567048136605],[-114.366517,34.118577],[-114.379223,34.11599],[-114.390565,34.110084],[-114.39915622605368,34.11129343913162],[-114.41934589141063,34.10449258809725],[-114.4251937945616,34.09771424567585],[-114.4352472393852,34.080870943200146],[-114.435958601286,34.07733069866842],[-114.435958601286,34.02813556294562],[-114.44054,34.019329],[-114.45243880646925,34.01179462873514],[-114.46240098379579,34.00191663980988],[-114.459184,34.000016],[-114.46012,33.993888],[-114.467932,33.992877],[-114.470357,33.988972],[-114.482333,33.980181],[-114.485348,33.974933],[-114.499883,33.961789],[-114.50563393581783,33.959049040962526],[-114.53585827768478,33.92908011906431],[-114.514503,33.914214],[-114.508558,33.906098],[-114.50959568440221,33.89986361826692],[-114.50633881518013,33.87842744182859],[-114.503395,33.875018],[-114.50415518715187,33.864055162041616],[-114.516811,33.85812],[-114.52569095110951,33.85890080389803],[-114.52705798570786,33.84221435235861],[-114.51997,33.825381],[-114.522714,33.818979],[-114.52805,33.814963],[-114.518942,33.797302],[-114.516734,33.788345],[-114.50415518715187,33.76010893947939],[-114.49980095300462,33.72154975744336],[-114.496565,33.719155],[-114.494407,33.705395],[-114.49697659916599,33.69653852237522],[-114.519113,33.688473],[-114.5260039025406,33.68417001134785],[-114.52880988211258,33.66570151627302],[-114.517112,33.662877],[-114.514057,33.660179],[-114.518337,33.655927],[-114.53051486815859,33.654479579125756],[-114.53171645686916,33.64657092027282],[-114.525394,33.640669],[-114.523802,33.6347],[-114.531034,33.628213],[-114.531215,33.623913],[-114.522071,33.611277],[-114.531051,33.604482],[-114.54004812708126,33.591733240122394],[-114.52829708179583,33.559389618371156],[-114.524215,33.553068],[-114.55799459704596,33.53159906178061],[-114.560835,33.524334],[-114.560963,33.516739],[-114.569533,33.509219],[-114.57960319071977,33.506602080798984],[-114.62260188891888,33.45686086869868],[-114.622283,33.447558],[-114.62619118291182,33.433666257052565],[-114.62964,33.428137],[-114.643302,33.416746],[-114.64954,33.413633],[-114.66085544634086,33.41422349976858],[-114.72476249717998,33.40557822896221],[-114.72108067119784,33.39675647615595],[-114.707309,33.38254],[-114.706722,33.37503],[-114.69797706277062,33.36150524304242],[-114.698035,33.352442],[-114.700938,33.337014],[-114.709801,33.321139],[-114.723623,33.312109],[-114.73007082796072,33.30552906031793],[-114.67644129881297,33.27044491583915],[-114.672088,33.258499],[-114.67737783477745,33.25453026490237],[-114.67876456327355,33.23096544646871],[-114.674479,33.225504],[-114.673715,33.219245],[-114.678749,33.203448],[-114.675189,33.188178],[-114.67583,33.18152],[-114.68089,33.169074],[-114.67935,33.162433],[-114.68361988679887,33.148458439774394],[-114.70798471038351,33.09264300101864],[-114.70660035140924,33.08840833797595],[-114.68902,33.084035],[-114.686991,33.070968],[-114.674295,33.057169],[-114.67477385642755,33.05140984804179],[-114.65904176226584,33.03312119489856],[-114.645979,33.048902],[-114.63664118431119,33.04198697236391],[-114.60106612496125,33.025612904019034],[-114.57594106701066,33.036780679996795],[-114.553189,33.033974],[-114.531083,33.032393],[-114.51492306913069,33.02733102340023]],[[-113.33404534545345,32.767853744658744],[-113.33404534545345,33.37782737716377]],[[-114.51492306913069,33.02733102340023],[-114.506362,33.017403],[-114.499797,33.003905],[-114.495712,32.980075],[-114.490129,32.969884],[-114.475389,32.975157],[-114.469948,32.973469],[-114.467367,32.965384],[-114.467624,32.956663],[-114.470768,32.949424],[-114.48074,32.937027],[-114.48047662258698,32.93274478144307],[-114.46365,32.911682],[-114.463307,32.899116],[-114.465172,32.885295],[-114.46826224722247,32.84521036899368],[-114.53112639747957,32.792549817499435],[-114.53165355046704,32.785268927221814],[-114.52625842300907,32.75658596970673]],[[-112.42793350516114,33.920323946812935],[-112.7454011306113,33.999786593155925],[-113.33404534545345,33.99892753346533]],[[-113.33404534545345,33.99892753346533],[-113.33404534545345,32.767853744658744]],[[-113.33404534545345,34.561312182766244],[-113.33404534545345,33.99892753346533]]]}