{"type":"Topology","bbox":[-79.486875,37.91709878227782,-75.05239673149035,39.72284225191251],"objects":{"cd-1":{"type":"GeometryCollection","geometries":[{"type":"Polygon","arcs":[[0,1,2,3]],"id":"24011","properties":{"name":"Caroline"}},{"type":"Polygon","arcs":[[4,5,6,7,8,9]],"id":"24045","properties":{"name":"Wicomico"}},{"type":"MultiPolygon","arcs":[[[10,-8,11,-1,12,13]],[[14,15]],[[16,17]]],"id":"24019","properties":{"name":"Dorchester"}},{"type":"Polygon","arcs":[[18,19,20,21]],"id":"24029","properties":{"name":"Kent"}},{"type":"MultiPolygon","arcs":[[[22]],[[-13,-4,23,24]]],"id":"24041","properties":{"name":"Talbot"}},{"type":"Polygon","arcs":[[25,26,-21,27]],"id":"24015","properties":{"name":"Cecil"}},{"type":"Polygon","arcs":[[-24,-3,28,-19,29]],"id":"24035","properties":{"name":"Queen Anne's"}},{"type":"MultiPolygon","arcs":[[[-15,30]],[[31]],[[32,-5,33]]],"id":"24039","properties":{"name":"Somerset"}},{"type":"Polygon","arcs":[[34,-6,-33]],"id":"24047","properties":{"name":"Worcester"}},{"type":"Polygon","arcs":[[35,36,-26,37]],"id":"24025","properties":{"name":"Harford"}},{"type":"Polygon","arcs":[[38,-36,39,40]],"id":"24005","properties":{"name":"Baltimore"}}]},"cd-2":{"type":"GeometryCollection","geometries":[{"type":"Polygon","arcs":[[41,42,43,44,45,46,47,48,49,50,51,52,53,54,55,56,57,58,59,60,61,62,63,64,65,66,67,68,69,70,71,72,73,74,75,76,77,78,79,80,81,82,83,84,85,86,87,88]],"id":"24013","properties":{"name":"Carroll"}},{"type":"Polygon","arcs":[[89,90]],"id":"24510","properties":{"name":"Baltimore"}},{"type":"MultiPolygon","arcs":[[[91,-61]],[[92,-63]],[[93,-65]],[[94,-67]],[[95,-69]],[[96,-71]],[[97,98,-73]],[[99,100]],[[101,102]],[[103,104]],[[105,106]],[[107,108]],[[109,110]],[[111,112,113]]],"id":"24027","properties":{"name":"Howard"}},{"type":"Polygon","arcs":[[-99,114,-101,115,-106,116,-102,117,-105,118,-109,119,-110,120,-114,121,-91,122,123,-41,124,-74]],"id":"24005","properties":{"name":"Baltimore"}},{"type":"MultiPolygon","arcs":[[[-42,125]],[[-88,126]],[[-44,127]],[[-86,128]],[[-84,129]],[[-82,130]],[[131,-46]],[[-80,132]],[[-48,133]],[[-50,134]],[[-78,135,136]],[[137,-52]],[[-54,138]],[[-56,139]],[[-58,140]]],"id":"24021","properties":{"name":"Frederick"}}]},"cd-3":{"type":"GeometryCollection","geometries":[{"type":"MultiPolygon","arcs":[[[141,-60,142,143,144,145]],[[146,-62]],[[147,-64]],[[148,-66]],[[149,-68]],[[150,-70]],[[151,-72]]],"id":"24013","properties":{"name":"Carroll"}},{"type":"MultiPolygon","arcs":[[[152,153,154]],[[155,156]],[[157,158]],[[159,160]],[[161,162]],[[163,164]],[[165,166]],[[167,168]],[[169,170]],[[171,172,173]]],"id":"24031","properties":{"name":"Montgomery"}},{"type":"MultiPolygon","arcs":[[[174,175]],[[176,177,178]]],"id":"24510","properties":{"name":"Baltimore"}},{"type":"Polygon","arcs":[[179,180,-156,181,-159,182,-160,183,-162,184,-164,185,-166,186,-168,187,-170,188,-173,189,190,191,192,193,194,195,196,197,198,199,200,201,202,203,204,205,206,207,208,209,-112,210,-111,211,-108,212,-104,213,-103,214,-107,215,-100,216,-98,-152,-97,-151,-96,-150,-95,-149,-94,-148,-93,-147,-92,-142,217,218,219,-153]],"id":"24027","properties":{"name":"Howard"}},{"type":"MultiPolygon","arcs":[[[220,221,-193]],[[222,-195]],[[223,224,-177,225,-175,226,227,228,-197]]],"id":"24003","properties":{"name":"Anne Arundel"}},{"type":"MultiPolygon","arcs":[[[-217,-115]],[[-216,-116]],[[-118,-214]],[[-213,-119]],[[-117,-215]],[[-212,-120]],[[-211,-121]],[[-208,229,230,231]],[[-204,232,233,234]],[[-200,235,236,237]],[[-228,238]]],"id":"24005","properties":{"name":"Baltimore"}},{"type":"MultiPolygon","arcs":[[[-154,-220,239]],[[-218,-146,240]],[[-144,241]]],"id":"24021","properties":{"name":"Frederick"}},{"type":"Polygon","arcs":[[242,-191]],"id":"24033","properties":{"name":"Prince George's"}}]},"cd-4":{"type":"GeometryCollection","geometries":[{"type":"MultiPolygon","arcs":[[[243,244,245,246]],[[247,248,-172,249]]],"id":"24031","properties":{"name":"Montgomery"}},{"type":"MultiPolygon","arcs":[[[-249,250,-190]],[[251,252,-192]]],"id":"24027","properties":{"name":"Howard"}},{"type":"MultiPolygon","arcs":[[[253,254,-221,-253]],[[255,256]],[[257,258]],[[259,260]],[[261,262]],[[263,264]],[[265,266]],[[267,268]]],"id":"24003","properties":{"name":"Anne Arundel"}},{"type":"Polygon","arcs":[[-268,269,-266,270,-264,271,-262,272,-260,273,-258,274,-256,275,-254,-252,-243,-251,-248,276,277,-245,278,279]],"id":"24033","properties":{"name":"Prince George's"}}]},"cd-5":{"type":"GeometryCollection","geometries":[{"type":"Polygon","arcs":[[280,281,282]],"id":"24037","properties":{"name":"St. Mary's"}},{"type":"MultiPolygon","arcs":[[[283,-194]],[[284,-196]]],"id":"24027","properties":{"name":"Howard"}},{"type":"Polygon","arcs":[[285,-282,286,287,288]],"id":"24009","properties":{"name":"Calvert"}},{"type":"Polygon","arcs":[[-283,-286,289,290]],"id":"24017","properties":{"name":"Charles"}},{"type":"Polygon","arcs":[[-255,291,-257,292,-259,293,-261,294,-263,295,-265,296,-267,297,-269,298,-288,299,-224,-285,-223,-284,-222]],"id":"24003","properties":{"name":"Anne Arundel"}},{"type":"MultiPolygon","arcs":[[[-290,-289,-299,-280,300]],[[-292,-276]],[[-275,-293]],[[-274,-294]],[[-273,-295]],[[-296,-272]],[[-297,-271]],[[-298,-270]]],"id":"24033","properties":{"name":"Prince George's"}}]},"cd-6":{"type":"GeometryCollection","geometries":[{"type":"Polygon","arcs":[[301,302,303,304]],"id":"24043","properties":{"name":"Washington"}},{"type":"Polygon","arcs":[[305,-305,306,307]],"id":"24001","properties":{"name":"Allegany"}},{"type":"MultiPolygon","arcs":[[[-89,308]],[[309,-43]],[[310,-87]],[[311,-45]],[[-85,312]],[[-83,313]],[[314,-47]],[[-81,315]],[[316,-49]],[[-79,317]],[[318,319,-76,320]],[[321,-51]],[[322,-53]],[[323,-55]],[[-145,324]],[[-143,-59,325]],[[-57,326]]],"id":"24013","properties":{"name":"Carroll"}},{"type":"Polygon","arcs":[[-308,327]],"id":"24023","properties":{"name":"Garrett"}},{"type":"Polygon","arcs":[[328,329,-155,330,331]],"id":"24031","properties":{"name":"Montgomery"}},{"type":"MultiPolygon","arcs":[[[-219,332]],[[-330,333,-180]]],"id":"24027","properties":{"name":"Howard"}},{"type":"Polygon","arcs":[[334,-331,-240,-333,-241,-325,-242,-326,-141,-327,-140,-324,-139,-323,-138,-322,-135,-317,-134,-315,-132,-312,-128,-310,-126,-309,-127,-311,-129,-313,-130,-314,-131,-316,-133,-318,-137,335,-319,336,-303]],"id":"24021","properties":{"name":"Frederick"}}]},"cd-7":{"type":"GeometryCollection","geometries":[{"type":"Polygon","arcs":[[337,-176,338,-179,339,340,-90,341]],"id":"24510","properties":{"name":"Baltimore"}},{"type":"MultiPolygon","arcs":[[[-210,342,343,-113]],[[344,-206,345,346]],[[347,-202,348,349]],[[350,351,352,-198]]],"id":"24027","properties":{"name":"Howard"}},{"type":"MultiPolygon","arcs":[[[-229,353,-351]],[[-227,-338,354]],[[-226,-339]]],"id":"24003","properties":{"name":"Anne Arundel"}},{"type":"MultiPolygon","arcs":[[[-344,355,-231,356,-347,357,-234,358,-350,359,-237,360,-352,-354,-239,-355,-342,-122]],[[361,-123,-341]]],"id":"24005","properties":{"name":"Baltimore"}}]},"cd-8":{"type":"GeometryCollection","geometries":[{"type":"Polygon","arcs":[[362,-247,363,364,-250,-174,365,-171,366,-169,367,-167,368,-165,369,-163,370,-161,371,-158,372,-157,373,-329]],"id":"24031","properties":{"name":"Montgomery"}},{"type":"MultiPolygon","arcs":[[[-374,-181,-334]],[[-373,-182]],[[-372,-183]],[[-371,-184]],[[-370,-185]],[[-369,-186]],[[-368,-187]],[[-367,-188]],[[-366,-189]]],"id":"24027","properties":{"name":"Howard"}},{"type":"Polygon","arcs":[[374,-277,-365]],"id":"24033","properties":{"name":"Prince George's"}}]}},"arcs":[[[-75.9443698209982,38.67393036969369],[-75.83669100121001,38.703997458864585],[-75.79720876728767,38.67650754876548],[-75.76131582735827,38.685957205362044],[-75.70747641746418,38.63527268361683]],[[-75.70747641746418,38.63527268361683],[-75.725656,38.866044],[-75.74770966283488,39.142689366078876]],[[-75.74770966283488,39.142689366078876],[-75.83669100121001,39.108614573135725],[-75.84745888318884,39.07167500644006],[-75.89053041110411,39.01841330562305],[-75.94078052700527,38.9763193807838],[-75.94795911499115,38.91876238151381]],[[-75.94795911499115,38.91876238151381],[-75.94795911499115,38.884399993889936],[-75.89770899908999,38.812238979879794],[-75.96590558495585,38.77959471163711],[-76.01615570085701,38.72891018989189],[-75.9443698209982,38.67393036969369]],[[-75.86540535315353,38.238387106561056],[-75.75054794537945,38.284776329853294],[-75.72183359343593,38.26673607635076],[-75.66440488954889,38.29852128490284],[-75.61415477364774,38.27876291201911]],[[-75.61415477364774,38.27876291201911],[-75.37367207612076,38.28993068799687],[-75.3054754902549,38.35436016479164],[-75.33060054820548,38.380991015200145],[-75.31624337223371,38.404185626846264],[-75.34123297617555,38.45203361360383]],[[-75.34123297617555,38.45203361360383],[-75.393712,38.452124],[-75.509398,38.454284],[-75.601871,38.456761],[-75.69367,38.46008],[-75.7014772652879,38.559564134021144]],[[-75.7014772652879,38.559564134021144],[-75.75772653336533,38.51328620755207],[-75.82233382523825,38.484078178071776],[-75.86181605916059,38.38356819427194]],[[-75.86181605916059,38.38356819427194],[-75.86181605916059,38.35178298571985]],[[-75.86181605916059,38.35178298571985],[-75.87638913251538,38.33347145020976],[-75.90413073914125,38.28389531336549],[-75.90129829308293,38.23237368872688],[-75.86899464714647,38.24354146470464],[-75.86540535315353,38.238387106561056]],[[-75.86181605916059,38.35951452293522],[-75.86181605916059,38.38356819427194]],[[-75.7014772652879,38.559564134021144],[-75.70747641746418,38.63527268361683]],[[-75.9443698209982,38.67393036969369],[-75.98385205492055,38.62496396732967],[-75.99103064290642,38.592319699086985],[-76.03051287682877,38.57256132620326]],[[-76.03051287682877,38.57256132620326],[-76.02692358283582,38.565688848678484],[-76.04128075880759,38.55709825177251],[-76.0879415807158,38.59060157970579],[-76.16690604856048,38.59833311692116],[-76.17049534255342,38.62925926578265],[-76.2135668704687,38.60692371382713],[-76.23510263442634,38.62840020609205],[-76.27817416234163,38.60950089289892],[-76.30688851428513,38.57513850527505],[-76.27458486834868,38.531326461054604],[-76.24587051640516,38.53733987888878],[-76.26381698636986,38.503836550955505],[-76.33560286622865,38.49180971528715],[-76.24945981039811,38.362091702007014],[-76.25663839838398,38.32515213531135],[-76.22433475244752,38.31398435933359],[-76.16690604856048,38.242682405014044],[-76.13460240262403,38.23237368872688],[-76.07358440474404,38.25213206161061],[-76.05922722877229,38.2272193305833],[-76.02692358283582,38.280481031400306],[-76.04845934679346,38.303675643046425],[-76.01615570085701,38.33202461283612],[-76.00179852488525,38.37411853767537],[-75.97308417294173,38.365527940769404],[-75.9694948789488,38.319997777167764],[-76.00897711287112,38.31226623995239],[-75.9694948789488,38.246118643776434],[-75.94078052700527,38.24697770346703],[-75.94078052700527,38.29852128490284],[-75.91565546905468,38.338897090360895],[-75.86181605916059,38.35951452293522]],[[-76.04845934679346,38.12069592894928],[-76.03051287682877,38.14732677935779]],[[-76.03051287682877,38.14732677935779],[-76.02333428884289,38.17825292821927],[-76.04845934679346,38.204024718937184],[-76.0879415807158,38.19285694295942],[-76.09108291289995,38.12443907047165],[-76.0560079650879,38.11964203097834],[-76.04845934679346,38.12069592894928]],[[-75.86181605916059,38.35178298571985],[-75.86181605916059,38.35951452293522]],[[-75.86181605916059,38.35951452293522],[-75.86681146832602,38.35058738718139],[-75.86181605916059,38.35178298571985]],[[-76.1597274605746,39.094010558395574],[-76.11665593265933,39.10689645375453],[-76.04845934679346,39.16273533364333],[-76.06999511075111,39.19194336312363],[-76.00897711287112,39.24005070579705],[-75.94078052700527,39.23833258641586],[-75.84028029520294,39.25809095929959],[-75.8079766492665,39.24176882517825],[-75.75772653336533,39.24606412363123]],[[-75.75772653336533,39.24606412363123],[-75.76131582735827,39.29674864537645],[-75.76849441534415,39.37750025629256]],[[-75.76849441534415,39.37750025629256],[-75.82233382523825,39.381795554745544],[-75.88694111711116,39.36117812217122],[-76.00179852488525,39.37664119660196]],[[-76.00179852488525,39.37664119660196],[-76.00967111533502,39.371302568857075],[-76.00179852488525,39.36719154000539],[-76.01481464595855,39.367814594286486],[-76.02333428884289,39.362037181861815],[-76.10947734467345,39.37234589814898],[-76.13460240262403,39.34056068959689],[-76.18485251852519,39.31908419733197],[-76.1776739305393,39.29846676475764],[-76.22074545845459,39.262386257752574],[-76.27817416234163,39.14555413983139],[-76.25304910439104,39.13352730416303],[-76.23151334043341,39.08284278241782],[-76.24228122241222,39.02872202191021],[-76.19920969449694,39.01411800717006],[-76.2135668704687,39.04074885757857],[-76.20279898848989,39.085419961489606],[-76.1597274605746,39.094010558395574]],[[-76.39662086410864,38.77100411473114],[-76.36072792417924,38.74866856277562],[-76.37867439414394,38.78818530854308],[-76.39662086410864,38.77100411473114]],[[-75.94795911499115,38.91876238151381],[-76.09153087470874,38.94453417223171],[-76.11665593265933,38.91360802337023],[-76.10229875668756,38.88268187450874],[-76.16331675456755,38.87924563574635],[-76.19529605056141,38.85398774107935]],[[-76.19529605056141,38.85398774107935],[-76.19203110651107,38.82168863647636],[-76.22074545845459,38.81309803957039],[-76.27099557435574,38.85175572564725],[-76.33560286622865,38.77272223411234],[-76.34637074820748,38.685957205362044],[-76.3212456902569,38.67908472783727],[-76.31765639626396,38.72976924958249],[-76.27458486834868,38.71258805577055],[-76.25663839838398,38.73664172710726],[-76.19920969449694,38.6704941309313],[-76.17408463654637,38.673071310003095],[-76.14537028460285,38.63699080299802],[-76.08435228672286,38.62496396732967],[-76.03051287682877,38.57256132620326]],[[-76.23120459501854,39.721377253539565],[-76.2135668704687,39.68676174490744],[-76.17408463654637,39.66013089449894],[-76.14895957859578,39.619755089040886],[-76.07717369873698,39.54329877657776]],[[-76.07717369873698,39.54329877657776],[-75.9694948789488,39.55790279131791],[-76.01256640686407,39.45309750906508],[-75.97667346693467,39.4479431509215],[-76.04128075880759,39.38780897257972],[-76.00179852488525,39.37664119660196]],[[-75.76849441534415,39.37750025629256],[-75.7900301793018,39.64810405883058],[-75.7900301793018,39.72198319222191],[-75.89250947616546,39.72198319222191],[-76.025576,39.721737],[-76.135484,39.721147],[-76.143742,39.721522],[-76.23120459501854,39.721377253539565]],[[-75.74770966283488,39.142689366078876],[-75.75028029740115,39.17477699946612],[-75.75772653336533,39.24606412363123]],[[-76.1597274605746,39.094010558395574],[-76.16129589156311,39.09100745897299],[-76.14537028460285,39.093151498704984],[-76.18485251852519,39.04590321572215],[-76.16331675456755,38.99951399242992],[-76.20279898848989,38.972883142021416],[-76.27817416234163,38.98233279861798],[-76.3032992202922,39.02614484283842],[-76.36072792417924,38.939379814088134],[-76.375085100151,38.850037606266056],[-76.33201357223572,38.8646416210062],[-76.33560286622865,38.90587648615485],[-76.29253133831338,38.90244024739247],[-76.23151334043341,38.942816052850524],[-76.20279898848989,38.928212038110374],[-76.19529605056141,38.85398774107935]],[[-76.04845934679346,38.12069592894928],[-76.04487005280052,38.11811874987749],[-76.05922722877229,38.09492413823138],[-76.00538781887819,38.076883884728844],[-76.03051287682877,38.14732677935779]],[[-76.04738069885776,37.996443849866324],[-76.0463879134443,37.979335733593565],[-76.0415138505307,37.9539631494693],[-75.99454067728128,37.953463838597294],[-75.9802627609276,38.0047228707187],[-76.01974499484994,38.039085258342574],[-76.04350270270798,38.01918370884375],[-76.04738069885776,37.996443849866324]],[[-75.62492265562655,37.99441415443154],[-75.65722630156301,38.02963560174601],[-75.61774406764067,38.072588586275856],[-75.58185112771127,38.06829328782287],[-75.54236889378893,38.08976978008779],[-75.57826183371833,38.1438905405954],[-75.54595818778188,38.17911198790987],[-75.60697618566185,38.24869582284822],[-75.61415477364774,38.27876291201911]],[[-75.86540535315353,38.238387106561056],[-75.84745888318884,38.21003813677136],[-75.94078052700527,38.18684352512525],[-75.95872699696997,38.13701806307063],[-75.9443698209982,38.11296439173391],[-75.90129829308293,38.14131336152361],[-75.82592311923119,38.13358182430824],[-75.86540535315353,38.09921943668436],[-75.87258394113941,38.0605617506075],[-75.81156594325942,38.0588436312263],[-75.87258394113941,38.03478995988959],[-75.89770899908999,37.97465578154781],[-75.89411970509705,37.91709878227782],[-75.86181605916059,37.917957841968416],[-75.78285159131592,37.972937662166615],[-75.71465500545006,37.976373900929005],[-75.66440488954889,37.96262894587945],[-75.67629442590051,37.95518651529072],[-75.66799418354184,37.95060211021109],[-75.64761435530895,37.94735031213779],[-75.648228,37.966771],[-75.637319,37.979723],[-75.6329792990441,37.97673832139247],[-75.633979,37.983553],[-75.62760978697978,37.98851873586923],[-75.62492265562655,37.99441415443154]],[[-75.62492265562655,37.99441415443154],[-75.33818170786003,38.01878686574495],[-75.27436,38.024592],[-75.24355532861108,38.026980378031475],[-75.2317729970989,38.04157069317556],[-75.17626090650906,38.13014558554585],[-75.10447502665026,38.311407180261796],[-75.08652855668556,38.32429307562075],[-75.0542249107491,38.41449434313343],[-75.05239673149035,38.451249],[-75.232115,38.451222],[-75.34123297617555,38.45203361360383]],[[-76.56890697576975,39.721124132531315],[-76.56531768177682,39.6146007308973],[-76.53301403584035,39.544157836268354],[-76.43610309803098,39.502063911429104],[-76.38585298212982,39.45996998658986],[-76.3571386301863,39.389527091960915]],[[-76.3571386301863,39.389527091960915],[-76.3571386301863,39.393822390413895],[-76.33791026950985,39.389527091960915],[-76.31406710227103,39.389527091960915],[-76.3119937833807,39.38373777665472],[-76.3032992202922,39.381795554745544],[-76.28176345633456,39.29932582444824],[-76.25663839838398,39.3388425702157],[-76.2853527503275,39.36805059969599],[-76.25304910439104,39.411862643916436],[-76.25304910439104,39.4496612703027],[-76.22433475244752,39.42560759896598],[-76.24945981039811,39.37921837567375],[-76.22433475244752,39.35258752526524],[-76.10229875668756,39.435916315253145],[-76.05922722877229,39.4479431509215],[-76.07358440474404,39.4754330610206],[-76.11665593265933,39.49605049359493],[-76.09512016870168,39.53728535874358],[-76.08014496859869,39.53974306593787],[-76.07717369873698,39.54329877657776]],[[-76.23120459501854,39.721377253539565],[-76.483363,39.721319],[-76.56890697576975,39.721124132531315]],[[-76.34344315222401,39.33598857611201],[-76.3571386301863,39.389527091960915]],[[-76.56890697576975,39.721124132531315],[-76.697658,39.721088]],[[-76.697658,39.721088],[-76.698741,39.718237],[-76.69014,39.714146],[-76.689487,39.710424],[-76.67634,39.701893],[-76.677537,39.698696],[-76.667334,39.693255],[-76.671074,39.68583],[-76.665852,39.684027],[-76.667116,39.676652],[-76.675069,39.673368],[-76.670909,39.664409],[-76.675408,39.659921],[-76.668693,39.657742],[-76.664797,39.660317],[-76.661772,39.646008],[-76.65565,39.647301],[-76.661768,39.63631],[-76.656694,39.619556],[-76.659326,39.614671],[-76.652503,39.614321],[-76.648912,39.61754],[-76.644335,39.608258],[-76.639681,39.605785],[-76.634922,39.609091],[-76.626506,39.601074],[-76.621383,39.593007],[-76.611116,39.584691],[-76.614236,39.582145],[-76.621776,39.582809],[-76.616648,39.576751],[-76.624013,39.575372],[-76.618918,39.571876],[-76.609892,39.570856],[-76.610999,39.565246],[-76.608191,39.56126],[-76.599239,39.555991],[-76.610012,39.548331],[-76.616603,39.533916],[-76.613722,39.527741],[-76.618094,39.518692],[-76.613211,39.505913],[-76.605054,39.507119],[-76.589578,39.512392],[-76.581552,39.510955],[-76.574622,39.512445],[-76.569428,39.50984],[-76.571949,39.506683],[-76.570019,39.496793],[-76.55917,39.496176],[-76.55805,39.490688],[-76.551009,39.487126],[-76.546362,39.489657],[-76.538631,39.480542],[-76.55219,39.455006],[-76.55729,39.449306],[-76.558268,39.439588],[-76.550911,39.437743],[-76.544885,39.43134],[-76.544878,39.426798],[-76.536511,39.421555],[-76.529301,39.42684],[-76.51818,39.431693],[-76.512202,39.424774],[-76.497315,39.420622],[-76.49309,39.424004],[-76.487133,39.420294],[-76.47302,39.419554],[-76.477956,39.412642],[-76.470451,39.411454],[-76.468673,39.415419],[-76.455669,39.40736],[-76.463169,39.401299],[-76.46663,39.39472],[-76.462206,39.393229],[-76.462368,39.386013],[-76.445775,39.382333],[-76.438901,39.38877],[-76.425391,39.379003],[-76.416666,39.375462],[-76.406167,39.367704],[-76.422205,39.365997],[-76.42539,39.360988],[-76.43567,39.353501],[-76.423111,39.343945],[-76.416589,39.341315],[-76.409301,39.341547],[-76.390664,39.347534],[-76.373148,39.35817],[-76.361693,39.350913],[-76.358835,39.353967],[-76.35672,39.345068],[-76.352714,39.345983],[-76.355511,39.335365],[-76.34728,39.337907],[-76.34344315222401,39.33598857611201]],[[-77.31153320994925,39.639012130659886],[-77.30213844704213,39.625842125344235]],[[-77.30213844704213,39.625842125344235],[-77.30004083013183,39.62290159069405]],[[-77.30004083013183,39.62290159069405],[-77.28727109643816,39.60500039805217]],[[-77.28727109643816,39.60500039805217],[-77.28582,39.607745],[-77.271574,39.606221],[-77.27092,39.601223],[-77.26526479688572,39.597293410593934]],[[-77.26526479688572,39.597293410593934],[-77.26005223287095,39.5955967123161]],[[-77.26005223287095,39.5955967123161],[-77.262033,39.599435],[-77.256509,39.603771],[-77.252004,39.602249],[-77.248399,39.595069],[-77.23853217685728,39.588591898202786]],[[-77.23853217685728,39.588591898202786],[-77.23524517600353,39.5875219739444]],[[-77.23524517600353,39.5875219739444],[-77.23158700972972,39.586331234722934]],[[-77.23158700972972,39.586331234722934],[-77.20949330324697,39.57913969642547]],[[-77.20949330324697,39.57913969642547],[-77.200125,39.578588],[-77.19727051360928,39.57516115801908]],[[-77.19727051360928,39.57516115801908],[-77.19353952979934,39.57194813431645]],[[-77.19353952979934,39.57194813431645],[-77.18719219050696,39.56625125144129]],[[-77.18719219050696,39.56625125144129],[-77.18038296012944,39.56013981070305]],[[-77.18038296012944,39.56013981070305],[-77.175932,39.56026],[-77.16949513126973,39.55036773410189]],[[-77.16949513126973,39.55036773410189],[-77.11091076094067,39.49755386362751]],[[-77.11091076094067,39.49755386362751],[-77.106839,39.491661],[-77.11221179873904,39.48385271745446]],[[-77.11221179873904,39.48385271745446],[-77.11447966269662,39.45996998658986],[-77.12660653002462,39.4444903178265]],[[-77.12660653002462,39.4444903178265],[-77.134194,39.43169]],[[-77.134194,39.43169],[-77.107747,39.42032],[-77.102345,39.416105],[-77.09048,39.412358],[-77.075444,39.405163],[-77.071425,39.424945],[-77.047741,39.44372],[-77.030789,39.438359],[-77.012729,39.434604],[-77.004203,39.43008],[-76.996139,39.422868],[-76.993615,39.427544],[-76.983127,39.422636],[-76.976151,39.421482],[-76.981749,39.414826],[-76.972603,39.410832],[-76.979232,39.396682],[-76.986283,39.376657],[-76.994919,39.365846],[-76.992153,39.359806],[-76.983383,39.362853],[-76.97944966956311,39.36171091943051]],[[-76.97944966956311,39.36171091943051],[-76.97075833432896,39.36373239072772]],[[-76.97075833432896,39.36373239072772],[-76.96832611845498,39.363359830576066]],[[-76.96832611845498,39.363359830576066],[-76.9488929369417,39.360383109171856]],[[-76.9488929369417,39.360383109171856],[-76.94538594520209,39.359845917803135]],[[-76.94538594520209,39.359845917803135],[-76.93865099256813,39.35881427624469]],[[-76.93865099256813,39.35881427624469],[-76.93686171961316,39.35854020032463]],[[-76.93686171961316,39.35854020032463],[-76.9062470176643,39.353850724311016]],[[-76.9062470176643,39.353850724311016],[-76.89994542759477,39.3528854640407]],[[-76.89994542759477,39.3528854640407],[-76.89555327548106,39.35221268623546]],[[-76.89555327548106,39.35221268623546],[-76.889029,39.353805],[-76.88725601794805,39.35094173510078]],[[-76.88725601794805,39.35094173510078],[-76.8861470217324,39.35077186210443]],[[-76.8861470217324,39.35077186210443],[-76.88227242795202,39.35017836246409]],[[-76.88227242795202,39.35017836246409],[-76.88117555315553,39.35001034619346]],[[-76.88117555315553,39.35001034619346],[-76.89194343513435,39.45739280751807],[-76.86681837718378,39.501204851738514],[-76.78796993367442,39.720801]],[[-76.78796993367442,39.720801],[-76.857475,39.720401],[-76.94926435293719,39.72046935475821],[-77.057911,39.719946],[-77.217024,39.719861]],[[-77.217024,39.719861],[-77.216919,39.712004]],[[-77.216919,39.712004],[-77.21716886527463,39.7118862577303]],[[-77.21716886527463,39.7118862577303],[-77.21593593818227,39.69810212363546]],[[-77.21593593818227,39.69810212363546],[-77.21880523416958,39.69604191636801]],[[-77.21880523416958,39.69604191636801],[-77.23585202795148,39.68380200504777]],[[-77.23585202795148,39.68380200504777],[-77.234312,39.678196],[-77.243186,39.669926],[-77.254234,39.667817],[-77.255245,39.663708],[-77.26170303789593,39.66514355072283]],[[-77.26170303789593,39.66514355072283],[-77.26511662388164,39.65738199533016]],[[-77.26511662388164,39.65738199533016],[-77.26612005043633,39.65510047940547]],[[-77.26612005043633,39.65510047940547],[-77.27158654245041,39.64267118049564]],[[-77.27158654245041,39.64267118049564],[-77.27241155022915,39.640795339781256]],[[-77.27241155022915,39.640795339781256],[-77.27593703332133,39.632779361153396]],[[-77.27593703332133,39.632779361153396],[-77.279969,39.630783],[-77.291457,39.63058],[-77.29832663160173,39.636916303132914]],[[-77.29832663160173,39.636916303132914],[-77.31142053562553,39.639423413480856]],[[-77.31142053562553,39.639423413480856],[-77.31153320994925,39.639012130659886]],[[-76.71247873548735,39.354765614260465],[-76.711186,39.354383],[-76.711313,39.371933],[-76.678191,39.371994],[-76.663489,39.355404],[-76.651161,39.360396],[-76.646805,39.349664],[-76.648367,39.339543],[-76.6401,39.329915],[-76.624218,39.332228],[-76.625216,39.345122],[-76.614801,39.345789],[-76.616388,39.356121],[-76.609977,39.35682],[-76.609805,39.3722],[-76.529793,39.372058],[-76.52942474184742,39.33028479296782]],[[-76.52942474184742,39.33028479296782],[-76.52942474184742,39.37234589814898],[-76.71247873548735,39.37234589814898],[-76.71247873548735,39.354765614260465]],[[-76.97944966956311,39.36171091943051],[-76.97075833432896,39.36373239072772]],[[-76.96832611845498,39.363359830576066],[-76.962001,39.357788],[-76.95037,39.357975],[-76.9488929369417,39.360383109171856]],[[-76.94538594520209,39.359845917803135],[-76.93865099256813,39.35881427624469]],[[-76.93686171961316,39.35854020032463],[-76.927623,39.353419],[-76.908001,39.349382],[-76.9062470176643,39.353850724311016]],[[-76.89994542759477,39.3528854640407],[-76.89555327548106,39.35221268623546]],[[-76.88725601794805,39.35094173510078],[-76.8861470217324,39.35077186210443]],[[-76.88227242795202,39.35017836246409],[-76.875148,39.337718],[-76.878363,39.336288],[-76.874285,39.331693],[-76.862796,39.330079],[-76.855439,39.323224],[-76.851168,39.315935],[-76.844277,39.318333],[-76.83928545603048,39.31530512330702]],[[-76.83928545603048,39.31530512330702],[-76.88117555315553,39.35001034619346]],[[-76.835624994074,39.31227249371707],[-76.83485982678778,39.31163856581916]],[[-76.83485982678778,39.31163856581916],[-76.835624994074,39.31227249371707]],[[-76.79447614761078,39.2675603887153],[-76.7919393942653,39.27156754689719]],[[-76.7919393942653,39.27156754689719],[-76.79447614761078,39.2675603887153]],[[-76.79424997811034,39.2662584246736],[-76.79313173315917,39.26565375619972]],[[-76.79313173315917,39.26565375619972],[-76.79424997811034,39.2662584246736]],[[-76.78892650551863,39.276326827815765],[-76.77708602736027,39.29503052599525],[-76.77845763620752,39.295420358640804]],[[-76.77845763620752,39.295420358640804],[-76.785398,39.291087],[-76.785166,39.282855],[-76.78892650551863,39.276326827815765]],[[-76.78776320205243,39.26275083094359],[-76.7764059575754,39.25660962934171]],[[-76.7764059575754,39.25660962934171],[-76.78776320205243,39.26275083094359]],[[-76.75891658144506,39.247152600841105],[-76.7639449277893,39.24987157802668]],[[-76.7639449277893,39.24987157802668],[-76.75891658144506,39.247152600841105]],[[-76.75056669400132,39.24263756708897],[-76.739528,39.232163],[-76.728391,39.229395]],[[-76.728391,39.229395],[-76.72860832224045,39.2307640190549]],[[-76.72860832224045,39.2307640190549],[-76.75056669400132,39.24263756708897]],[[-76.83928545603048,39.31530512330702],[-76.835624994074,39.31227249371707]],[[-76.83485982678778,39.31163856581916],[-76.829333,39.317204],[-76.822937,39.318834],[-76.816862,39.313086],[-76.814763,39.317834],[-76.81013,39.315237],[-76.804518,39.316733],[-76.795596,39.314718],[-76.792479,39.311483],[-76.795736,39.30368],[-76.791915,39.303892],[-76.77845763620752,39.295420358640804]],[[-76.78892650551863,39.276326827815765],[-76.7919393942653,39.27156754689719]],[[-76.79447614761078,39.2675603887153],[-76.79424997811034,39.2662584246736]],[[-76.79313173315917,39.26565375619972],[-76.78776320205243,39.26275083094359]],[[-76.7764059575754,39.25660962934171],[-76.7639449277893,39.24987157802668]],[[-76.75891658144506,39.247152600841105],[-76.75056669400132,39.24263756708897]],[[-76.72860832224045,39.2307640190549],[-76.725901,39.235508],[-76.728723,39.245225],[-76.723371,39.249778],[-76.736497,39.261937],[-76.731373,39.265227],[-76.733954,39.271513],[-76.737393,39.271522],[-76.745403,39.28078],[-76.744311,39.284994],[-76.738846,39.286335],[-76.742091,39.291071],[-76.744751,39.312537],[-76.752375,39.313004],[-76.74947,39.322416],[-76.745296,39.321986],[-76.752704,39.333174],[-76.759754,39.333748],[-76.762763,39.341476],[-76.795359,39.35497],[-76.789535,39.358832],[-76.778501,39.361566],[-76.775607,39.365408],[-76.764289,39.367587],[-76.759488,39.366507],[-76.748325,39.369499],[-76.744562,39.377086],[-76.727755,39.368436],[-76.717927,39.356392],[-76.71247873548735,39.354765614260465]],[[-76.52942474184742,39.33028479296782],[-76.521607,39.329972],[-76.522977,39.325018],[-76.515924,39.31704],[-76.513441,39.307853],[-76.489278,39.301947],[-76.455883,39.281906],[-76.443482,39.280806],[-76.445882,39.274806],[-76.446182,39.264006],[-76.442282,39.252806],[-76.434482,39.244107],[-76.428882,39.242507],[-76.407281,39.241807],[-76.393781,39.246707],[-76.39543,39.23945],[-76.38485739220818,39.236131946152156]],[[-76.38485739220818,39.236131946152156],[-76.34278145421455,39.25723189960899],[-76.38585298212982,39.27613121280212],[-76.36431721817218,39.312211719807195],[-76.33560286622865,39.305339242282415],[-76.34344315222401,39.33598857611201]],[[-76.697658,39.721088],[-76.78796993367442,39.720801]],[[-77.31153320994925,39.639012130659886],[-77.309562,39.630764],[-77.30213844704213,39.625842125344235]],[[-77.29832663160173,39.636916303132914],[-77.307174,39.641114],[-77.31142053562553,39.639423413480856]],[[-77.30004083013183,39.62290159069405],[-77.307416,39.619101],[-77.29977,39.612284],[-77.28727109643816,39.60500039805217]],[[-77.27241155022915,39.640795339781256],[-77.279217,39.636281],[-77.27593703332133,39.632779361153396]],[[-77.26612005043633,39.65510047940547],[-77.275617,39.647125],[-77.27158654245041,39.64267118049564]],[[-77.26170303789593,39.66514355072283],[-77.266601,39.66141],[-77.26511662388164,39.65738199533016]],[[-77.26526479688572,39.597293410593934],[-77.26005223287095,39.5955967123161]],[[-77.21880523416958,39.69604191636801],[-77.225968,39.693839],[-77.242465,39.695282],[-77.244437,39.692281],[-77.23585202795148,39.68380200504777]],[[-77.23853217685728,39.588591898202786],[-77.23524517600353,39.5875219739444]],[[-77.23158700972972,39.586331234722934],[-77.229993,39.583433],[-77.222512,39.583101],[-77.219111,39.579962],[-77.222103,39.576398],[-77.215639,39.574511],[-77.20949330324697,39.57913969642547]],[[-77.21716886527463,39.7118862577303],[-77.217197,39.711873]],[[-77.217197,39.711873],[-77.225743,39.709846],[-77.226338,39.706238],[-77.216159,39.701354],[-77.21593593818227,39.69810212363546]],[[-77.19727051360928,39.57516115801908],[-77.19353952979934,39.57194813431645]],[[-77.18719219050696,39.56625125144129],[-77.187005,39.562482],[-77.18038296012944,39.56013981070305]],[[-77.16949513126973,39.55036773410189],[-77.171603,39.543823],[-77.170583,39.534396],[-77.15234,39.532498],[-77.150927,39.523279],[-77.138487,39.520518],[-77.134312,39.50955],[-77.129755,39.50956],[-77.11091076094067,39.49755386362751]],[[-77.11221179873904,39.48385271745446],[-77.117686,39.478619],[-77.119951,39.465585],[-77.11605,39.460344],[-77.123827,39.451465],[-77.12660653002462,39.4444903178265]],[[-77.16831907259072,39.35430564464644],[-77.10012248672487,39.36890965938659],[-77.02474731287313,39.350869405884055],[-76.97944966956311,39.36171091943051]],[[-77.134194,39.43169],[-77.14598097403082,39.419759283209004]],[[-77.14598097403082,39.419759283209004],[-77.14789346270658,39.415413825467795]],[[-77.14789346270658,39.415413825467795],[-77.148348,39.405291],[-77.154384,39.391298],[-77.158185,39.373451],[-77.16342923937577,39.36893477023827]],[[-77.16342923937577,39.36893477023827],[-77.16831907259072,39.35430564464644]],[[-76.97075833432896,39.36373239072772],[-76.96832611845498,39.363359830576066]],[[-76.9488929369417,39.360383109171856],[-76.94538594520209,39.359845917803135]],[[-76.93865099256813,39.35881427624469],[-76.93686171961316,39.35854020032463]],[[-76.9062470176643,39.353850724311016],[-76.89994542759477,39.3528854640407]],[[-76.89555327548106,39.35221268623546],[-76.88725601794805,39.35094173510078]],[[-76.8861470217324,39.35077186210443],[-76.88227242795202,39.35017836246409]],[[-77.15718494959194,39.304019988967646],[-77.18626554255542,39.34056068959689],[-77.16831907259072,39.35344658495584]],[[-77.16831907259072,39.35344658495584],[-77.17096692784149,39.35223387978756]],[[-77.17096692784149,39.35223387978756],[-77.18381,39.345459],[-77.186804,39.338203],[-77.178553,39.325463],[-77.172856,39.319475],[-77.170347,39.313109],[-77.16459,39.307444],[-77.15718494959194,39.304019988967646]],[[-77.1289145534612,39.26849732672412],[-77.134108980012,39.275024290798484]],[[-77.134108980012,39.275024290798484],[-77.1289145534612,39.26849732672412]],[[-77.11392453467748,39.26460750385811],[-77.11357386198,39.264518328430206]],[[-77.11357386198,39.264518328430206],[-77.11392453467748,39.26460750385811]],[[-77.05056454132225,39.23765576710457],[-77.06245724098707,39.24686468346886]],[[-77.06245724098707,39.24686468346886],[-77.061525,39.241271],[-77.05056454132225,39.23765576710457]],[[-77.01186562110468,39.20768989478659],[-77.03213654426928,39.22338635070585]],[[-77.03213654426928,39.22338635070585],[-77.032325,39.220317],[-77.01757,39.209751],[-77.01186562110468,39.20768989478659]],[[-77.00575746280307,39.19351919261963],[-77.00983490765312,39.204985940701214]],[[-77.00983490765312,39.204985940701214],[-77.012165,39.195181],[-77.00575746280307,39.19351919261963]],[[-77.00048274162285,39.178685417743736],[-77.004289,39.18938952473954]],[[-77.004289,39.18938952473954],[-77.008418,39.18157],[-77.00048274162285,39.178685417743736]],[[-76.99917810338911,39.17501646365259],[-76.99988553023869,39.17700591679509]],[[-76.99988553023869,39.17700591679509],[-76.99917810338911,39.17501646365259]],[[-76.99612479958931,39.166429844635914],[-76.9985275452667,39.17318693894375]],[[-76.9985275452667,39.17318693894375],[-77.000975,39.169537],[-76.99612479958931,39.166429844635914]],[[-76.962973,39.14584],[-76.951694,39.146207],[-76.953067,39.13897],[-76.958517,39.134023],[-76.948579,39.129597],[-76.938278,39.132779],[-76.929102,39.138392],[-76.919099,39.132227],[-76.915002,39.126697],[-76.902833,39.125562],[-76.88848581567083,39.13099319546953]],[[-76.88848581567083,39.13099319546953],[-76.973885,39.15892703498842]],[[-76.973885,39.15892703498842],[-76.975307,39.149537],[-76.964067,39.148195],[-76.962973,39.14584]],[[-76.61877847031809,39.237156360118135],[-76.58482681971692,39.20871546594417]],[[-76.58482681971692,39.20871546594417],[-76.611695,39.2344],[-76.61877847031809,39.237156360118135]],[[-76.53484441466756,39.206578669426804],[-76.53301403584035,39.20654737786377]],[[-76.53301403584035,39.20654737786377],[-76.53399158269559,39.20709329745173]],[[-76.53399158269559,39.20709329745173],[-76.53484441466756,39.206578669426804]],[[-77.15718494959194,39.304019988967646],[-77.144669,39.294707]],[[-77.144669,39.294707],[-77.137886,39.288152],[-77.140014,39.283443],[-77.134108980012,39.275024290798484]],[[-77.1289145534612,39.26849732672412],[-77.116994,39.267535],[-77.11392453467748,39.26460750385811]],[[-77.11357386198,39.264518328430206],[-77.103454,39.265953],[-77.082104,39.260033],[-77.071609,39.255056],[-77.06245724098707,39.24686468346886]],[[-77.05056454132225,39.23765576710457],[-77.044812,39.237666],[-77.03588,39.229674],[-77.03213654426928,39.22338635070585]],[[-77.01186562110468,39.20768989478659],[-77.00983490765312,39.204985940701214]],[[-77.00575746280307,39.19351919261963],[-77.004289,39.18938952473954]],[[-77.00048274162285,39.178685417743736],[-76.99988553023869,39.17700591679509]],[[-76.99917810338911,39.17501646365259],[-76.9985275452667,39.17318693894375]],[[-76.99612479958931,39.166429844635914],[-76.987138,39.166291],[-76.975571,39.163201],[-76.973885,39.15892703498842]],[[-76.88848581567083,39.13099319546953],[-76.88540967316497,39.12921541154246]],[[-76.88540967316497,39.12921541154246],[-76.85096289041068,39.10892132064579]],[[-76.85096289041068,39.10892132064579],[-76.84098131676659,39.10378967487991]],[[-76.84098131676659,39.10378967487991],[-76.82640493290234,39.110534502345054]],[[-76.82640493290234,39.110534502345054],[-76.824608,39.117217],[-76.813312,39.122464],[-76.8012113312106,39.12219216025383]],[[-76.8012113312106,39.12219216025383],[-76.78785390933909,39.128372946019454],[-76.78562545618564,39.13103972990547]],[[-76.78562545618564,39.13103972990547],[-76.784263,39.139208],[-76.776962,39.150883],[-76.77193139844528,39.14742737191612]],[[-76.77193139844528,39.14742737191612],[-76.74478238142382,39.17991652745527],[-76.69990664258003,39.21296432794389]],[[-76.69990664258003,39.21296432794389],[-76.706082,39.218538]],[[-76.706082,39.218538],[-76.706082,39.218583363218244]],[[-76.706082,39.218583363218244],[-76.71129648005797,39.22140298846711]],[[-76.71129648005797,39.22140298846711],[-76.711671,39.221439]],[[-76.711671,39.221439],[-76.713988,39.222613]],[[-76.713988,39.222613],[-76.71439418225023,39.22307800864509]],[[-76.71439418225023,39.22307800864509],[-76.71939126544021,39.22578008090858]],[[-76.71939126544021,39.22578008090858],[-76.719529,39.225785]],[[-76.719529,39.225785],[-76.723644,39.228009]],[[-76.723644,39.228009],[-76.72378844018637,39.228157764742846]],[[-76.72378844018637,39.228157764742846],[-76.72466163417283,39.228629926834564]],[[-76.72466163417283,39.228629926834564],[-76.724727,39.228643]],[[-76.724727,39.228643],[-76.728391,39.229395]],[[-76.75056669400132,39.24263756708897],[-76.75891658144506,39.247152600841105]],[[-76.7639449277893,39.24987157802668],[-76.7764059575754,39.25660962934171]],[[-76.78776320205243,39.26275083094359],[-76.79313173315917,39.26565375619972]],[[-76.79424997811034,39.2662584246736],[-76.79447614761078,39.2675603887153]],[[-76.7919393942653,39.27156754689719],[-76.78892650551863,39.276326827815765]],[[-76.77845763620752,39.295420358640804],[-76.83485982678778,39.31163856581916]],[[-76.835624994074,39.31227249371707],[-76.83928545603048,39.31530512330702]],[[-77.16831907259072,39.35430564464644],[-77.16831907259072,39.35408928111163]],[[-77.16831907259072,39.35408928111163],[-77.16831907259072,39.35383721470219]],[[-77.16831907259072,39.35383721470219],[-77.16831907259072,39.35344658495584]],[[-76.84098131676659,39.10378967487991],[-76.840362,39.103142]],[[-76.840362,39.103142],[-76.828177,39.107984],[-76.82640493290234,39.110534502345054]],[[-76.8012113312106,39.12219216025383],[-76.792045,39.124546],[-76.78562545618564,39.13103972990547]],[[-76.77193139844528,39.14742737191612],[-76.767215,39.150297],[-76.763583,39.142844],[-76.755445,39.140055],[-76.759309,39.132564],[-76.757422,39.126692],[-76.749225,39.129773],[-76.740036,39.126162],[-76.738286,39.130495],[-76.717119,39.120827],[-76.715003,39.114206],[-76.719598,39.110922],[-76.704885,39.11202],[-76.699705,39.107675],[-76.701287,39.101577],[-76.694092,39.100608],[-76.689338,39.096476],[-76.685541,39.101981],[-76.681797,39.092945],[-76.677037,39.08775],[-76.675386,39.07972],[-76.661752,39.07528],[-76.665589,39.070707],[-76.651987,39.069516],[-76.648407,39.066566],[-76.669542,39.043526],[-76.655785,39.037774],[-76.650667,39.027483],[-76.657908,39.023798],[-76.647813,39.019141],[-76.640146,39.008297],[-76.638721,39.003607],[-76.624818,38.988226],[-76.611948,38.9833],[-76.608906,38.986112],[-76.604049,38.980392],[-76.601671,38.971746],[-76.593731,38.961983],[-76.587733,38.962672],[-76.575676,38.956187],[-76.555023,38.951452],[-76.544273,38.947294],[-76.518382,38.929213],[-76.493381,38.912813],[-76.48697957673147,38.909474804142846]],[[-76.48697957673147,38.909474804142846],[-76.46122815598156,38.90673554584545],[-76.45046027400274,38.94109793346933],[-76.47558533195331,38.972883142021416],[-76.3930315701157,39.011540828098276],[-76.43969239202391,39.05277569324693],[-76.42174592205922,39.074252185511845],[-76.42892451004509,39.131809184781844],[-76.52583544785448,39.178198408074074],[-76.53301403584035,39.20654737786377]],[[-76.53484441466756,39.206578669426804],[-76.550086,39.197207],[-76.58328,39.207404],[-76.58482681971692,39.20871546594417]],[[-76.61877847031809,39.237156360118135],[-76.630674,39.224187],[-76.639404,39.224029],[-76.64781225326502,39.22905650875536]],[[-76.64781225326502,39.22905650875536],[-76.69624264334053,39.21483081813359]],[[-76.69624264334053,39.21483081813359],[-76.69990664258003,39.21296432794389]],[[-76.72378844018637,39.228157764742846],[-76.723811,39.228181]],[[-76.723811,39.228181],[-76.724567,39.228611]],[[-76.724567,39.228611],[-76.72466163417283,39.228629926834564]],[[-76.71439418225023,39.22307800864509],[-76.714713,39.223443]],[[-76.714713,39.223443],[-76.719389,39.22578]],[[-76.719389,39.22578],[-76.71939126544021,39.22578008090858]],[[-76.706082,39.218583363218244],[-76.706082,39.218963]],[[-76.706082,39.218963],[-76.711099,39.221384]],[[-76.711099,39.221384],[-76.71129648005797,39.22140298846711]],[[-76.64781225326502,39.22905650875536],[-76.66173,39.231135],[-76.668744,39.228989],[-76.680177,39.220163],[-76.687745,39.221292],[-76.69675,39.217399],[-76.69624264334053,39.21483081813359]],[[-77.16831907259072,39.35383721470219],[-77.17096692784149,39.35223387978756]],[[-77.16342923937577,39.36893477023827],[-77.16831907259072,39.35408928111163]],[[-77.14598097403082,39.419759283209004],[-77.14789346270658,39.415413825467795]],[[-76.88540967316497,39.12921541154246],[-76.875433,39.116957],[-76.869003,39.112214],[-76.85096289041068,39.10892132064579]],[[-77.003555,38.966548],[-77.00287354203874,38.966014520899755]],[[-77.00287354203874,38.966014520899755],[-77.00219975898564,38.96773465821113]],[[-77.00219975898564,38.96773465821113],[-77.002677,38.967323]],[[-77.002677,38.967323],[-77.003555,38.966548]],[[-76.94578398978122,39.054640405281454],[-76.8883541411414,39.130950125091246]],[[-76.8883541411414,39.130950125091246],[-76.88848581567083,39.13099319546953]],[[-76.962973,39.14584],[-76.981201,39.137619],[-76.996002,39.13963],[-76.988856,39.121149],[-76.97969,39.11803],[-76.962149,39.116084],[-76.963279,39.101097],[-76.96923,39.095218],[-76.963386,39.087833],[-76.948247,39.082968],[-76.962696,39.062624],[-76.955856,39.06076],[-76.94578398978122,39.054640405281454]],[[-76.8883541411414,39.130950125091246],[-76.88540967316497,39.12921541154246]],[[-76.85096289041068,39.10892132064579],[-76.84169331923319,39.10346021499215]],[[-76.84169331923319,39.10346021499215],[-76.84098131676659,39.10378967487991]],[[-76.84169331923319,39.10346021499215],[-76.83810402524026,39.07167500644006],[-76.83737200623368,39.07136110458627]],[[-76.83737200623368,39.07136110458627],[-76.8324,39.076149],[-76.834908,39.082871],[-76.827097,39.090152],[-76.827838,39.094626],[-76.837206,39.096735],[-76.840362,39.103142]],[[-76.83242880452075,39.06924137795707],[-76.83132584788079,39.06876841191272]],[[-76.83132584788079,39.06876841191272],[-76.83242880452075,39.06924137795707]],[[-76.81647259931228,39.06239909333151],[-76.81567018151866,39.06205500331381]],[[-76.81567018151866,39.06205500331381],[-76.81647259931228,39.06239909333151]],[[-76.81499749784251,39.061766545430814],[-76.80143778147308,39.055951914844826]],[[-76.80143778147308,39.055951914844826],[-76.80452,39.062668],[-76.81499749784251,39.061766545430814]],[[-76.79940440212516,39.05507996815898],[-76.79451357992201,39.05298270272965]],[[-76.79451357992201,39.05298270272965],[-76.79940440212516,39.05507996815898]],[[-76.77660994428935,39.045305327737886],[-76.77645366181564,39.04523831122906]],[[-76.77645366181564,39.04523831122906],[-76.77660994428935,39.045305327737886]],[[-76.77529800859865,39.04474274802116],[-76.77388050890846,39.044134900715974]],[[-76.77388050890846,39.044134900715974],[-76.77529800859865,39.04474274802116]],[[-76.75815511055913,39.03739158988796],[-76.7515819025887,39.034378585526085]],[[-76.7515819025887,39.034378585526085],[-76.75815511055913,39.03739158988796]],[[-76.75815511055913,39.03739158988796],[-76.761952,39.035169],[-76.765391,39.040435],[-76.769153,39.038961],[-76.77388050890846,39.044134900715974]],[[-76.77529800859865,39.04474274802116],[-76.77645366181564,39.04523831122906]],[[-76.77660994428935,39.045305327737886],[-76.792621,39.04618],[-76.79451357992201,39.05298270272965]],[[-76.79940440212516,39.05507996815898],[-76.80143778147308,39.055951914844826]],[[-76.81499749784251,39.061766545430814],[-76.81567018151866,39.06205500331381]],[[-76.81647259931228,39.06239909333151],[-76.829161,39.065717],[-76.83132584788079,39.06876841191272]],[[-76.83242880452075,39.06924137795707],[-76.83737200623368,39.07136110458627]],[[-76.94578398978122,39.054640405281454],[-76.948996,39.049208],[-76.991098,38.992405],[-76.984787,38.987182],[-76.985747,38.977349],[-76.994183,38.975291],[-77.001731,38.968139]],[[-77.001731,38.968139],[-77.00219975898564,38.96773465821113]],[[-77.00287354203874,38.966014520899755],[-76.909393,38.892852],[-77.039006,38.791645],[-77.04118848761057,38.746703044406445]],[[-77.04118848761057,38.746703044406445],[-77.033527,38.746538],[-77.033997,38.725567],[-77.043398,38.703614],[-77.029097,38.698114],[-77.004133,38.696351],[-76.994408,38.69666],[-77.002766,38.692908],[-77.002063,38.686211],[-76.995132,38.685297],[-76.98805,38.693413],[-76.98656,38.698656],[-76.977445,38.699248],[-76.971539,38.706726],[-76.965461,38.705509],[-76.953906,38.708205],[-76.950994,38.705878],[-76.941517,38.708248],[-76.926953,38.714967],[-76.920865,38.715171],[-76.917695,38.720214],[-76.910094,38.720914],[-76.900798,38.727967],[-76.894181,38.727275],[-76.887872,38.731408],[-76.881511,38.731249],[-76.879029,38.739497],[-76.879665,38.758866],[-76.890027,38.7792],[-76.895398,38.783834],[-76.901072,38.798125],[-76.905789,38.804961],[-76.897717,38.808765],[-76.892417,38.816865],[-76.873722,38.830048],[-76.876143,38.831202],[-76.874229,38.840965],[-76.867001,38.83975],[-76.860053,38.85044],[-76.850715,38.859434],[-76.843872,38.872072],[-76.8442,38.883738],[-76.847344,38.892164],[-76.831667,38.898453],[-76.835276,38.908649],[-76.844897,38.916245],[-76.837771,38.926212],[-76.83047,38.933607],[-76.839958,38.944912],[-76.839076,38.946864],[-76.811069,38.946291],[-76.790426,38.94376],[-76.770202,38.945405],[-76.770368,38.95652],[-76.773331,38.963164],[-76.773528,38.972263],[-76.780824,38.97304],[-76.790069,38.976953],[-76.801455,38.996924],[-76.793622,39.001328],[-76.796593,39.00643],[-76.789463,39.010359],[-76.781885,39.010709],[-76.784807,39.019493],[-76.771129,39.02578],[-76.766931,39.018342],[-76.76215,39.021155],[-76.7515819025887,39.034378585526085]],[[-76.84988365451908,38.356257014712476],[-76.82733614326143,38.34748768726686],[-76.79862179131791,38.23666898717987],[-76.67299650156501,38.234091808108076],[-76.5904427397274,38.21433343522435],[-76.54737121181212,38.17567574914749],[-76.52942474184742,38.134440883998835],[-76.5007103899039,38.13701806307063],[-76.47558533195331,38.10437379482794],[-76.46840674396744,38.153340197191966],[-76.43969239202391,38.16107173440734],[-76.42174592205922,38.10609191420914],[-76.3930315701157,38.10265567544675],[-76.35354933619335,38.05283021339213],[-76.3212456902569,38.03650807927079],[-76.3391921602216,38.119836869258684],[-76.3212456902569,38.138736182451815],[-76.38585298212982,38.21776967398673],[-76.40021015810157,38.25900453913538],[-76.375085100151,38.29938034459344],[-76.40379945209452,38.311407180261796],[-76.43610309803098,38.292507867068664],[-76.44105050326449,38.29803371048386],[-76.45404956799568,38.29336692675926],[-76.47199603796038,38.32429307562075]],[[-76.47199603796038,38.32429307562075],[-76.5007103899039,38.37240041829418],[-76.60838920969209,38.42480305942059],[-76.65505003160031,38.465178864878645],[-76.67299650156501,38.49954125250252]],[[-76.67299650156501,38.49954125250252],[-76.77349673336734,38.50899090909908],[-76.82015755527556,38.434252716017156],[-76.87399696516965,38.380991015200145],[-76.84988365451908,38.356257014712476]],[[-76.82640493290234,39.110534502345054],[-76.8012113312106,39.12219216025383]],[[-76.78562545618564,39.13103972990547],[-76.77193139844528,39.14742737191612]],[[-76.67658579555795,38.53562175950759],[-76.67299650156501,38.49954125250252]],[[-76.47199603796038,38.32429307562075],[-76.4643423963578,38.3240488331597],[-76.46840674396744,38.32858837407373],[-76.41815662806628,38.322574956239556],[-76.38585298212982,38.361232642316416],[-76.41456733407334,38.41449434313343],[-76.49353180191801,38.48321911838118],[-76.5186568598686,38.539057998269975],[-76.51147827188272,38.615514310733104],[-76.53301403584035,38.67822566814667],[-76.52942474184742,38.71344711546115]],[[-76.52942474184742,38.71344711546115],[-76.62274638566386,38.7263330108201],[-76.62274638566386,38.76756787596875],[-76.68735367753678,38.74866856277562]],[[-76.68735367753678,38.74866856277562],[-76.70171085350853,38.71086993638936],[-76.67299650156501,38.61723243011429],[-76.67658579555795,38.53562175950759]],[[-76.67658579555795,38.53562175950759],[-76.74119308743087,38.5588163711537],[-76.74837167541675,38.61809148980489],[-76.86322908319083,38.658467295262945],[-76.96731860898609,38.66104447433474],[-77.02115801888019,38.64644045959459],[-77.04628307683076,38.616373370423695],[-77.0857653107531,38.70571557824577]],[[-77.0857653107531,38.70571557824577],[-77.13242613266132,38.67393036969369],[-77.12883683866839,38.63527268361683],[-77.10730107471075,38.634413623926235],[-77.11753720943136,38.629863789268626],[-77.11089036870368,38.62668208671086],[-77.18267624856249,38.60091029599295],[-77.23651565845658,38.55194389362893],[-77.27599789237892,38.481500998999984],[-77.25087283442834,38.38270913458134],[-77.20780130651306,38.35951452293522],[-77.08935460474605,38.40762186560865],[-77.01756872488724,38.445420491994916],[-76.97449719697197,38.34748768726686],[-76.92783637506375,38.32085683685836],[-76.92065778707787,38.29164880737807],[-76.84169331923319,38.2547092406824],[-76.83451473124731,38.27360855387553],[-76.87040767117671,38.33202461283612],[-76.85605049520495,38.358655463244624],[-76.84988365451908,38.356257014712476]],[[-76.83737200623368,39.07136110458627],[-76.83242880452075,39.06924137795707]],[[-76.83132584788079,39.06876841191272],[-76.81647259931228,39.06239909333151]],[[-76.81567018151866,39.06205500331381],[-76.81499749784251,39.061766545430814]],[[-76.80143778147308,39.055951914844826],[-76.79940440212516,39.05507996815898]],[[-76.79451357992201,39.05298270272965],[-76.77660994428935,39.045305327737886]],[[-76.77645366181564,39.04523831122906],[-76.77529800859865,39.04474274802116]],[[-76.77388050890846,39.044134900715974],[-76.75815511055913,39.03739158988796]],[[-76.7515819025887,39.034378585526085],[-76.6981215595156,38.98405091799918],[-76.69094297152971,38.924775799347984],[-76.66940720757208,38.90673554584545],[-76.69094297152971,38.85948726286262],[-76.70171085350853,38.78818530854308],[-76.68735367753678,38.74866856277562]],[[-76.52942474184742,38.71344711546115],[-76.55813909379094,38.76756787596875],[-76.49712109591096,38.81739333802337],[-76.5186568598686,38.86292350162501],[-76.49353180191801,38.91017178460784],[-76.48697957673147,38.909474804142846]],[[-77.04118848761057,38.746703044406445],[-77.04269378283783,38.71860147360473],[-77.053017,38.709932],[-77.07146323815651,38.7099943911836],[-77.0857653107531,38.70571557824577]],[[-78.33506492660912,39.63731749106799],[-78.315642,39.631279],[-78.26657553551591,39.61895854277158],[-78.2629258419642,39.62233866869646],[-78.262338,39.630495],[-78.254252,39.639976],[-78.238881,39.65146],[-78.226841,39.657338],[-78.223663,39.66274],[-78.233342,39.672046],[-78.226809,39.676269],[-78.20489124618301,39.676086809180305],[-78.191008,39.6903],[-78.18408927259273,39.69535234181341],[-78.171549,39.695643],[-78.154301,39.690623],[-78.143459,39.690493],[-78.13125,39.686733],[-78.104433,39.68144],[-78.098252,39.678912],[-78.08910742870688,39.67132105217028],[-78.083185,39.671528],[-78.075812,39.667781],[-78.062794,39.656662],[-78.054211,39.650986],[-78.049221,39.644471],[-78.037405,39.637044],[-78.023598,39.62182],[-78.00883459897945,39.602494805317576],[-78.00730995391471,39.60195521560077],[-77.94360657506574,39.61889602935029],[-77.936075,39.618986],[-77.92877715360926,39.614094081581314],[-77.88258857718577,39.59913765646656],[-77.881048,39.606007],[-77.886805,39.614621],[-77.874265,39.614079],[-77.864482,39.608931],[-77.840603,39.606778],[-77.8323384612846,39.60257389522894],[-77.829839,39.5869],[-77.8323384612846,39.57078868667686],[-77.8411,39.564701],[-77.86288781737501,39.56393399939994],[-77.88857312119569,39.55817071179472],[-77.88539681110352,39.55123455286806],[-77.870106,39.543086],[-77.865275,39.538412],[-77.86634067530551,39.52215890923538],[-77.86058334311635,39.514293],[-77.84074499736555,39.52283957817195],[-77.84056,39.529142],[-77.833539,39.532569],[-77.826292,39.529872],[-77.823498,39.523785],[-77.82515987329873,39.517845976679396],[-77.82515987329873,39.494332374213734],[-77.807346,39.49013],[-77.797252,39.489465],[-77.789593,39.492379],[-77.782153,39.499036],[-77.769634,39.498523],[-77.767278,39.491271],[-77.788632,39.485144],[-77.79634579253978,39.48101683611757],[-77.79380760663277,39.470082051261166],[-77.780302,39.464658],[-77.78223,39.459839],[-77.7919277042553,39.461983224460575],[-77.78567763937639,39.43505725556255],[-77.75337399343994,39.424748539275384],[-77.74549034747467,39.40852147810337],[-77.738407,39.398976],[-77.73542752347524,39.38780897257972],[-77.74422770885106,39.3656935404973],[-77.744327,39.356763],[-77.75089990957588,39.348925870764425],[-77.75659681901395,39.33460917078862],[-77.72107034750347,39.32166137640376],[-77.67789717687937,39.32448039558073]],[[-77.67789717687937,39.32448039558073],[-77.61698082170821,39.46941964318643],[-77.6241594096941,39.50721826957269],[-77.59903435174351,39.54072159750597],[-77.57031999979999,39.619755089040886],[-77.52006988389884,39.64037252161521],[-77.49135553195532,39.67645302862028],[-77.50930200192002,39.68418456583565],[-77.4700943511677,39.72001414732296]],[[-77.4700943511677,39.72001414732296],[-77.502821,39.719886],[-77.567486,39.72041],[-77.669563,39.720664],[-77.67849,39.720907],[-77.78975070815355,39.72157773739259],[-77.98954072130816,39.72239746826313],[-78.099403,39.722099],[-78.31920632848244,39.72284225191251],[-78.34162392446997,39.72242939333361]],[[-78.34162392446997,39.72242939333361],[-78.31330385633856,39.69277516274162],[-78.34201820828208,39.67559396892968],[-78.33506492660912,39.63731749106799]],[[-79.0646297562079,39.47887638816272],[-79.06141733717816,39.47283276577506],[-79.05581042900607,39.471101211734705],[-79.053369,39.480617],[-79.048214,39.483495],[-79.037023,39.476653],[-79.033719,39.46698],[-79.028668,39.464779],[-79.018031,39.467656],[-79.010924,39.461121],[-79.003248,39.458696],[-78.97519500474601,39.44620514436417],[-78.95645423502368,39.440417524068614],[-78.956003,39.447929],[-78.960336,39.450578],[-78.954368,39.454218],[-78.95913,39.460124],[-78.95754,39.463903],[-78.946289,39.466203],[-78.93852,39.474572],[-78.942539,39.48063],[-78.934298,39.486284],[-78.91672,39.48632],[-78.913244,39.494594],[-78.907582,39.498056],[-78.904081,39.504072],[-78.905513,39.511545],[-78.89311,39.512594],[-78.891501,39.519368],[-78.893548,39.523421],[-78.888916,39.524912],[-78.88094277410026,39.52179174145623],[-78.86952892372562,39.533150215096846],[-78.870293,39.539156],[-78.86181613272323,39.54082558584561],[-78.851955,39.551227],[-78.851078,39.559945],[-78.83593101360012,39.56658511778211],[-78.82570575433935,39.57676076701263],[-78.825722,39.589177],[-78.819332,39.589889],[-78.818132,39.594316],[-78.811871,39.597994],[-78.808374,39.608208],[-78.797861,39.605011],[-78.795268,39.6107],[-78.801225,39.6257],[-78.790771,39.638275],[-78.781195,39.636846],[-78.776373,39.644933],[-78.766774,39.648283],[-78.764753,39.644707],[-78.772635,39.636885],[-78.778158,39.625344],[-78.77740876391317,39.62187139024528],[-78.7626767542069,39.6191591200403],[-78.748894,39.62656],[-78.736796,39.622187],[-78.73355609594614,39.613797794917346],[-78.746652,39.605752],[-78.75025027376887,39.60936017052187],[-78.77810036116728,39.6021818052297],[-78.77775747863043,39.60100081702829],[-78.73313188679822,39.58588036196134],[-78.72828825265762,39.57080981574617],[-78.72371,39.563493],[-78.713201,39.562277],[-78.70792503583839,39.55614373057119],[-78.695024,39.553835],[-78.69173690382185,39.54921048851564],[-78.66512078986152,39.53781102868442],[-78.65535743150681,39.53474166922136],[-78.61991,39.539236],[-78.610222,39.535556],[-78.59093473190919,39.53413075790834],[-78.5681437298373,39.520104164931645],[-78.554128,39.521682],[-78.542496,39.521538],[-78.527333,39.524801],[-78.515028,39.523144],[-78.503279,39.518582],[-78.490003,39.51765],[-78.485425,39.519513],[-78.46842391291942,39.51669460960897],[-78.460804,39.525361],[-78.462969,39.533398],[-78.458004,39.538349],[-78.451152,39.537901],[-78.448763,39.542496],[-78.459612,39.545552],[-78.457983,39.551432],[-78.448112,39.548458],[-78.439837,39.539082],[-78.434647,39.541903],[-78.439099,39.551768],[-78.430505,39.551565],[-78.42388620756932,39.54509422334125],[-78.41739338213382,39.54931219441194],[-78.42632,39.559222],[-78.43802,39.563477],[-78.449874,39.570619],[-78.45804,39.579708],[-78.457368,39.586916],[-78.453076,39.589689],[-78.4425184400844,39.59140611925118],[-78.39751645022407,39.590577599865874],[-78.411617,39.597442],[-78.421776,39.604207],[-78.43533985209852,39.61803696965969],[-78.432191,39.622016],[-78.42478,39.624541],[-78.394909,39.615623],[-78.3849480195262,39.60940135446451],[-78.38150044220441,39.62920474563745],[-78.35510471422599,39.63309246213843],[-78.358508,39.635474],[-78.355323,39.640663],[-78.33506492660912,39.63731749106799]],[[-78.34162392446997,39.72242939333361],[-78.408653,39.722793],[-78.500493,39.722831],[-78.537597,39.722472],[-78.61613789996588,39.72284225191251],[-78.92710391335606,39.72278765403418]],[[-78.92710391335606,39.72278765403418],[-79.0646297562079,39.47887638816272]],[[-77.31142053562553,39.639423413480856],[-77.31153320994925,39.639012130659886]],[[-77.30213844704213,39.625842125344235],[-77.30004083013183,39.62290159069405]],[[-77.27593703332133,39.632779361153396],[-77.29832663160173,39.636916303132914]],[[-77.28727109643816,39.60500039805217],[-77.26526479688572,39.597293410593934]],[[-77.27158654245041,39.64267118049564],[-77.27241155022915,39.640795339781256]],[[-77.26511662388164,39.65738199533016],[-77.26612005043633,39.65510047940547]],[[-77.26005223287095,39.5955967123161],[-77.23853217685728,39.588591898202786]],[[-77.23585202795148,39.68380200504777],[-77.26170303789593,39.66514355072283]],[[-77.23524517600353,39.5875219739444],[-77.23158700972972,39.586331234722934]],[[-77.21593593818227,39.69810212363546],[-77.21880523416958,39.69604191636801]],[[-77.2185018242823,39.719862],[-77.21716886527462,39.7118862577303]],[[-77.21716886527462,39.7118862577303],[-77.216919,39.712004]],[[-77.217024,39.719861],[-77.2185018242823,39.719862]],[[-77.20949330324697,39.57913969642547],[-77.19727051360928,39.57516115801908]],[[-77.19353952979934,39.57194813431645],[-77.18719219050696,39.56625125144129]],[[-77.18038296012944,39.56013981070305],[-77.16949513126973,39.55036773410189]],[[-77.14789346270658,39.415413825467795],[-77.16342923937577,39.36893477023827]],[[-77.12660653002462,39.4444903178265],[-77.14598097403082,39.419759283209004]],[[-77.11091076094067,39.49755386362751],[-77.11221179873904,39.48385271745446]],[[-78.92710391335606,39.72278765403418],[-78.99628327312976,39.722587410088224],[-79.39368134821348,39.721124132531315],[-79.47623599457297,39.72108179233317],[-79.47682969115657,39.69266278823847],[-79.476565,39.642471],[-79.477764,39.642282],[-79.478866,39.531689],[-79.48019256720272,39.531689],[-79.48657380089183,39.226232793326886],[-79.486875,39.205896],[-79.45310181563721,39.21136804067907],[-79.444606260567,39.21656025837304],[-79.4244983221981,39.231581476041164],[-79.420836,39.238453],[-79.41310025633987,39.240096164375245],[-79.408964,39.24646],[-79.3985,39.253051],[-79.393285,39.261627],[-79.387376,39.263549],[-79.387812,39.267413],[-79.381857,39.266865],[-79.378809,39.271818],[-79.36763609738897,39.274059219919316],[-79.3326633503335,39.30018488413884],[-79.3224228700601,39.29998063821952],[-79.312867,39.304633],[-79.304304,39.299958],[-79.29059391708286,39.29934581118134],[-79.289517,39.304444],[-79.283884,39.309844],[-79.282132,39.323273],[-79.27254323337739,39.327888625262915],[-79.25369888248882,39.35688282371823],[-79.2010872634075,39.381254507396825],[-79.197556,39.388461],[-79.18969468060529,39.38653198087485],[-79.1785659418559,39.39168723184941],[-79.177372,39.396742],[-79.17356713545708,39.39400286726322],[-79.16592666448254,39.39754222121199],[-79.164512,39.405679],[-79.160396,39.407976],[-79.160305,39.415923],[-79.15535,39.418299],[-79.149649,39.414451],[-79.1492869861968,39.405250346960166],[-79.14108823670654,39.41028017949571],[-79.14231,39.416687],[-79.13508164731132,39.4185741056682],[-79.10704192185631,39.457291487117],[-79.107879,39.461221],[-79.10287361114729,39.4630471096525],[-79.09873548979886,39.468761046580525],[-79.105584,39.473571],[-79.100194,39.476999],[-79.09247965085795,39.47305275636332],[-79.06869533221034,39.47447588786625],[-79.0646297562079,39.47887638816272]],[[-77.342108,39.062926],[-77.341758,39.07735],[-77.329452,39.087574],[-77.329185,39.090934],[-77.335354,39.088366],[-77.341844,39.095424],[-77.342774,39.104821],[-77.336427,39.105736],[-77.33214,39.114646],[-77.335876,39.128654],[-77.334533,39.134243],[-77.314384,39.146968],[-77.307005,39.14571],[-77.274208,39.124126],[-77.263869,39.116234],[-77.257225,39.11835],[-77.257405,39.121417],[-77.245326,39.1153],[-77.228996,39.104044],[-77.21347,39.100662],[-77.206362,39.103371],[-77.208317,39.105946],[-77.203516,39.110038],[-77.195228,39.107044],[-77.18796,39.110164],[-77.182338,39.119486],[-77.170904,39.12809],[-77.180289,39.138406],[-77.178364,39.146749],[-77.171958,39.147774],[-77.172103,39.151878],[-77.180968,39.153964],[-77.183305,39.158971],[-77.196774,39.16051],[-77.194297,39.169662],[-77.210022,39.176306],[-77.210968,39.184326],[-77.198451,39.186829],[-77.191957,39.190617],[-77.19651,39.196136],[-77.20343,39.199638],[-77.206832,39.210083],[-77.203613,39.212242],[-77.210456,39.217018],[-77.199226,39.223171],[-77.196388,39.227066],[-77.186314,39.229306],[-77.180572,39.236354],[-77.174057,39.239124],[-77.172935,39.244029],[-77.163681,39.254245],[-77.163029,39.265873],[-77.172691,39.269062],[-77.176528,39.274871],[-77.172378,39.284629],[-77.16275,39.289745],[-77.157447,39.289699],[-77.14901615318337,39.293755633476636]],[[-77.14901615318337,39.293755633476636],[-77.15718494959194,39.304019988967646]],[[-77.17096692784149,39.35223387978756],[-77.45868978986316,39.22045817123825]],[[-77.45868978986316,39.22045817123825],[-77.47442838058245,39.206951600935135],[-77.476711,39.191747],[-77.481202,39.187909],[-77.50233775107532,39.18273727627972],[-77.5164805899059,39.170466870858704],[-77.52005526510634,39.120844342331644],[-77.48417694396943,39.10947363282632],[-77.468909,39.089679],[-77.46910033480837,39.08601885398315],[-77.46203671832687,39.075888194022376],[-77.36313807462226,39.06245367212538],[-77.342108,39.062926]],[[-77.16831907259072,39.35408928111163],[-77.16831907259072,39.35383721470219]],[[-77.14901615318337,39.293755633476636],[-77.144669,39.294707]],[[-77.67789717687937,39.32448039558073],[-77.61678508535284,39.30276518637288],[-77.58382266947461,39.30329113349677],[-77.568753,39.306447],[-77.562612,39.303039],[-77.54242224481897,39.266429265902424],[-77.53701181018609,39.26361022250661],[-77.49494482594825,39.25121848177481],[-77.484731,39.246052],[-77.471105,39.234303],[-77.460726,39.228799],[-77.45868978986316,39.22045817123825]],[[-77.217197,39.711873],[-77.21716886527462,39.7118862577303]],[[-77.2185018242823,39.719862],[-77.4700943511677,39.72001414732296]],[[-76.61915709167091,39.23747352672526],[-76.61877847031809,39.237156360118135]],[[-76.58482681971692,39.20871546594417],[-76.58326415174152,39.20740643755437],[-76.53484441466756,39.206578669426804]],[[-76.53399158269559,39.20709329745173],[-76.56531768177682,39.224587631366305],[-76.57608556375564,39.26410437713376],[-76.52942474184742,39.24090976548765]],[[-76.52942474184742,39.24090976548765],[-76.52942474184742,39.33028479296782]],[[-76.71247873548735,39.354765614260465],[-76.71247873548735,39.277849332183315],[-76.61915709167091,39.23747352672526]],[[-76.724727,39.228643],[-76.72466163417285,39.22862992683457]],[[-76.72466163417285,39.22862992683457],[-76.72860832224045,39.2307640190549]],[[-76.72378844018637,39.22815776474284],[-76.723644,39.228009]],[[-76.719529,39.225785],[-76.71939126544022,39.22578008090858]],[[-76.71939126544022,39.22578008090858],[-76.72378844018637,39.22815776474284]],[[-76.71439418225022,39.223078008645075],[-76.713988,39.222613]],[[-76.711671,39.221439],[-76.71129648005798,39.22140298846711]],[[-76.71129648005798,39.22140298846711],[-76.71439418225022,39.223078008645075]],[[-76.69990664258003,39.21296432794389],[-76.6981215595156,39.21427891507914]],[[-76.6981215595156,39.21427891507914],[-76.706082,39.21858336321824]],[[-76.706082,39.21858336321824],[-76.706082,39.218538]],[[-76.69624264334053,39.21483081813359],[-76.6981215595156,39.21427891507914]],[[-76.61915709167091,39.23747352672526],[-76.64781225326502,39.22905650875536]],[[-76.72466163417285,39.22862992683457],[-76.724567,39.228611]],[[-76.723811,39.228181],[-76.72378844018637,39.22815776474284]],[[-76.71939126544022,39.22578008090858],[-76.719389,39.22578]],[[-76.714713,39.223443],[-76.71439418225022,39.223078008645075]],[[-76.71129648005798,39.22140298846711],[-76.711099,39.221384]],[[-76.706082,39.218963],[-76.706082,39.21858336321824]],[[-76.52942474184742,39.24090976548765],[-76.49712109591096,39.224587631366305],[-76.48994250792508,39.20225207941079],[-76.44328168601686,39.19537960188601],[-76.41815662806628,39.21943327322273],[-76.38485739220818,39.236131946152156]],[[-77.342108,39.062926],[-77.3141757734055,39.052062956271236],[-77.304662,39.05137],[-77.290388,39.04494],[-77.28641033061432,39.04166151364946],[-77.2472835404354,39.02700390252902],[-77.245308,39.017777],[-77.24845429854638,39.01355388898232],[-77.25009541200191,38.99470029488671],[-77.2450692631806,38.98281736219667],[-77.23390820041863,38.977140886355876],[-77.228781,38.978746],[-77.223953,38.972219],[-77.21599984502811,38.97072282114891],[-77.15037260262602,38.966010664496636],[-77.145081,38.963146],[-77.135253,38.953513],[-77.13228558031605,38.94821391866368],[-77.11902711366164,38.935168235568966],[-77.100625,38.949164],[-77.040882,38.995845],[-77.003555,38.966548]],[[-77.002677,38.967323],[-77.00219975898563,38.967734658211135]],[[-77.00219975898563,38.967734658211135],[-76.99244366693667,38.992641514905145],[-76.94578398978122,39.054640405281454]],[[-76.973885,39.15892703498842],[-76.99612479958931,39.166429844635914]],[[-76.9985275452667,39.17318693894375],[-76.99917810338911,39.17501646365259]],[[-76.99988553023869,39.17700591679509],[-77.00048274162285,39.178685417743736]],[[-77.004289,39.18938952473954],[-77.00575746280307,39.19351919261963]],[[-77.00983490765312,39.204985940701214],[-77.01186562110468,39.20768989478659]],[[-77.03213654426928,39.22338635070585],[-77.05056454132225,39.23765576710457]],[[-77.06245724098707,39.24686468346886],[-77.07140813478135,39.2537956608466],[-77.11357386198,39.264518328430206]],[[-77.11392453467748,39.26460750385811],[-77.1289145534612,39.26849732672412]],[[-77.134108980012,39.275024290798484],[-77.14901615318337,39.293755633476636]],[[-77.00219975898563,38.967734658211135],[-77.001731,38.968139]]]}