{"type":"Topology","bbox":[-104.04854178571784,45.935561934309334,-96.55768522245222,49.00068691035909],"objects":{"counties":{"type":"GeometryCollection","geometries":[{"type":"Polygon","arcs":[[0,1,2,3,4,5]],"id":"38017","properties":{"name":"Cass"}},{"type":"Polygon","arcs":[[6,7,8,9,10]],"id":"38021","properties":{"name":"Dickey"}},{"type":"Polygon","arcs":[[11,12,13,14,15,16,17]],"id":"38063","properties":{"name":"Nelson"}},{"type":"Polygon","arcs":[[18,19,20,21,22]],"id":"38075","properties":{"name":"Renville"}},{"type":"Polygon","arcs":[[-15,23,24,25,26,27]],"id":"38039","properties":{"name":"Griggs"}},{"type":"Polygon","arcs":[[28,29,30,31,32,33,34]],"id":"38087","properties":{"name":"Slope"}},{"type":"Polygon","arcs":[[-4,35,36,37]],"id":"38077","properties":{"name":"Richland"}},{"type":"Polygon","arcs":[[38,39,40,41,42,43]],"id":"38095","properties":{"name":"Towner"}},{"type":"Polygon","arcs":[[44,-5,-38,45,-9,46]],"id":"38073","properties":{"name":"Ransom"}},{"type":"Polygon","arcs":[[47,48,49,-30,50]],"id":"38007","properties":{"name":"Billings"}},{"type":"Polygon","arcs":[[-22,51,52,53,54,55]],"id":"38049","properties":{"name":"McHenry"}},{"type":"Polygon","arcs":[[56,57,58,-52,-21]],"id":"38009","properties":{"name":"Bottineau"}},{"type":"Polygon","arcs":[[59,60,61,62,63]],"id":"38047","properties":{"name":"Logan"}},{"type":"Polygon","arcs":[[-25,64,-6,-45,65,66]],"id":"38003","properties":{"name":"Barnes"}},{"type":"Polygon","arcs":[[67,68,-26,-67,69,-61,70]],"id":"38093","properties":{"name":"Stutsman"}},{"type":"Polygon","arcs":[[71,72,73,74,-40]],"id":"38019","properties":{"name":"Cavalier"}},{"type":"Polygon","arcs":[[75,-44,76,-58]],"id":"38079","properties":{"name":"Rolette"}},{"type":"Polygon","arcs":[[77,78,79,-32]],"id":"38041","properties":{"name":"Hettinger"}},{"type":"Polygon","arcs":[[-14,80,81,-1,-65,-24]],"id":"38091","properties":{"name":"Steele"}},{"type":"Polygon","arcs":[[-70,-66,-47,-8,82,-62]],"id":"38045","properties":{"name":"LaMoure"}},{"type":"Polygon","arcs":[[83,84,85,86]],"id":"38065","properties":{"name":"Oliver"}},{"type":"Polygon","arcs":[[87,-86,88,89,90,91,92]],"id":"38059","properties":{"name":"Morton"}},{"type":"Polygon","arcs":[[-74,93,94,95,-12,96]],"id":"38099","properties":{"name":"Walsh"}},{"type":"Polygon","arcs":[[97,-55,98,99,-84,100,101,102]],"id":"38055","properties":{"name":"McLean"}},{"type":"Polygon","arcs":[[103,104,105,106,107]],"id":"38105","properties":{"name":"Williams"}},{"type":"Polygon","arcs":[[-101,-87,-88,108,109]],"id":"38057","properties":{"name":"Mercer"}},{"type":"Polygon","arcs":[[110,-91,111,112,113]],"id":"38085","properties":{"name":"Sioux"}},{"type":"Polygon","arcs":[[114,-94,-73]],"id":"38067","properties":{"name":"Pembina"}},{"type":"Polygon","arcs":[[115,116,-2,-82]],"id":"38097","properties":{"name":"Traill"}},{"type":"Polygon","arcs":[[-41,-75,-97,-18,117]],"id":"38071","properties":{"name":"Ramsey"}},{"type":"Polygon","arcs":[[-96,118,-116,-81,-13]],"id":"38035","properties":{"name":"Grand Forks"}},{"type":"Polygon","arcs":[[119,120,-103,121,122,-106]],"id":"38061","properties":{"name":"Mountrail"}},{"type":"Polygon","arcs":[[123,-104,124]],"id":"38023","properties":{"name":"Divide"}},{"type":"Polygon","arcs":[[-92,-111,125,-79,126]],"id":"38037","properties":{"name":"Grant"}},{"type":"Polygon","arcs":[[-46,-37,127,-10]],"id":"38081","properties":{"name":"Sargent"}},{"type":"Polygon","arcs":[[-34,128,129]],"id":"38011","properties":{"name":"Bowman"}},{"type":"Polygon","arcs":[[130,-51,-29,131]],"id":"38033","properties":{"name":"Golden Valley"}},{"type":"Polygon","arcs":[[-63,-83,-7,132,133]],"id":"38051","properties":{"name":"McIntosh"}},{"type":"Polygon","arcs":[[134,-109,-93,-127,-78,-31,-50]],"id":"38089","properties":{"name":"Stark"}},{"type":"Polygon","arcs":[[-23,-56,-98,-121,135]],"id":"38101","properties":{"name":"Ward"}},{"type":"Polygon","arcs":[[-59,-77,-43,136,137,138,-53]],"id":"38069","properties":{"name":"Pierce"}},{"type":"Polygon","arcs":[[-54,-139,139,140,141,-99]],"id":"38083","properties":{"name":"Sheridan"}},{"type":"Polygon","arcs":[[-107,-123,142,-48,-131,143]],"id":"38053","properties":{"name":"McKenzie"}},{"type":"Polygon","arcs":[[-33,-80,-126,-114,144,-129]],"id":"38001","properties":{"name":"Adams"}},{"type":"Polygon","arcs":[[145,-19,-136,-120,-105,-124]],"id":"38013","properties":{"name":"Burke"}},{"type":"Polygon","arcs":[[-141,146,-71,-60,147,148]],"id":"38043","properties":{"name":"Kidder"}},{"type":"Polygon","arcs":[[149,-16,-28,150,151]],"id":"38027","properties":{"name":"Eddy"}},{"type":"Polygon","arcs":[[-151,-27,-69,152]],"id":"38031","properties":{"name":"Foster"}},{"type":"Polygon","arcs":[[-42,-118,-17,-150,153,-137]],"id":"38005","properties":{"name":"Benson"}},{"type":"Polygon","arcs":[[154,-148,-64,-134,155,-112,-90]],"id":"38029","properties":{"name":"Emmons"}},{"type":"Polygon","arcs":[[-122,-102,-110,-135,-49,-143]],"id":"38025","properties":{"name":"Dunn"}},{"type":"Polygon","arcs":[[-138,-154,-152,-153,-68,-147,-140]],"id":"38103","properties":{"name":"Wells"}},{"type":"Polygon","arcs":[[-100,-142,-149,-155,-89,-85]],"id":"38015","properties":{"name":"Burleigh"}}]}},"arcs":[[[-97.706259300193,47.23961454463544],[-97.45141942669426,47.23875548494484]],[[-97.45141942669426,47.23875548494484],[-96.83406085990859,47.23789642525424]],[[-96.83406085990859,47.23789642525424],[-96.83047156591566,47.15027233681336],[-96.81970368393684,47.115909949189486],[-96.82329297792977,46.96901074209741],[-96.78381074400744,46.92519869787697],[-96.7622749800498,46.93464835447354],[-96.78381074400744,46.8341383706737],[-96.80175721397214,46.81953435593355],[-96.7802214500145,46.7233196705867],[-96.79816791997919,46.66490361162611],[-96.79098933199332,46.63311840307402]],[[-96.79098933199332,46.63311840307402],[-96.79816791997919,46.63054122400223],[-97.27913331503315,46.62968216431164]],[[-97.27913331503315,46.62968216431164],[-97.68113424224242,46.62968216431164]],[[-97.68113424224242,46.62968216431164],[-97.68113424224242,46.97846039869398],[-97.706259300193,46.97846039869398],[-97.706259300193,47.23961454463544]],[[-99.00558372563725,45.93985723276232],[-99.0019944316443,46.28262204931048]],[[-99.0019944316443,46.28262204931048],[-98.03288505355053,46.28262204931048]],[[-98.03288505355053,46.28262204931048],[-98.00775999559995,46.28262204931048]],[[-98.00775999559995,46.28262204931048],[-98.00775999559995,45.93642099399993]],[[-98.00775999559995,45.93642099399993],[-98.41335021680216,45.93642099399993],[-98.72561879418794,45.938998173071724],[-99.00558372563725,45.93985723276232]],[[-98.2913142210422,48.194888920579196],[-97.9036704698047,48.194888920579196]],[[-97.9036704698047,48.194888920579196],[-97.9036704698047,48.02049980338803],[-97.88213470584705,48.02049980338803],[-97.88213470584705,47.67258062869628]],[[-97.88213470584705,47.67258062869628],[-97.98622423164231,47.67258062869628]],[[-97.98622423164231,47.67258062869628],[-98.49949327263272,47.67258062869628]],[[-98.49949327263272,47.67258062869628],[-98.5246183305833,47.67258062869628],[-98.5246183305833,47.84611068619685]],[[-98.5246183305833,47.84611068619685],[-98.5246183305833,47.9148354614446]],[[-98.5246183305833,47.9148354614446],[-98.5246183305833,48.021358863078625],[-98.42411809878098,48.021358863078625],[-98.42052880478805,48.194888920579196],[-98.2913142210422,48.194888920579196]],[[-102.02059067970679,48.80739847997479],[-102.02059067970679,48.998968790977905]],[[-102.02059067970679,48.998968790977905],[-101.49655375673757,48.999827850668495]],[[-101.49655375673757,48.999827850668495],[-101.49655375673757,48.71977439153391],[-101.44989293482935,48.71977439153391],[-101.44989293482935,48.54624433403333],[-101.05865988959889,48.545385274342735]],[[-101.05865988959889,48.545385274342735],[-101.05865988959889,48.45862024559245]],[[-101.05865988959889,48.45862024559245],[-101.8411259800598,48.45947930528305],[-101.8411259800598,48.71977439153391],[-102.02059067970679,48.72063345122451],[-102.02059067970679,48.80739847997479]],[[-97.98622423164231,47.67258062869628],[-97.98263493764937,47.6657081511715],[-97.98622423164231,47.32637957338573],[-97.96109917369174,47.32637957338573],[-97.96109917369174,47.240473604326034]],[[-97.96109917369174,47.240473604326034],[-98.46718962669627,47.240473604326034]],[[-98.46718962669627,47.240473604326034],[-98.46718962669627,47.32637957338573],[-98.49949327263272,47.32637957338573]],[[-98.49949327263272,47.32637957338573],[-98.49949327263272,47.58753371932718]],[[-98.49949327263272,47.58753371932718],[-98.49949327263272,47.67258062869628]],[[-104.04495249172491,46.54119901618015],[-103.800880500205,46.54033995648956],[-103.800880500205,46.62968216431164],[-103.61064791857918,46.62968216431164]],[[-103.61064791857918,46.62968216431164],[-103.23018275532755,46.62968216431164]],[[-103.23018275532755,46.62968216431164],[-102.92868205992059,46.62968216431164]],[[-102.92868205992059,46.62968216431164],[-102.92509276592766,46.281762989619885]],[[-102.92509276592766,46.281762989619885],[-102.99687864578645,46.280903929929295]],[[-102.99687864578645,46.280903929929295],[-103.35939733907338,46.2800448702387],[-104.04495249172491,46.2800448702387]],[[-104.04495249172491,46.2800448702387],[-104.04495249172491,46.54119901618015]],[[-96.79098933199332,46.63311840307402],[-96.78381074400744,46.62968216431164],[-96.75150709807097,46.582433881328804],[-96.73714992209922,46.48020577814778],[-96.71920345213452,46.43811185330853],[-96.64741757227571,46.35392400363003],[-96.6007567503675,46.330729391983915],[-96.59716745637456,46.219910691896914],[-96.55768522245222,46.058407470064694],[-96.57563169241692,46.02146790336903],[-96.5648638104381,45.935561934309334],[-97.22888319913199,45.935561934309334]],[[-97.22888319913199,45.935561934309334],[-97.22888319913199,45.992259873888734],[-97.26118684506845,45.99741423203231],[-97.2575975510755,46.28262204931048],[-97.27913331503315,46.28262204931048]],[[-97.27913331503315,46.28262204931048],[-97.27913331503315,46.62968216431164]],[[-99.52603135461354,48.998968790977905],[-98.99840513765137,48.999827850668495]],[[-98.99840513765137,48.999827850668495],[-98.99840513765137,48.718056272152715],[-98.96969078570785,48.718056272152715],[-98.96969078570785,48.54452621465214]],[[-98.96969078570785,48.54452621465214],[-98.96969078570785,48.37013709746097],[-99.199405601256,48.370996157151566]],[[-99.199405601256,48.370996157151566],[-99.49372770867708,48.370996157151566]],[[-99.49372770867708,48.370996157151566],[-99.49372770867708,48.54452621465214]],[[-99.49372770867708,48.54452621465214],[-99.49372770867708,48.718056272152715],[-99.52603135461354,48.718056272152715],[-99.52603135461354,48.998968790977905]],[[-98.03288505355053,46.63054122400223],[-97.68113424224242,46.62968216431164]],[[-97.27913331503315,46.28262204931048],[-98.00775999559995,46.28262204931048]],[[-98.03288505355053,46.28262204931048],[-98.03288505355053,46.63054122400223]],[[-103.66807662246622,47.328956752457515],[-103.10096817158171,47.328956752457515]],[[-103.10096817158171,47.328956752457515],[-103.03277158571585,47.328956752457515],[-103.03277158571585,46.98017851807517]],[[-103.03277158571585,46.98017851807517],[-103.23018275532755,46.98017851807517],[-103.23018275532755,46.62968216431164]],[[-103.61064791857918,46.62968216431164],[-103.61064791857918,46.98017851807517],[-103.66807662246622,46.98017851807517],[-103.66807662246622,47.328956752457515]],[[-101.05865988959889,48.545385274342735],[-101.05865988959889,48.63215030309302],[-100.40540838288382,48.63215030309302],[-100.40540838288382,48.54452621465214],[-100.27619379913799,48.54452621465214]],[[-100.27619379913799,48.54452621465214],[-100.27619379913799,48.370996157151566],[-100.23671156521564,48.370996157151566],[-100.23671156521564,48.02221792276922],[-100.19722933129331,48.02221792276922],[-100.19722933129331,47.84782880557805]],[[-100.19722933129331,47.84782880557805],[-100.58487308253082,47.84782880557805]],[[-100.58487308253082,47.84782880557805],[-100.97251683376834,47.848687865268644]],[[-100.97251683376834,47.848687865268644],[-100.9689275397754,48.02221792276922],[-101.01558836168361,48.02307698245982],[-101.01558836168361,48.371855216842164],[-101.05865988959889,48.371855216842164],[-101.05865988959889,48.45862024559245]],[[-101.49655375673757,48.999827850668495],[-101.12685647546475,48.998968790977905],[-100.18287215532155,48.998968790977905]],[[-100.18287215532155,48.998968790977905],[-100.18287215532155,48.71891533184331],[-100.14697921539215,48.71891533184331],[-100.14697921539215,48.545385274342735]],[[-100.14697921539215,48.545385274342735],[-100.27619379913799,48.54452621465214]],[[-99.91726439984399,46.63311840307402],[-99.4506561807618,46.63140028369283]],[[-99.4506561807618,46.63140028369283],[-99.03788737157372,46.63054122400223]],[[-99.03788737157372,46.63054122400223],[-99.03788737157372,46.28348110900108]],[[-99.03788737157372,46.28348110900108],[-99.87778216592166,46.28262204931048]],[[-99.87778216592166,46.28262204931048],[-99.91726439984399,46.28348110900108],[-99.91726439984399,46.63311840307402]],[[-97.96109917369174,47.240473604326034],[-97.706259300193,47.23961454463544]],[[-98.03288505355053,46.63054122400223],[-98.43847527475275,46.63140028369283]],[[-98.43847527475275,46.63140028369283],[-98.43847527475275,46.97931945838457],[-98.46718962669627,46.97931945838457],[-98.46718962669627,47.240473604326034]],[[-99.47937053270532,47.32723863307632],[-99.26760218712187,47.32723863307632]],[[-99.26760218712187,47.32723863307632],[-98.49949327263272,47.32637957338573]],[[-98.43847527475275,46.63140028369283],[-99.03788737157372,46.63054122400223]],[[-99.4506561807618,46.63140028369283],[-99.44706688676887,46.98103757776577],[-99.47937053270532,46.98103757776577],[-99.47937053270532,47.32723863307632]],[[-98.99840513765137,48.999827850668495],[-97.95033129171291,49.00068691035909]],[[-97.95033129171291,49.00068691035909],[-97.95033129171291,48.718056272152715],[-97.92879552775527,48.718056272152715],[-97.92879552775527,48.54280809527094]],[[-97.92879552775527,48.54280809527094],[-98.31643927899279,48.54366715496154]],[[-98.31643927899279,48.54366715496154],[-98.96969078570785,48.54452621465214]],[[-100.18287215532155,48.998968790977905],[-99.52603135461354,48.998968790977905]],[[-99.49372770867708,48.54452621465214],[-100.14697921539215,48.545385274342735]],[[-102.92868205992059,46.62968216431164],[-102.09596585355852,46.63140028369283]],[[-102.09596585355852,46.63140028369283],[-102.0493050316503,46.63054122400223],[-102.04571573765737,46.28348110900108],[-101.99905491574916,46.28348110900108],[-101.99905491574916,46.20530667715676]],[[-101.99905491574916,46.20530667715676],[-102.4979667807678,46.20616573684736],[-102.4979667807678,46.28348110900108],[-102.92509276592766,46.281762989619885]],[[-97.88213470584705,47.67258062869628],[-97.4729551906519,47.67172156900568]],[[-97.4729551906519,47.67172156900568],[-97.4729551906519,47.324661454004534],[-97.45141942669426,47.324661454004534],[-97.45141942669426,47.23875548494484]],[[-99.0019944316443,46.28262204931048],[-99.03788737157372,46.28348110900108]],[[-101.25607105921058,47.26452727566275],[-101.19505306133061,47.249064201232],[-101.18428517935179,47.279131290402894],[-101.05865988959889,47.29287624545245],[-100.97610612776127,47.2499232609226],[-100.99405259772597,47.20439309732097],[-100.96533824578245,47.15628575464754]],[[-100.96533824578245,47.15628575464754],[-100.94380248182482,47.1391045608356],[-100.92585601186012,47.07725226311263],[-100.88278448394483,47.047185173941735],[-100.8791951899519,47.02227244291442],[-100.93662389383893,46.98275569714696]],[[-100.93662389383893,46.98275569714696],[-101.76575080620806,46.98103757776577]],[[-101.76575080620806,46.98103757776577],[-101.76575080620806,47.24133266401663],[-101.25966035320353,47.24133266401663],[-101.25607105921058,47.26452727566275]],[[-102.09596585355852,46.98103757776577],[-101.76575080620806,46.98103757776577]],[[-100.93662389383893,46.98275569714696],[-100.9079095418954,46.94839330952309],[-100.90432024790248,46.896849728087275],[-100.81817719207191,46.808366579955795],[-100.83612366203661,46.74909146130461],[-100.77869495814957,46.73620556594565],[-100.77869495814957,46.68638010389103],[-100.74998060620605,46.69239352172521],[-100.72844484224842,46.65545395502954],[-100.64230178641786,46.67864856667566],[-100.66024825638256,46.63483652245522]],[[-100.66024825638256,46.63483652245522],[-100.56692661256612,46.593601657306564],[-100.58846237652376,46.573843284422836],[-100.54539084860848,46.53346747896478],[-100.57769449454494,46.50597756886568],[-100.59923025850259,46.450997748667476],[-100.58846237652376,46.427803137021364]],[[-100.58846237652376,46.427803137021364],[-100.68537331433313,46.40976288351883],[-100.72126625426253,46.37969579434794],[-100.76792707617075,46.39773604785047],[-100.81458789807897,46.384850152491516],[-100.91867742387423,46.39515886877868],[-100.94021318783187,46.34962870517705],[-101.02635624366243,46.28434016869168]],[[-101.02635624366243,46.28434016869168],[-101.04789200762008,46.28434016869168],[-101.04789200762008,46.37110519744197],[-101.29914258712587,46.37110519744197],[-101.29914258712587,46.63054122400223],[-101.71908998429984,46.63140028369283],[-101.71908998429984,46.71816531244312],[-102.09596585355852,46.71730625275252]],[[-102.09596585355852,46.71730625275252],[-102.09596585355852,46.98103757776577]],[[-97.92879552775527,48.54280809527094],[-97.16068661326612,48.54280809527094]],[[-97.16068661326612,48.54280809527094],[-97.13915084930849,48.49641887197871],[-97.13556155531555,48.40449948508484],[-97.14632943729437,48.359828381173806],[-97.11761508535085,48.27993582994829],[-97.14274014330142,48.23440566634665],[-97.14274014330142,48.1940298608886]],[[-97.14274014330142,48.1940298608886],[-97.9036704698047,48.194888920579196]],[[-98.2913142210422,48.194888920579196],[-98.2913142210422,48.36927803777037],[-98.32002857298572,48.37013709746097],[-98.31643927899279,48.54366715496154]],[[-101.87342962599625,47.84782880557805],[-100.97251683376834,47.848687865268644]],[[-100.58487308253082,47.84782880557805],[-100.58487308253082,47.674298748077476],[-100.67101613836138,47.674298748077476],[-100.67460543235431,47.32723863307632]],[[-100.67460543235431,47.32723863307632],[-100.74998060620605,47.32809769276692],[-100.74998060620605,47.15714481433814],[-100.96533824578245,47.15628575464754]],[[-101.25607105921058,47.26452727566275],[-101.34580340903409,47.29201718576185],[-101.36374987899879,47.367614438534375],[-101.40323211292112,47.401976826158254],[-101.43912505285053,47.45867476573765],[-101.42117858288583,47.49475527274272],[-101.37092846698467,47.51880894407943],[-101.4283571708717,47.56176192860928],[-101.5001430507305,47.556607570465694],[-101.64012551645516,47.528258600676],[-101.70832210232102,47.53856731696316],[-101.81241162811628,47.49647339212391],[-101.89137609596095,47.505063989029885],[-101.96316197581976,47.53770825727256],[-102.03135856168561,47.540285436344355],[-102.03494785567855,47.57292970458704],[-102.16057314543144,47.56519816737167],[-102.20364467334673,47.574647823968235]],[[-102.20364467334673,47.574647823968235],[-102.2646626712267,47.624473286022855],[-102.2646626712267,47.72670138920388],[-102.28978772917729,47.75247317992179],[-102.26107337723377,47.78168120940209],[-102.33644855108551,47.801439582285816],[-102.38669866698666,47.75762753806537]],[[-102.38669866698666,47.75762753806537],[-102.38669866698666,47.84782880557805],[-101.87342962599625,47.84782880557805]],[[-104.04854178571784,48.633868422474215],[-102.88561053200532,48.63300936278362]],[[-102.88561053200532,48.63300936278362],[-102.88561053200532,48.54624433403333]],[[-102.88561053200532,48.54624433403333],[-102.88561053200532,48.372714276532754],[-102.82818182811828,48.372714276532754],[-102.82818182811828,48.12358696625965]],[[-102.82818182811828,48.12358696625965],[-102.86407476804767,48.137331921309205],[-102.90714629596296,48.12186884687846],[-102.97175358783588,48.1381909809998],[-103.09020028960289,48.12444602595025],[-103.10814675956759,48.14678157790577],[-103.20146840338403,48.13561380192801],[-103.25171851928519,48.09266081739817],[-103.23377204932049,48.063452787917875],[-103.28761145921459,48.040258176271756],[-103.38093310303103,48.02479510184101],[-103.42759392493925,48.03596287781877],[-103.49937980479804,48.00589578864788],[-103.58193356663566,48.05743937008369],[-103.5496299206992,48.087506459254584],[-103.60705862458624,48.114137309663086],[-103.6752552104521,48.12272790656906],[-103.74345179631796,48.09351987708877],[-103.7111481503815,48.05829842977429],[-103.7470410903109,48.04111723596235],[-103.7829340302403,48.05915748946489],[-103.800880500205,47.993868952979525],[-103.85471991009909,48.01534544524444],[-103.86907708607086,47.9723924607146],[-103.91932720197201,47.956070326593256],[-103.96598802388023,47.98527835607355],[-104.00547025780257,47.96723810257102],[-104.04495249172491,47.99644613205131]],[[-104.04495249172491,47.99644613205131],[-104.04495249172491,48.37443239591395],[-104.04854178571784,48.3890364106541],[-104.04854178571784,48.633868422474215]],[[-102.09596585355852,46.98103757776577],[-102.14621596945969,46.98103757776577],[-102.14621596945969,47.01024560724606]],[[-102.14621596945969,47.01024560724606],[-102.14621596945969,47.32809769276692],[-102.20723396733966,47.32809769276692],[-102.20364467334673,47.574647823968235]],[[-101.99905491574916,46.05325311192111],[-101.93803691786917,46.066139007280064],[-101.8949653899539,46.0566893506835],[-101.84830456804568,46.07301148480484],[-101.8411259800598,46.0291994405844],[-101.75498292422924,46.042085335943355],[-101.6616612804128,46.01201824677246],[-101.62217904649046,46.03693097779977],[-101.59346469454694,46.00944106770067],[-101.5539824606246,46.00686388862888],[-101.5360359906599,46.030917559965594],[-101.49655375673757,46.02318602275022],[-101.38528564295642,46.07902490263902],[-101.36374987899879,46.07043430573305],[-101.29914258712587,46.104796693356924],[-101.3027318811188,46.13314566314662],[-101.19146376733767,46.14860873757737],[-101.19864235532354,46.18383018489184],[-101.10173141751417,46.23021940818408],[-101.0873742415424,46.27574957178571],[-101.02635624366243,46.28434016869168]],[[-100.58846237652376,46.427803137021364],[-100.55974802458024,46.381413913729126],[-100.54898014260142,46.32901127260272],[-100.58128378853787,46.281762989619885],[-100.55974802458024,46.249977781067805],[-100.574105200552,46.20960197560975],[-100.6279446104461,46.14603155850558],[-100.61358743447434,46.07215242511425],[-100.55974802458024,46.00858200801007],[-100.50590861468613,45.96648808317082],[-100.51308720267203,45.943293471524704]],[[-100.51308720267203,45.943293471524704],[-101.27042823518235,45.9441525312153],[-101.99905491574916,45.9441525312153]],[[-101.99905491574916,45.9441525312153],[-101.99905491574916,46.05325311192111]],[[-97.95033129171291,49.00068691035909],[-97.22888319913199,49.00068691035909],[-97.23965108111081,48.96632452273522],[-97.20016884718846,48.88213667305672],[-97.17863308323082,48.861519240482394],[-97.14991873128731,48.75499583884838],[-97.0960793213932,48.68627106360063],[-97.10684720337203,48.63300936278362],[-97.13915084930849,48.61239193020929],[-97.16427590725907,48.54366715496154],[-97.16068661326612,48.54280809527094]],[[-97.4729551906519,47.67172156900568],[-96.89148956379563,47.67172156900568]],[[-96.89148956379563,47.67172156900568],[-96.87354309383093,47.613305510045095],[-96.85559662386623,47.6107283309733],[-96.85200732987329,47.4990505711957],[-96.86277521185211,47.41400366182661],[-96.83406085990859,47.335829229982295],[-96.84482874188741,47.29287624545245],[-96.83406085990859,47.23789642525424]],[[-98.5246183305833,47.9148354614446],[-98.62511856238562,47.9165535808258],[-98.66460079630795,47.964660923499224],[-98.67177938429384,48.0007414305043],[-98.75074385213851,47.982701177001765],[-98.78304749807498,48.001600490194896],[-98.80458326203262,48.060016549155485],[-98.91585137581376,48.00417766926668],[-98.9912265496655,47.990432714217135],[-99.0019944316443,48.05314407163071],[-99.07019101751017,48.02221792276922],[-99.07019101751017,48.10812389182891],[-99.10967325143251,48.10726483213831],[-99.13838760337603,48.14334533914338],[-99.199405601256,48.15537217481174],[-99.199405601256,48.370996157151566]],[[-97.14274014330142,48.1940298608886],[-97.14632943729437,48.17341242831427],[-97.1032579093791,48.07204338482384],[-97.07454355743558,48.05314407163071],[-97.05659708747088,47.94919784906848],[-97.01711485354853,47.91998981958819],[-97.00634697156971,47.87016435753357],[-96.96686473764737,47.78339932878328],[-96.93815038570385,47.76879531404313],[-96.91661462174622,47.70264771786717],[-96.89148956379563,47.67172156900568]],[[-102.88561053200532,48.54624433403333],[-102.23235902529025,48.54624433403333]],[[-102.23235902529025,48.54624433403333],[-101.97392985779857,48.54710339372393],[-101.97392985779857,48.371855216842164],[-101.92367974189742,48.372714276532754],[-101.92367974189742,48.02307698245982],[-101.86984033200332,48.02307698245982],[-101.87342962599625,47.84782880557805]],[[-102.38669866698666,47.75762753806537],[-102.41541301893018,47.751614120231196],[-102.4979667807678,47.77996309002089],[-102.56257407264071,47.77996309002089],[-102.6415385404854,47.82377513424134]],[[-102.6415385404854,47.82377513424134],[-102.64871712847128,47.901949566085655],[-102.56616336663366,47.96895622195221],[-102.5518061906619,47.9990233111231],[-102.59487771857718,48.01190920648206],[-102.60923489454893,48.04627159410593],[-102.66666359843597,48.05056689255892],[-102.66307430444304,48.07633868327682],[-102.75998524225241,48.095237996469955],[-102.76357453624536,48.129600384093834],[-102.82818182811828,48.12358696625965]],[[-102.93944994189941,48.999827850668495],[-102.93944994189941,48.72063345122451],[-102.88561053200532,48.72063345122451],[-102.88561053200532,48.63300936278362]],[[-104.04854178571784,48.633868422474215],[-104.04854178571784,48.999827850668495],[-103.37375451504515,48.998968790977905],[-102.93944994189941,48.999827850668495]],[[-101.99905491574916,46.05325311192111],[-101.99905491574916,46.20530667715676]],[[-102.09596585355852,46.63140028369283],[-102.09596585355852,46.71730625275252]],[[-97.22888319913199,45.935561934309334],[-97.97904564365643,45.935561934309334],[-98.00775999559995,45.93642099399993]],[[-102.99687864578645,46.280903929929295],[-102.99687864578645,45.9450115909059]],[[-102.99687864578645,45.9450115909059],[-104.04495249172491,45.9450115909059],[-104.04854178571784,45.999991411104105],[-104.04495249172491,46.2800448702387]],[[-104.04495249172491,47.32981581214811],[-103.66807662246622,47.328956752457515]],[[-104.04495249172491,46.54119901618015],[-104.04495249172491,47.32981581214811]],[[-99.00558372563725,45.93985723276232],[-99.7198532302323,45.94071629245292],[-99.88137145991459,45.941575352143516]],[[-99.88137145991459,45.941575352143516],[-99.87778216592166,46.28262204931048]],[[-103.03277158571585,46.98017851807517],[-102.52668113271132,46.98103757776577],[-102.52668113271132,47.01024560724606],[-102.14621596945969,47.01024560724606]],[[-102.23235902529025,48.54624433403333],[-102.23235902529025,48.72063345122451],[-102.15339455744557,48.72063345122451],[-102.15339455744557,48.80739847997479],[-102.02059067970679,48.80739847997479]],[[-99.49372770867708,48.370996157151566],[-99.84547851998519,48.370996157151566],[-99.84906781397814,48.021358863078625],[-99.81317487404874,48.021358863078625],[-99.81317487404874,47.84696974588745]],[[-99.81317487404874,47.84696974588745],[-100.06801474754747,47.84696974588745]],[[-100.06801474754747,47.84696974588745],[-100.19722933129331,47.84782880557805]],[[-100.06801474754747,47.84696974588745],[-100.06801474754747,47.67343968838688],[-100.03212180761807,47.67343968838688],[-100.03212180761807,47.32723863307632]],[[-100.03212180761807,47.32723863307632],[-100.11467556945568,47.32723863307632]],[[-100.11467556945568,47.32723863307632],[-100.67460543235431,47.32723863307632]],[[-102.6415385404854,47.82377513424134],[-102.6415385404854,47.674298748077476],[-103.10096817158171,47.674298748077476],[-103.09737887758877,47.35043324472244],[-103.10096817158171,47.328956752457515]],[[-104.04495249172491,47.32981581214811],[-104.04495249172491,47.99644613205131]],[[-101.99905491574916,45.9441525312153],[-102.94303923589236,45.9450115909059],[-102.99687864578645,45.9450115909059]],[[-102.93944994189941,48.999827850668495],[-102.02059067970679,48.998968790977905]],[[-100.03212180761807,47.32723863307632],[-99.47937053270532,47.32723863307632]],[[-99.91726439984399,46.63311840307402],[-100.08237192351923,46.63311840307402]],[[-100.08237192351923,46.63311840307402],[-100.07519333553336,46.98103757776577],[-100.11467556945568,46.981896637456366],[-100.11467556945568,47.32723863307632]],[[-99.29631653906539,47.84696974588745],[-98.54615409454094,47.84782880557805],[-98.5246183305833,47.84611068619685]],[[-98.49949327263272,47.58753371932718],[-99.26760218712187,47.58753371932718]],[[-99.26760218712187,47.58753371932718],[-99.26401289312892,47.67258062869628],[-99.29631653906539,47.67258062869628],[-99.29631653906539,47.84696974588745]],[[-99.26760218712187,47.32723863307632],[-99.26760218712187,47.58753371932718]],[[-99.29631653906539,47.84696974588745],[-99.81317487404874,47.84696974588745]],[[-100.66024825638256,46.63483652245522],[-100.08237192351923,46.63311840307402]],[[-99.88137145991459,45.941575352143516],[-100.49873002670026,45.943293471524704],[-100.51308720267203,45.943293471524704]]]}