{"type":"Topology","bbox":[-96.63306039630396,40.37843071142025,-90.14084774344838,43.500986771157706],"objects":{"cd-1":{"type":"GeometryCollection","geometries":[{"type":"Polygon","arcs":[[0,1,2,3]],"id":"19179","properties":{"name":"Wapello"}},{"type":"Polygon","arcs":[[4,5,6,7,8,9]],"id":"19031","properties":{"name":"Cedar"}},{"type":"Polygon","arcs":[[10,11,12,13,14,15,16,17,18,19,20,21,22,23,24,25,26,27]],"id":"19181","properties":{"name":"Warren"}},{"type":"MultiPolygon","arcs":[[[28,29]],[[30,31]],[[32,33]],[[34,35]],[[36,37]]],"id":"19127","properties":{"name":"Marshall"}},{"type":"MultiPolygon","arcs":[[[38,39]],[[40,41]],[[42,43]],[[44,45]],[[46,47]],[[48,49]],[[50,51,52]]],"id":"19055","properties":{"name":"Delaware"}},{"type":"Polygon","arcs":[[53,54,55,56,57,58,59,60,61,62,63,64,65,66]],"id":"19123","properties":{"name":"Mahaska"}},{"type":"Polygon","arcs":[[67,68,69,70,71,72,73,74,75,76,77,78,-67,79,80]],"id":"19125","properties":{"name":"Marion"}},{"type":"MultiPolygon","arcs":[[[81,82,83]],[[-65,84,85]],[[-63,86]],[[-61,87]],[[-59,88]],[[-57,89]],[[90,91]],[[92,93]],[[94,95,96]],[[97,98]],[[99,100,101]]],"id":"19157","properties":{"name":"Poweshiek"}},{"type":"MultiPolygon","arcs":[[[-26,102]],[[-24,103]],[[-22,104]],[[-20,105]],[[-18,106]],[[-16,107]],[[-14,108,109,110]]],"id":"19153","properties":{"name":"Polk"}},{"type":"Polygon","arcs":[[-28,111]],"id":"19121","properties":{"name":"Madison"}},{"type":"Polygon","arcs":[[112,113,114,115,116,117,118]],"id":"19177","properties":{"name":"Van Buren"}},{"type":"Polygon","arcs":[[119,120,121,122,123,124,-115]],"id":"19087","properties":{"name":"Henry"}},{"type":"Polygon","arcs":[[-8,125,126,-51,127,-49,128,-47,129,-45,130,-43,131,-41,132,-39,133]],"id":"19105","properties":{"name":"Jones"}},{"type":"Polygon","arcs":[[134,-124,135,136,137,138]],"id":"19183","properties":{"name":"Washington"}},{"type":"MultiPolygon","arcs":[[[139,-119,140]],[[-117,-1,141]]],"id":"19051","properties":{"name":"Davis"}},{"type":"Polygon","arcs":[[142,143]],"id":"19113","properties":{"name":"Linn"}},{"type":"Polygon","arcs":[[-55,144,-3,145,-139,146,-95,147,-93,148,-91,149]],"id":"19107","properties":{"name":"Keokuk"}},{"type":"Polygon","arcs":[[150,151,152,-5,153]],"id":"19139","properties":{"name":"Muscatine"}},{"type":"Polygon","arcs":[[-110,154,-80,-66,-86,155,-84,156,-37,157,-35,158,-33,159,-31,160,-29,161,162,163,164,165]],"id":"19099","properties":{"name":"Jasper"}},{"type":"Polygon","arcs":[[166,167,168,169,-121]],"id":"19057","properties":{"name":"Des Moines"}},{"type":"MultiPolygon","arcs":[[[-165,170,171]],[[-163,172]]],"id":"19169","properties":{"name":"Story"}},{"type":"MultiPolygon","arcs":[[[-52,-127,173,174]],[[175,176]],[[177,178]],[[179,180]],[[181,182]],[[183,184]],[[185,186]],[[187,188]]],"id":"19061","properties":{"name":"Dubuque"}},{"type":"Polygon","arcs":[[-137,189,190,191,-143,192,193]],"id":"19103","properties":{"name":"Johnson"}},{"type":"MultiPolygon","arcs":[[[194,195]],[[196,-70]],[[197,-72]],[[198,199,200]]],"id":"19117","properties":{"name":"Lucas"}},{"type":"MultiPolygon","arcs":[[[201,202,-200]],[[203,-76]],[[204,-78]]],"id":"19135","properties":{"name":"Monroe"}},{"type":"Polygon","arcs":[[-98,205,-96,-147,-138,-194,206,207,208,209,210,211,-100,212]],"id":"19095","properties":{"name":"Iowa"}},{"type":"MultiPolygon","arcs":[[[-212,213,214]],[[-210,215]],[[-208,216]]],"id":"19011","properties":{"name":"Benton"}},{"type":"Polygon","arcs":[[-153,217,218,-6]],"id":"19163","properties":{"name":"Scott"}},{"type":"Polygon","arcs":[[-123,219,-169,220,-151,221,-190,-136]],"id":"19115","properties":{"name":"Louisa"}},{"type":"Polygon","arcs":[[-116,-125,-135,-146,-2]],"id":"19101","properties":{"name":"Jefferson"}},{"type":"Polygon","arcs":[[222,223,224,-188,225,-186,226,-184,227,-182,228,-180,229,-178,230,-176,231,-174,232]],"id":"19097","properties":{"name":"Jackson"}},{"type":"Polygon","arcs":[[-114,233,-167,-120]],"id":"19111","properties":{"name":"Lee"}},{"type":"Polygon","arcs":[[-101,-215,234]],"id":"19171","properties":{"name":"Tama"}},{"type":"Polygon","arcs":[[-219,235,-223,236]],"id":"19045","properties":{"name":"Clinton"}}]},"cd-2":{"type":"GeometryCollection","geometries":[{"type":"Polygon","arcs":[[237,238,239,240,241,242]],"id":"19013","properties":{"name":"Black Hawk"}},{"type":"Polygon","arcs":[[243,244,245]],"id":"19081","properties":{"name":"Hancock"}},{"type":"Polygon","arcs":[[-9,246,247]],"id":"19031","properties":{"name":"Cedar"}},{"type":"Polygon","arcs":[[248,249,250,251]],"id":"19089","properties":{"name":"Howard"}},{"type":"MultiPolygon","arcs":[[[252,253,254]],[[255,256,257]]],"id":"19127","properties":{"name":"Marshall"}},{"type":"MultiPolygon","arcs":[[[258,259]],[[260,261]],[[262,263]],[[264,265]],[[266,267,268]],[[269,270]]],"id":"19069","properties":{"name":"Franklin"}},{"type":"Polygon","arcs":[[271,272,-40,273,-42,274,-44,275,-46,276,-48,277,-50,278,-53,279,280,281]],"id":"19055","properties":{"name":"Delaware"}},{"type":"Polygon","arcs":[[282,283,-282,284,-241]],"id":"19019","properties":{"name":"Buchanan"}},{"type":"MultiPolygon","arcs":[[[-64,285]],[[-62,286]],[[-60,287]],[[-58,288]],[[-56,289,290]]],"id":"19123","properties":{"name":"Mahaska"}},{"type":"Polygon","arcs":[[291,292]],"id":"19079","properties":{"name":"Hamilton"}},{"type":"Polygon","arcs":[[-293,293,294,295,296,-267,297,-261,298,-259,299]],"id":"19083","properties":{"name":"Hardin"}},{"type":"Polygon","arcs":[[300,-85,-286,-87,-287,-88,-288,-89,-289,-90,-291,301,-92,302,-94,303,-97,304,-99,305,-102,306,307,-82]],"id":"19157","properties":{"name":"Poweshiek"}},{"type":"Polygon","arcs":[[-264,308,-266,309,310,311,-244,312]],"id":"19033","properties":{"name":"Cerro Gordo"}},{"type":"MultiPolygon","arcs":[[[-247,-134,-273,313]],[[-133,-274]],[[-132,-275]],[[-131,-276]],[[-130,-277]],[[-129,-278]],[[-128,-279]]],"id":"19105","properties":{"name":"Jones"}},{"type":"Polygon","arcs":[[314,-252,315,316]],"id":"19131","properties":{"name":"Mitchell"}},{"type":"Polygon","arcs":[[-242,317,318,319]],"id":"19017","properties":{"name":"Bremer"}},{"type":"Polygon","arcs":[[320,-258,321,322,-238,323,324,-297]],"id":"19075","properties":{"name":"Grundy"}},{"type":"Polygon","arcs":[[325,-144,326,327,-314,-272,-284,328]],"id":"19113","properties":{"name":"Linn"}},{"type":"MultiPolygon","arcs":[[[-290,-150,-302]],[[-149,-303]],[[-148,-304]]],"id":"19107","properties":{"name":"Keokuk"}},{"type":"Polygon","arcs":[[-285,329,330,331]],"id":"19065","properties":{"name":"Fayette"}},{"type":"Polygon","arcs":[[-156,-301]],"id":"19099","properties":{"name":"Jasper"}},{"type":"Polygon","arcs":[[332,-255,333]],"id":"19169","properties":{"name":"Story"}},{"type":"Polygon","arcs":[[-280,-175,334,-177,335,-179,336,-181,337,-183,338,-185,339,-187,340,-189,341,342,343]],"id":"19061","properties":{"name":"Dubuque"}},{"type":"Polygon","arcs":[[-331,344,345,-250,346]],"id":"19191","properties":{"name":"Winneshiek"}},{"type":"MultiPolygon","arcs":[[[347,-193,-326]],[[-192,348,-327]]],"id":"19103","properties":{"name":"Johnson"}},{"type":"MultiPolygon","arcs":[[[-213,-306]],[[-305,-206]],[[-211,349]],[[-209,350]],[[-207,-348,351]]],"id":"19095","properties":{"name":"Iowa"}},{"type":"Polygon","arcs":[[-214,-350,-216,-351,-217,-352,-329,-283,-240,352]],"id":"19011","properties":{"name":"Benton"}},{"type":"Polygon","arcs":[[-281,-344,353,354,-330]],"id":"19043","properties":{"name":"Clayton"}},{"type":"MultiPolygon","arcs":[[[-232,-335]],[[-231,-336]],[[-230,-337]],[[-229,-338]],[[-228,-339]],[[-227,-340]],[[-226,-341]],[[-225,355,-342]]],"id":"19097","properties":{"name":"Jackson"}},{"type":"Polygon","arcs":[[-319,356,-249,357]],"id":"19037","properties":{"name":"Chickasaw"}},{"type":"Polygon","arcs":[[-245,358,359,360]],"id":"19189","properties":{"name":"Winnebago"}},{"type":"Polygon","arcs":[[-325,361,362,363,-270,364,-268]],"id":"19023","properties":{"name":"Butler"}},{"type":"Polygon","arcs":[[365,-363,-358,-315,366]],"id":"19067","properties":{"name":"Floyd"}},{"type":"Polygon","arcs":[[-312,367,368,-359]],"id":"19195","properties":{"name":"Worth"}},{"type":"Polygon","arcs":[[369,-307,-235,-353,-239,-323,370]],"id":"19171","properties":{"name":"Tama"}},{"type":"Polygon","arcs":[[-355,371,-345]],"id":"19005","properties":{"name":"Allamakee"}}]},"cd-3":{"type":"GeometryCollection","geometries":[{"type":"Polygon","arcs":[[372,373,-4,374,375]],"id":"19179","properties":{"name":"Wapello"}},{"type":"MultiPolygon","arcs":[[[376,377,-11,378]],[[-27,379,380]],[[-25,381]],[[382,-23]],[[383,-21]],[[384,-19]],[[-17,385]],[[-15,386]]],"id":"19181","properties":{"name":"Warren"}},{"type":"Polygon","arcs":[[387,388,389,390]],"id":"19185","properties":{"name":"Wayne"}},{"type":"Polygon","arcs":[[391,392,393]],"id":"19187","properties":{"name":"Webster"}},{"type":"Polygon","arcs":[[394,395,396,397]],"id":"19159","properties":{"name":"Ringgold"}},{"type":"Polygon","arcs":[[398,399,400]],"id":"19165","properties":{"name":"Shelby"}},{"type":"Polygon","arcs":[[-397,401,402,403,404]],"id":"19175","properties":{"name":"Union"}},{"type":"Polygon","arcs":[[405,-405,406,407,408]],"id":"19003","properties":{"name":"Adams"}},{"type":"Polygon","arcs":[[409,-376,410,-54,411]],"id":"19123","properties":{"name":"Mahaska"}},{"type":"Polygon","arcs":[[-407,-404,412,413,414,415]],"id":"19001","properties":{"name":"Adair"}},{"type":"MultiPolygon","arcs":[[[416,-69]],[[417,-71]],[[418,-73]],[[419,-75]],[[420,-77]],[[421,-412,-79]]],"id":"19125","properties":{"name":"Marion"}},{"type":"Polygon","arcs":[[-380,-103,-382,-104,-383,-105,-384,-106,-385,-107,-386,-108,-387,-111,422,423,424,425,426,427,428,429,430,431,432,433]],"id":"19153","properties":{"name":"Polk"}},{"type":"Polygon","arcs":[[-403,434,-379,-112,-381,435,-413]],"id":"19121","properties":{"name":"Madison"}},{"type":"Polygon","arcs":[[-118,436]],"id":"19177","properties":{"name":"Van Buren"}},{"type":"Polygon","arcs":[[437,438,439,-392,440,441,442,443]],"id":"19073","properties":{"name":"Greene"}},{"type":"Polygon","arcs":[[444,-409,445,446,447,448,449,450,451,452,453,454]],"id":"19137","properties":{"name":"Montgomery"}},{"type":"Polygon","arcs":[[455,-141,-437,-142,-374,456]],"id":"19051","properties":{"name":"Davis"}},{"type":"MultiPolygon","arcs":[[[457,458,-400]],[[459,460]],[[461,462]]],"id":"19009","properties":{"name":"Audubon"}},{"type":"Polygon","arcs":[[-411,-375,-145]],"id":"19107","properties":{"name":"Keokuk"}},{"type":"MultiPolygon","arcs":[[[-453,463]],[[-451,464]],[[-449,465]],[[-447,466,467]]],"id":"19155","properties":{"name":"Pottawattamie"}},{"type":"Polygon","arcs":[[468,-455,469]],"id":"19129","properties":{"name":"Mills"}},{"type":"Polygon","arcs":[[-166,470,-423]],"id":"19099","properties":{"name":"Jasper"}},{"type":"MultiPolygon","arcs":[[[-432,471]],[[-430,472]],[[-428,473]],[[-426,474]],[[-424,-471,-172,475]]],"id":"19169","properties":{"name":"Story"}},{"type":"Polygon","arcs":[[476,-457,477,-389]],"id":"19007","properties":{"name":"Appanoose"}},{"type":"MultiPolygon","arcs":[[[478,-469,479]],[[480,481,482]]],"id":"19071","properties":{"name":"Fremont"}},{"type":"Polygon","arcs":[[483,-391,484,-396]],"id":"19053","properties":{"name":"Decatur"}},{"type":"Polygon","arcs":[[-390,485,-199,-419,-198,-418,-197,-417,-195,-378,486]],"id":"19117","properties":{"name":"Lucas"}},{"type":"Polygon","arcs":[[-478,-373,487,-205,-421,-204,-420,-202,-486]],"id":"19135","properties":{"name":"Monroe"}},{"type":"Polygon","arcs":[[488,-482,489,490,-445,-479]],"id":"19145","properties":{"name":"Page"}},{"type":"Polygon","arcs":[[491,-436,-434,492,-439]],"id":"19049","properties":{"name":"Dallas"}},{"type":"Polygon","arcs":[[-446,-408,-416,493,-460,494,-458,-399,495,-467]],"id":"19029","properties":{"name":"Cass"}},{"type":"Polygon","arcs":[[-485,-487,-377,-435,-402]],"id":"19039","properties":{"name":"Clarke"}},{"type":"MultiPolygon","arcs":[[[-443,496]],[[-441,-394,497]]],"id":"19025","properties":{"name":"Calhoun"}},{"type":"Polygon","arcs":[[-462,498,-414,-492,-438,499]],"id":"19077","properties":{"name":"Guthrie"}},{"type":"Polygon","arcs":[[500,-398,-406,-491]],"id":"19173","properties":{"name":"Taylor"}}]},"cd-4":{"type":"GeometryCollection","geometries":[{"type":"Polygon","arcs":[[501,502,-246,503,504]],"id":"19081","properties":{"name":"Hancock"}},{"type":"Polygon","arcs":[[505,-30,506,-32,507,-34,508,-36,509,-38,510,511,-256,512,513,-253,514]],"id":"19127","properties":{"name":"Marshall"}},{"type":"Polygon","arcs":[[515,-260,516,-262,517,-269,518,-271,519,520,-265,521,-263,522,523]],"id":"19069","properties":{"name":"Franklin"}},{"type":"Polygon","arcs":[[524,-393,525,526,527,528,529,530]],"id":"19187","properties":{"name":"Webster"}},{"type":"Polygon","arcs":[[531,532,533,-527,534]],"id":"19015","properties":{"name":"Boone"}},{"type":"Polygon","arcs":[[535,536,-401,537,538,539]],"id":"19165","properties":{"name":"Shelby"}},{"type":"Polygon","arcs":[[540,-415,541]],"id":"19001","properties":{"name":"Adair"}},{"type":"Polygon","arcs":[[-534,542,543,-292,544,545,-528]],"id":"19079","properties":{"name":"Hamilton"}},{"type":"MultiPolygon","arcs":[[[-300,-516,-545]],[[546,-294,-544]],[[-299,-517]],[[-298,-518]],[[-514,547,-296]]],"id":"19083","properties":{"name":"Hardin"}},{"type":"Polygon","arcs":[[548,549,550,551]],"id":"19093","properties":{"name":"Ida"}},{"type":"Polygon","arcs":[[-83,-308,552,553]],"id":"19157","properties":{"name":"Poweshiek"}},{"type":"MultiPolygon","arcs":[[[-433,554,555,556]],[[-431,557]],[[-429,558]],[[-427,559]],[[-425,560]]],"id":"19153","properties":{"name":"Polk"}},{"type":"MultiPolygon","arcs":[[[-523,-313,-503]],[[-522,-309]],[[-521,561,-310]]],"id":"19033","properties":{"name":"Cerro Gordo"}},{"type":"Polygon","arcs":[[-529,-546,-524,-502,562]],"id":"19197","properties":{"name":"Wright"}},{"type":"Polygon","arcs":[[563,564,565,566,567,568]],"id":"19027","properties":{"name":"Carroll"}},{"type":"MultiPolygon","arcs":[[[569,-444,570,-566]],[[-442,571]],[[572,-535,-526,-440]]],"id":"19073","properties":{"name":"Greene"}},{"type":"Polygon","arcs":[[573,574,575,576]],"id":"19063","properties":{"name":"Emmet"}},{"type":"MultiPolygon","arcs":[[[-454,577,578]],[[-452,579]],[[-450,580]],[[-448,581]]],"id":"19137","properties":{"name":"Montgomery"}},{"type":"Polygon","arcs":[[582,583,584,585]],"id":"19141","properties":{"name":"O'Brien"}},{"type":"Polygon","arcs":[[586,587,588,589]],"id":"19151","properties":{"name":"Pocahontas"}},{"type":"Polygon","arcs":[[590,-539,-569,591,-549,592]],"id":"19047","properties":{"name":"Crawford"}},{"type":"Polygon","arcs":[[-548,-513,-321]],"id":"19075","properties":{"name":"Grundy"}},{"type":"Polygon","arcs":[[-459,593,-461,594,595,-463,596,-564,-538]],"id":"19009","properties":{"name":"Audubon"}},{"type":"Polygon","arcs":[[-592,-568,597,598,-550]],"id":"19161","properties":{"name":"Sac"}},{"type":"Polygon","arcs":[[599,-552,600,601,602]],"id":"19193","properties":{"name":"Woodbury"}},{"type":"Polygon","arcs":[[603,-578,-464,-580,-465,-581,-466,-582,-468,604,-536,605,606]],"id":"19155","properties":{"name":"Pottawattamie"}},{"type":"Polygon","arcs":[[607,-470,-579,-604,608]],"id":"19129","properties":{"name":"Mills"}},{"type":"Polygon","arcs":[[-585,609,610,611]],"id":"19143","properties":{"name":"Osceola"}},{"type":"MultiPolygon","arcs":[[[-164,612]],[[-162,613]],[[-161,-507]],[[-160,-508]],[[-159,-509]],[[-158,-510]],[[-157,-554,-511]]],"id":"19099","properties":{"name":"Jasper"}},{"type":"Polygon","arcs":[[-555,-472,-558,-473,-559,-474,-560,-475,-561,-476,-171,-613,-173,614,-515,-333,615,-533]],"id":"19169","properties":{"name":"Story"}},{"type":"Polygon","arcs":[[-602,616,617,618]],"id":"19149","properties":{"name":"Plymouth"}},{"type":"Polygon","arcs":[[-483,619,-480,-608,620]],"id":"19071","properties":{"name":"Fremont"}},{"type":"Polygon","arcs":[[621,622,623,-584]],"id":"19041","properties":{"name":"Clay"}},{"type":"Polygon","arcs":[[624,625,626,627]],"id":"19109","properties":{"name":"Kossuth"}},{"type":"Polygon","arcs":[[628,-606,-540,-591,629]],"id":"19085","properties":{"name":"Harrison"}},{"type":"Polygon","arcs":[[-620,-489]],"id":"19145","properties":{"name":"Page"}},{"type":"Polygon","arcs":[[-530,-563,-625,630]],"id":"19091","properties":{"name":"Humboldt"}},{"type":"Polygon","arcs":[[-618,-586,631,632]],"id":"19167","properties":{"name":"Sioux"}},{"type":"Polygon","arcs":[[-557,633,-573,-493]],"id":"19049","properties":{"name":"Dallas"}},{"type":"MultiPolygon","arcs":[[[-496,-537,-605]],[[-495,-594]],[[-494,-541,-595]]],"id":"19029","properties":{"name":"Cass"}},{"type":"Polygon","arcs":[[-630,-593,-600,634]],"id":"19133","properties":{"name":"Monona"}},{"type":"Polygon","arcs":[[-567,-571,-497,-572,-498,-525,635,-587,-598]],"id":"19025","properties":{"name":"Calhoun"}},{"type":"MultiPolygon","arcs":[[[-500,636,-597]],[[-542,-499,-596]]],"id":"19077","properties":{"name":"Guthrie"}},{"type":"Polygon","arcs":[[-504,-361,637,638]],"id":"19189","properties":{"name":"Winnebago"}},{"type":"Polygon","arcs":[[-624,-577,639,-610]],"id":"19059","properties":{"name":"Dickinson"}},{"type":"MultiPolygon","arcs":[[[-365,-519]],[[-364,640,-520]]],"id":"19023","properties":{"name":"Butler"}},{"type":"Polygon","arcs":[[-641,-366,-562]],"id":"19067","properties":{"name":"Floyd"}},{"type":"Polygon","arcs":[[-601,-551,641,-583,-617]],"id":"19035","properties":{"name":"Cherokee"}},{"type":"Polygon","arcs":[[-589,642,-574,-623]],"id":"19147","properties":{"name":"Palo Alto"}},{"type":"Polygon","arcs":[[-553,-370,-512]],"id":"19171","properties":{"name":"Tama"}},{"type":"Polygon","arcs":[[-599,-590,-622,-642]],"id":"19021","properties":{"name":"Buena Vista"}},{"type":"Polygon","arcs":[[-632,-612,643]],"id":"19119","properties":{"name":"Lyon"}}]}},"arcs":[[[-92.17907126708633,40.89975342086342],[-92.1787465510655,40.89975402803027]],[[-92.1787465510655,40.89975402803027],[-92.1787465510655,41.16262629335293]],[[-92.1787465510655,41.16262629335293],[-92.17997507112074,41.16262169908217]],[[-92.17997507112074,41.16262169908217],[-92.17975,41.142963],[-92.179528,41.000025],[-92.179226,40.987448],[-92.17907126708633,40.89975342086342]],[[-91.36756610866108,41.59816955648556],[-90.90095788957889,41.59731049679496]],[[-90.90095788957889,41.59731049679496],[-90.89736859558595,41.77169961398613]],[[-90.89736859558595,41.77169961398613],[-90.89736859558595,41.946088731177305]],[[-90.89736859558595,41.946088731177305],[-91.36587125503677,41.94780065749967]],[[-91.36587125503677,41.94780065749967],[-91.366221,41.860069],[-91.36756610866108,41.860065066915254]],[[-91.36756610866108,41.860065066915254],[-91.36756610866108,41.59816955648556]],[[-93.79033955389554,41.35752455697714],[-93.789836,41.313649],[-93.789196,41.162035],[-93.603237,41.161587],[-93.49660548348427,41.160908173971734]],[[-93.49660548348427,41.160908173971734],[-93.32732062880629,41.160908173971734]],[[-93.32732062880629,41.160908173971734],[-93.32732062880629,41.49078709516095]],[[-93.32732062880629,41.49078709516095],[-93.328407,41.49080876278563]],[[-93.328407,41.49080876278563],[-93.339335,41.482724],[-93.346863,41.482827],[-93.35074622451376,41.491254317615656]],[[-93.35074622451376,41.491254317615656],[-93.3582191818923,41.491403365415074]],[[-93.3582191818923,41.491403365415074],[-93.36349,41.486578],[-93.372034,41.486072],[-93.3736329992928,41.49171079331113]],[[-93.3736329992928,41.49171079331113],[-93.38942250261556,41.49202571424604]],[[-93.38942250261556,41.49202571424604],[-93.397169,41.486365],[-93.405174,41.487007],[-93.3995830978193,41.49222836686123]],[[-93.3995830978193,41.49222836686123],[-93.41366187320021,41.492611941816115]],[[-93.41366187320021,41.492611941816115],[-93.420625,41.492526],[-93.4213777371937,41.49676704096177]],[[-93.4213777371937,41.49676704096177],[-93.43413144608752,41.503635089047314]],[[-93.43413144608752,41.503635089047314],[-93.440234,41.502555],[-93.44135467902478,41.50752489957687]],[[-93.44135467902478,41.50752489957687],[-93.44148313195102,41.50759407324874]],[[-93.44148313195102,41.50759407324874],[-93.46547432720122,41.50825569730519]],[[-93.46547432720122,41.50825569730519],[-93.76831289529657,41.51199184265254]],[[-93.76831289529657,41.51199184265254],[-93.79033955389554,41.51191701785593]],[[-93.79033955389554,41.51191701785593],[-93.79033955389554,41.35752455697714]],[[-93.23021344653847,41.8627599411894],[-93.22568822685139,41.8627599411894]],[[-93.22568822685139,41.8627599411894],[-93.23021344653847,41.8627599411894]],[[-93.22382210432008,41.8627599411894],[-93.21279027531067,41.8627599411894]],[[-93.21279027531067,41.8627599411894],[-93.22382210432008,41.8627599411894]],[[-93.21238893646205,41.8627599411894],[-93.21095664840072,41.8627599411894]],[[-93.21095664840072,41.8627599411894],[-93.21238893646205,41.8627599411894]],[[-93.19858305463408,41.8627599411894],[-93.19471117698143,41.8627599411894]],[[-93.19471117698143,41.8627599411894],[-93.19858305463408,41.8627599411894]],[[-93.19404031329002,41.8627599411894],[-93.1829749265199,41.8627599411894]],[[-93.1829749265199,41.8627599411894],[-93.19404031329002,41.8627599411894]],[[-91.31747825317339,42.29641387046919],[-91.31672508635047,42.29641109719932]],[[-91.31672508635047,42.29641109719932],[-91.31747825317339,42.29641387046919]],[[-91.31553232825397,42.296406705290394],[-91.31036887252381,42.296387692694815]],[[-91.31036887252381,42.296387692694815],[-91.31553232825397,42.296406705290394]],[[-91.29979748831559,42.29634876731941],[-91.27998412030091,42.296275811614386]],[[-91.27998412030091,42.296275811614386],[-91.29979748831559,42.29634876731941]],[[-91.27651678404364,42.29626304437759],[-91.27327460071459,42.296251106186645]],[[-91.27327460071459,42.296251106186645],[-91.27651678404364,42.29626304437759]],[[-91.26160664298948,42.296208143067936],[-91.24709950951353,42.29615472569085]],[[-91.24709950951353,42.29615472569085],[-91.26160664298948,42.296208143067936]],[[-91.18381169903601,42.29592169076062],[-91.18358733914246,42.29592086463484]],[[-91.18358733914246,42.29592086463484],[-91.18381169903601,42.29592169076062]],[[-91.13936467198131,42.29575803033739],[-91.13067270512705,42.29572602525025]],[[-91.13067270512705,42.29572602525025],[-91.13067308255518,42.295762881295694]],[[-91.13067308255518,42.295762881295694],[-91.13936467198131,42.29575803033739]],[[-92.87148029170291,41.161067146543786],[-92.754826,41.161364],[-92.544556,41.161443],[-92.40846298564507,41.16192417039547]],[[-92.40846298564507,41.16192417039547],[-92.4120492347375,41.509548195323184]],[[-92.4120492347375,41.509548195323184],[-92.561493,41.50915],[-92.62393869243586,41.50915814619379]],[[-92.62393869243586,41.50915814619379],[-92.62960080839758,41.50914402986271]],[[-92.62960080839758,41.50914402986271],[-92.63319113251163,41.50913507875605]],[[-92.63319113251163,41.50913507875605],[-92.64506104302518,41.509105485652015]],[[-92.64506104302518,41.509105485652015],[-92.65571107226577,41.50907893385763]],[[-92.65571107226577,41.50907893385763],[-92.67498271763856,41.509030887344906]],[[-92.67498271763856,41.509030887344906],[-92.68537156123864,41.50900498671751]],[[-92.68537156123864,41.50900498671751],[-92.7123293567108,41.508937777714955]],[[-92.7123293567108,41.508937777714955],[-92.7565081422067,41.50882763472829]],[[-92.7565081422067,41.50882763472829],[-92.75662288392884,41.50882734866348]],[[-92.75662288392884,41.50882734866348],[-92.87148029170291,41.50882734866348]],[[-92.87148029170291,41.50882734866348],[-92.87148029170291,41.161067146543786]],[[-93.32732062880629,41.160908173971734],[-93.17714557383327,41.160908173971734]],[[-93.17714557383327,41.160908173971734],[-93.16706057886907,41.160908173971734]],[[-93.16706057886907,41.160908173971734],[-93.16450509813113,41.160908173971734]],[[-93.16450509813113,41.160908173971734],[-93.1394782963764,41.160908173971734]],[[-93.1394782963764,41.160908173971734],[-93.1255017326134,41.160908173971734]],[[-93.1255017326134,41.160908173971734],[-93.10821410409288,41.160908173971734]],[[-93.10821410409288,41.160908173971734],[-92.91181436642603,41.160908173971734]],[[-92.91181436642603,41.160908173971734],[-92.90204058653931,41.160908173971734]],[[-92.90204058653931,41.160908173971734],[-92.89757306051676,41.160908173971734]],[[-92.89757306051676,41.160908173971734],[-92.88556478135483,41.160908173971734]],[[-92.88556478135483,41.160908173971734],[-92.87750125576817,41.160908173971734]],[[-92.87750125576817,41.160908173971734],[-92.87148029170291,41.161067146543786]],[[-92.87148029170291,41.50882734866348],[-93.32732062880629,41.50796828897288]],[[-93.32732062880629,41.50796828897288],[-93.32732062880629,41.160908173971734]],[[-92.76675936863583,41.60160579524795],[-92.765916,41.834036],[-92.765999,41.862373]],[[-92.765999,41.862373],[-92.76739076590765,41.862381943399306]],[[-92.76739076590765,41.862381943399306],[-92.76739076590765,41.60160579524795],[-92.76675936863583,41.60160579524795]],[[-92.7565081422067,41.50882763472829],[-92.75662288392884,41.52455452683581]],[[-92.75662288392884,41.52455452683581],[-92.75662288392884,41.50882734866348]],[[-92.68537156123864,41.50900498671751],[-92.7123293567108,41.508937777714955]],[[-92.65571107226577,41.50907893385763],[-92.67498271763856,41.509030887344906]],[[-92.63319113251163,41.50913507875605],[-92.64506104302518,41.509105485652015]],[[-92.62393869243586,41.50915814619379],[-92.62960080839758,41.50914402986271]],[[-92.34803130823876,41.50968640835408],[-92.34749908310644,41.50968640835408]],[[-92.34749908310644,41.50968640835408],[-92.34803130823876,41.50968640835408]],[[-92.34452649137886,41.50968640835408],[-92.34400882973928,41.50968640835408]],[[-92.34400882973928,41.50968640835408],[-92.34452649137886,41.50968640835408]],[[-92.33838588639065,41.50968640835408],[-92.29719325283253,41.50968640835408]],[[-92.29719325283253,41.50968640835408],[-92.29760212880603,41.54002305647346]],[[-92.29760212880603,41.54002305647346],[-92.297494,41.50979],[-92.33838588639065,41.50968640835408]],[[-92.29843118895182,41.60153536715583],[-92.29997900143583,41.716375675035586]],[[-92.29997900143583,41.716375675035586],[-92.300125,41.66259],[-92.299495,41.601536],[-92.29843118895182,41.60153536715583]],[[-92.29860425917173,41.82865128198563],[-92.29719325283253,41.8627599411894]],[[-92.29719325283253,41.8627599411894],[-92.29816407296634,41.8627599411894]],[[-92.29816407296634,41.8627599411894],[-92.29860425917173,41.82865128198563]],[[-93.46547432720122,41.50825569730519],[-93.548242,41.511309],[-93.625636,41.512053],[-93.76831289529657,41.51199184265254]],[[-93.44135467902478,41.50752489957687],[-93.44148313195102,41.50759407324874]],[[-93.4213777371937,41.49676704096177],[-93.41539,41.500309],[-93.413841,41.507415],[-93.424882,41.507486],[-93.43413144608752,41.503635089047314]],[[-93.3995830978193,41.49222836686123],[-93.396508,41.498104],[-93.404452,41.501607],[-93.41366187320021,41.492611941816115]],[[-93.3736329992928,41.49171079331113],[-93.379313,41.494652],[-93.38942250261556,41.49202571424604]],[[-93.35074622451376,41.491254317615656],[-93.352531,41.496889],[-93.359075,41.496337],[-93.3582191818923,41.491403365415074]],[[-93.32732062880629,41.49078709516095],[-93.32732062880629,41.60074673555735]],[[-93.32732062880629,41.60074673555735],[-93.32868370494089,41.60074673555735]],[[-93.32868370494089,41.60074673555735],[-93.329009,41.551528],[-93.328407,41.49080876278563]],[[-93.79033955389554,41.51191701785593],[-93.790612,41.511916],[-93.790563,41.424759],[-93.790774,41.379493],[-93.79033955389554,41.35752455697714]],[[-92.1787465510655,40.60080125570255],[-91.94185314753148,40.605955613846135],[-91.73008480194801,40.613687151061505],[-91.71572762597626,40.59822407663076]],[[-91.71572762597626,40.59822407663076],[-91.7193169199692,40.813848058970585]],[[-91.7193169199692,40.813848058970585],[-91.7193169199692,40.90147214741147]],[[-91.7193169199692,40.90147214741147],[-92.1787465510655,40.89975402803027]],[[-92.1787465510655,40.89975402803027],[-92.1787465510655,40.85946677850702]],[[-92.1787465510655,40.85946677850702],[-92.178279,40.828421],[-92.17853,40.750155],[-92.178181,40.682774],[-92.1787465510655,40.663407550138814]],[[-92.1787465510655,40.663407550138814],[-92.1787465510655,40.60080125570255]],[[-91.7193169199692,40.813848058970585],[-91.41063763657637,40.81298899927999]],[[-91.41063763657637,40.81298899927999],[-91.37115540265403,40.81298899927999]],[[-91.37115540265403,40.81298899927999],[-91.37115540265403,41.160908173971734]],[[-91.37115540265403,41.160908173971734],[-91.4860128104281,41.16262629335293]],[[-91.4860128104281,41.16262629335293],[-91.71572762597626,41.16262629335293]],[[-91.71572762597626,41.16262629335293],[-91.7193169199692,40.90147214741147]],[[-90.89736859558595,41.946088731177305],[-90.89736859558595,42.29486696555965]],[[-90.89736859558595,42.29486696555965],[-91.13067270512705,42.29572602525025]],[[-91.13936467198131,42.29575803033739],[-91.18358733914246,42.29592086463484]],[[-91.18381169903601,42.29592169076062],[-91.24709950951353,42.29615472569085]],[[-91.26160664298948,42.296208143067936],[-91.27327460071459,42.296251106186645]],[[-91.27651678404364,42.29626304437759],[-91.27998412030091,42.296275811614386]],[[-91.29979748831559,42.29634876731941],[-91.31036887252381,42.296387692694815]],[[-91.31553232825397,42.296406705290394],[-91.31672508635047,42.29641109719932]],[[-91.31747825317339,42.29641387046919],[-91.363263,42.296445],[-91.364069,42.19356],[-91.36486,42.135334],[-91.364897,42.031653],[-91.36587125503677,41.94780065749967]],[[-91.9454424415244,41.16348535304353],[-91.71572762597626,41.16262629335293]],[[-91.4860128104281,41.16262629335293],[-91.48242351643516,41.42378043929438]],[[-91.48242351643516,41.42378043929438],[-91.51472716237161,41.46931060289602],[-91.51831645636456,41.51140452773527],[-91.83058503375034,41.51140452773527]],[[-91.83058503375034,41.51140452773527],[-91.9454424415244,41.510545468044675]],[[-91.9454424415244,41.510545468044675],[-91.9454424415244,41.16348535304353]],[[-92.17978009006507,40.6007806418136],[-92.1787465510655,40.60080125570255]],[[-92.1787465510655,40.663407550138814],[-92.17978009006507,40.6007806418136]],[[-92.17907126708633,40.89975342086342],[-92.1787465510655,40.85946677850702]],[[-91.82167319676682,41.86186781244047],[-91.63364835766721,41.86117011067776]],[[-91.63364835766721,41.86117011067776],[-91.714518,41.862035],[-91.82167319676682,41.86186781244047]],[[-92.40846298564507,41.16192417039547],[-92.17997507112074,41.16262169908217]],[[-92.1787465510655,41.16262629335293],[-91.9454424415244,41.16348535304353]],[[-91.9454424415244,41.510545468044675],[-92.29719325283253,41.50968640835408]],[[-92.33838588639065,41.50968640835408],[-92.34400882973928,41.50968640835408]],[[-92.34452649137886,41.50968640835408],[-92.34749908310644,41.50968640835408]],[[-92.34803130823876,41.50968640835408],[-92.4120492347375,41.509548195323184]],[[-91.36756610866108,41.3361563508535],[-91.07324400124001,41.333579171781714]],[[-91.07324400124001,41.333579171781714],[-91.065058,41.369101],[-91.05790929310734,41.37762158117953],[-91.05043805370558,41.39907953014045],[-91.048259,41.409748],[-91.04452964929649,41.41604890207901],[-91.027787,41.423603],[-91.00517574549602,41.42645931180643],[-90.985886,41.433689],[-90.9728581371899,41.433129516764936],[-90.9303371197798,41.421386873611745],[-90.92834391049348,41.42175616810581],[-90.87470519305919,41.44408288416449],[-90.857554,41.452751],[-90.8471184796848,41.45556564784647],[-90.811973,41.454594],[-90.78610048180481,41.452988468774684]],[[-90.78610048180481,41.452988468774684],[-90.78251118781188,41.59645143710436],[-90.90095788957889,41.59731049679496]],[[-91.36756610866108,41.59816955648556],[-91.36756610866108,41.3361563508535]],[[-93.32732062880629,41.60074673555735],[-93.32732062880629,41.50796828897288]],[[-92.75662288392884,41.52455452683581],[-92.757068,41.601411],[-92.76675936863583,41.60160579524795]],[[-92.76739076590765,41.862381943399306],[-92.821846,41.862267],[-92.9378,41.86253],[-93.154796,41.862617],[-93.1829749265199,41.8627599411894]],[[-93.19404031329002,41.8627599411894],[-93.19471117698143,41.8627599411894]],[[-93.19858305463408,41.8627599411894],[-93.21095664840072,41.8627599411894]],[[-93.21238893646205,41.8627599411894],[-93.21279027531067,41.8627599411894]],[[-93.22382210432008,41.8627599411894],[-93.22568822685139,41.8627599411894]],[[-93.23021344653847,41.8627599411894],[-93.2332322697684,41.8627599411894]],[[-93.2332322697684,41.8627599411894],[-93.24663066117965,41.8627599411894]],[[-93.24663066117965,41.8627599411894],[-93.25390654421786,41.8627599411894]],[[-93.25390654421786,41.8627599411894],[-93.34793503255324,41.8627599411894]],[[-93.34793503255324,41.8627599411894],[-93.348507,41.719103],[-93.34835,41.677547],[-93.348681,41.600999],[-93.32868370494089,41.60074673555735]],[[-91.41063763657637,40.81298899927999],[-91.29219093480934,40.77261319382193],[-91.28142305283052,40.752854820938204],[-91.11272623516234,40.69615688135881]],[[-91.11272623516234,40.69615688135881],[-91.111095,40.708282],[-91.115735,40.725168],[-91.108765,40.75004],[-91.10255807521135,40.756997929477386],[-91.09549080811009,40.79928482699344],[-91.096946,40.811403],[-91.09119047120471,40.825015834948346],[-91.07553000100569,40.8351358899],[-91.067159,40.841997],[-91.05643,40.848387],[-91.044653,40.868356],[-91.036789,40.875038],[-91.02819219377973,40.87879379471303],[-91.00504741537415,40.90490838617386],[-90.9654944113819,40.92152975953902],[-90.95451892943814,40.967937724400564],[-90.958089,40.976643],[-90.955201,40.986805],[-90.949634,40.995248],[-90.945949,41.006495],[-90.94466197203351,41.02243433009733],[-90.94740091579234,41.066355330783715],[-90.94934806913274,41.07243204115427]],[[-90.94934806913274,41.07243204115427],[-91.37115540265403,41.07414314522145]],[[-91.37115540265403,41.07414314522145],[-91.37115540265403,40.81298899927999]],[[-93.25390654421786,41.8627599411894],[-93.347933,41.863104]],[[-93.347933,41.863104],[-93.34793503255324,41.8627599411894]],[[-93.2332322697684,41.8627599411894],[-93.24663066117965,41.8627599411894]],[[-90.89736859558595,42.29486696555965],[-90.84782733237321,42.29486696555965]],[[-90.84782733237321,42.29486696555965],[-90.889586,42.295226],[-90.934427,42.295125],[-91.018707,42.295702],[-91.13067308255518,42.295762881295694]],[[-90.82594577647338,42.29486696555965],[-90.79803868211381,42.29486696555965]],[[-90.79803868211381,42.29486696555965],[-90.82594577647338,42.29486696555965]],[[-90.78978232108136,42.29486696555965],[-90.78265459270015,42.29486696555965]],[[-90.78265459270015,42.29486696555965],[-90.78978232108136,42.29486696555965]],[[-90.77699855289642,42.29486696555965],[-90.75442203614439,42.29486696555965]],[[-90.75442203614439,42.29486696555965],[-90.77699855289642,42.29486696555965]],[[-90.73596811776676,42.29486696555965],[-90.71391878650446,42.29486696555965]],[[-90.71391878650446,42.29486696555965],[-90.73596811776676,42.29486696555965]],[[-90.68785959646188,42.29486696555965],[-90.68614776274423,42.29486696555965]],[[-90.68614776274423,42.29486696555965],[-90.68785959646188,42.29486696555965]],[[-90.66554986433022,42.29486696555965],[-90.66406448604485,42.29486696555965],[-90.66406448604485,42.38215209641065]],[[-90.66406448604485,42.38215209641065],[-90.665029,42.382155],[-90.66554986433022,42.29486696555965]],[[-90.57071911331818,42.382069521336],[-90.49239722532275,42.38171583230811]],[[-90.49239722532275,42.38171583230811],[-90.57071911331818,42.382069521336]],[[-91.48242351643516,41.42378043929438],[-91.36756610866108,41.42292137960379]],[[-91.36756610866108,41.42292137960379],[-91.36756610866108,41.860065066915254]],[[-91.36756610866108,41.860065066915254],[-91.45085,41.859606],[-91.571401,41.860449],[-91.63364835766721,41.86117011067776]],[[-91.82167319676682,41.86186781244047],[-91.83058430607485,41.861847936415096]],[[-91.83058430607485,41.861847936415096],[-91.8269957397574,41.60074673555735],[-91.83058503375034,41.51140452773527]],[[-93.49660548348427,41.160908173971734],[-93.446757,41.160519],[-93.17714557383327,41.160908173971734]],[[-93.17714557383327,41.160908173971734],[-93.49660548348427,41.160908173971734]],[[-93.16706057886907,41.160908173971734],[-93.16450509813113,41.160908173971734]],[[-93.1394782963764,41.160908173971734],[-93.1255017326134,41.160908173971734]],[[-93.10821410409288,41.160908173971734],[-93.09760581325813,41.16086105892267]],[[-93.09760581325813,41.16086105892267],[-93.09760581325813,41.160908173971734]],[[-93.09760581325813,41.160908173971734],[-93.10821410409288,41.160908173971734]],[[-93.09760581325813,41.16086105892267],[-93.069179,41.160702],[-92.91181436642603,41.160908173971734]],[[-92.91181436642603,41.160908173971734],[-93.09760581325813,41.160908173971734]],[[-92.90204058653931,41.160908173971734],[-92.89757306051676,41.160908173971734]],[[-92.88556478135483,41.160908173971734],[-92.87750125576817,41.160908173971734]],[[-92.29843118895182,41.60153536715583],[-92.297814,41.601535],[-92.29760212880603,41.54002305647346]],[[-91.83058430607485,41.861847936415096],[-91.901223,41.861562],[-91.98027031762246,41.86217646300035]],[[-91.98027031762246,41.86217646300035],[-91.98073535099138,41.86217731916063]],[[-91.98073535099138,41.86217731916063],[-91.98552852154323,41.86218614373646]],[[-91.98552852154323,41.86218614373646],[-91.98575994405286,41.86218656980214]],[[-91.98575994405286,41.86218656980214],[-91.98773681828325,41.86219020937148]],[[-91.98773681828325,41.86219020937148],[-92.29719325283253,41.8627599411894]],[[-92.29860425917173,41.82865128198563],[-92.29997900143583,41.716375675035586]],[[-91.98773681828325,41.86219020937148],[-92.067104,41.863019],[-92.109422,41.862737],[-92.23022,41.86273],[-92.239527,41.863057],[-92.29719325283253,41.86280578590921]],[[-92.29719325283253,41.86280578590921],[-92.29719325283253,41.8627599411894]],[[-91.98552852154323,41.86218614373646],[-91.98575994405286,41.86218656980214]],[[-91.98027031762246,41.86217646300035],[-91.98073535099138,41.86217731916063]],[[-90.78610048180481,41.452988468774684],[-90.73585889402315,41.45041172708479],[-90.6505443026114,41.46487340732494],[-90.63741998515363,41.47530825048625],[-90.59227860618606,41.51312264711646],[-90.55638566625666,41.52429042309422],[-90.540935,41.526133],[-90.52975769800358,41.52404530295667],[-90.46306402244022,41.523431363403624],[-90.44306644346746,41.53858769436721],[-90.432731,41.549533],[-90.42202458976188,41.55453548981202],[-90.412825,41.565329],[-90.3984567305673,41.572397765767654],[-90.34179166545654,41.59019813509771],[-90.34113897123677,41.59219054435569],[-90.34461732067321,41.64713595884958],[-90.336729,41.664532],[-90.334525,41.679559],[-90.330222,41.683954],[-90.319924,41.689721],[-90.314687,41.69483],[-90.31280419182562,41.70204688404338],[-90.31376589882575,41.71033316371439],[-90.317421,41.718333],[-90.31613500180994,41.72874876540523]],[[-90.31613500180994,41.72874876540523],[-90.40922461254613,41.72960568914689],[-90.4702426104261,41.773417733367324],[-90.53843919629196,41.77599491243912],[-90.5779214302143,41.75881371862718],[-90.67483236802367,41.76139089769897],[-90.71431460194601,41.734760047290465],[-90.78610048180481,41.77169961398613],[-90.89736859558595,41.77169961398613]],[[-91.37115540265403,41.160908173971734],[-91.37115540265403,41.07414314522145]],[[-90.94934806913274,41.07243204115427],[-90.94761871148711,41.09647869717696],[-90.99245624188606,41.158390564697356],[-90.99561056327393,41.16105520534438],[-91.02243767183127,41.16401864490259],[-91.030045,41.163553],[-91.041196,41.166041],[-91.11272623516234,41.23908260581605],[-91.114186,41.250029],[-91.10054028249093,41.26824839929001],[-91.07324400124001,41.333579171781714]],[[-91.36756610866108,41.3361563508535],[-91.36756610866108,41.42292137960379]],[[-90.89736859558595,42.03371281961819],[-90.15438473904739,42.03285375992759]],[[-90.15438473904739,42.03285375992759],[-90.164485,42.042105],[-90.166808,42.055933],[-90.165526,42.061518],[-90.16874191501914,42.07580674445744],[-90.1620422635763,42.11429052766548],[-90.16557644390733,42.120070870102715],[-90.17236878531514,42.125198],[-90.190452,42.125779],[-90.201404,42.130937],[-90.20961691200074,42.15277920116873],[-90.34805939434312,42.204181112525426],[-90.356964,42.205445],[-90.365138,42.210526],[-90.37692096660966,42.21497441433414],[-90.391108,42.225473],[-90.400653,42.239293],[-90.419326,42.254467],[-90.424884,42.267912],[-90.430884,42.27823],[-90.42012836084618,42.32943804943159],[-90.430546,42.33686],[-90.43992015322952,42.34916631326874],[-90.464788,42.369452],[-90.473798,42.381458]],[[-90.473798,42.381458],[-90.49239722532275,42.38171583230811]],[[-90.57071911331818,42.382069521336],[-90.66406448604485,42.38215209641065]],[[-90.66554986433022,42.29486696555965],[-90.68614776274423,42.29486696555965]],[[-90.68785959646188,42.29486696555965],[-90.71391878650446,42.29486696555965]],[[-90.73596811776676,42.29486696555965],[-90.75442203614439,42.29486696555965]],[[-90.77699855289642,42.29486696555965],[-90.78265459270015,42.29486696555965]],[[-90.78978232108136,42.29486696555965],[-90.79803868211381,42.29486696555965]],[[-90.82594577647338,42.29486696555965],[-90.84782733237321,42.29486696555965]],[[-90.89736859558595,42.29486696555965],[-90.89736859558595,42.03371281961819]],[[-91.71572762597626,40.59822407663076],[-91.712025,40.595046],[-91.696359,40.588148],[-91.685381,40.578892],[-91.69156272789034,40.56416501823739],[-91.68507436206859,40.55502003324244],[-91.670993,40.550937],[-91.654345,40.549189],[-91.625161,40.5435],[-91.61881668816687,40.540667077360766],[-91.618793,40.526286],[-91.62203223156365,40.51296124608737],[-91.61964861686124,40.50738986971619],[-91.608347,40.50004],[-91.594644,40.494997],[-91.586884,40.487233],[-91.58262954298205,40.47582567369538],[-91.56620307386281,40.46181969686025],[-91.56185317784778,40.46062498203272],[-91.52908433834338,40.45905640675406],[-91.523864,40.456331],[-91.524053,40.448437],[-91.52806950631931,40.44545460315886],[-91.52719419100268,40.433722743364754],[-91.519012,40.431298],[-91.52619666161904,40.42035284722916],[-91.52558718811139,40.41218406781453],[-91.522333,40.409648],[-91.509063,40.406775],[-91.498093,40.401926],[-91.487829,40.403866],[-91.490912,40.39298],[-91.48485831508818,40.384216412932716],[-91.47146955355286,40.38303582278481],[-91.464017,40.385636],[-91.46365679807083,40.382346912005],[-91.44512235418621,40.38071258744186],[-91.441243,40.386255],[-91.425662,40.382491],[-91.41964681582685,40.37846621315845],[-91.415051,40.381747],[-91.40425698245461,40.38263181143958],[-91.37599173812104,40.391651795908054],[-91.37499936126284,40.39357353318668],[-91.38192328463285,40.43500273541735],[-91.381045,40.44849],[-91.37784057064523,40.45698871315911],[-91.36789991878135,40.51052049404816],[-91.37115277478195,40.51504947809824],[-91.40704834258342,40.54238519674196],[-91.405241,40.554641],[-91.401482,40.559458],[-91.38437438484914,40.57118883714151],[-91.3603875206752,40.60166031539315],[-91.348733,40.609695],[-91.310048,40.625041],[-91.303486,40.626923],[-91.264953,40.633893],[-91.24911940689407,40.63859988208881],[-91.18546007958754,40.63775342713869],[-91.17101780195352,40.645097410532124],[-91.1212285222464,40.67224063912433],[-91.115407,40.691825],[-91.11272623516234,40.69615688135881]],[[-92.29719325283253,41.86280578590921],[-92.29816407296634,41.8627599411894]],[[-90.31613500180994,41.72874876540523],[-90.315549,41.734426],[-90.309973,41.74342],[-90.302782,41.750031],[-90.278633,41.767358],[-90.264696,41.771475],[-90.222263,41.793133],[-90.20719030227214,41.79808845404923],[-90.18120065622777,41.80880127540288],[-90.181889,41.827755],[-90.183973,41.83307],[-90.18309909099091,41.84471968768687],[-90.15248593825373,41.92450187406578],[-90.15167465549148,41.930590975384064],[-90.163847,41.944934],[-90.16515262102621,41.95639744746447],[-90.14084774344838,42.00708946098488],[-90.15438473904739,42.03285375992759]],[[-90.89736859558595,42.03371281961819],[-90.89736859558595,41.77169961398613]],[[-92.5556224203242,42.46925608275082],[-92.53408665636655,42.46925608275082],[-92.53408665636655,42.296585084940844]],[[-92.53408665636655,42.296585084940844],[-92.29719325283253,42.29744414463144]],[[-92.29719325283253,42.29744414463144],[-92.06388914329143,42.29744414463144]],[[-92.06388914329143,42.29744414463144],[-92.06388914329143,42.46839702306023],[-92.08183561325613,42.46839702306023],[-92.08183561325613,42.6419270805608]],[[-92.08183561325613,42.6419270805608],[-92.5556224203242,42.6419270805608]],[[-92.5556224203242,42.6419270805608],[-92.5556224203242,42.46925608275082]],[[-93.49775293175576,43.08748617429359],[-93.49601744647445,43.255295699646986]],[[-93.49601744647445,43.255295699646986],[-93.49763157113725,43.255295699646986]],[[-93.49763157113725,43.255295699646986],[-93.497508,43.20528],[-93.49775293175576,43.08748617429359]],[[-91.36587125503677,41.94780065749967],[-91.36756610866108,41.9478068505585]],[[-91.36756610866108,41.9478068505585],[-91.36756610866108,41.860065066915254]],[[-92.5556224203242,43.21320177480774],[-92.08183561325613,43.21320177480774]],[[-92.08183561325613,43.21320177480774],[-92.07825001097021,43.50069077481569]],[[-92.07825001097021,43.50069077481569],[-92.17337635069187,43.500765719017195],[-92.44794360053601,43.50012771146711],[-92.55203312633125,43.50012771146711]],[[-92.55203312633125,43.50012771146711],[-92.5556224203242,43.21320177480774]],[[-93.23040969099691,42.20888304254884],[-93.125202,42.208697],[-93.07882229123666,42.20896099649996]],[[-93.07882229123666,42.20896099649996],[-93.23040969099691,42.20896099649996]],[[-93.23040969099691,42.20896099649996],[-93.23040969099691,42.20888304254884]],[[-92.76749797847106,42.20981966141829],[-92.76739076590765,42.204362592637445]],[[-92.76739076590765,42.204362592637445],[-92.76739076590765,42.20982005619055]],[[-92.76739076590765,42.20982005619055],[-92.76749797847106,42.20981966141829]],[[-93.40951998195365,42.55757588757738],[-93.40582248175761,42.55756918335234]],[[-93.40582248175761,42.55756918335234],[-93.40951998195365,42.55757588757738]],[[-93.39361637944747,42.55754705151938],[-93.35957999047749,42.55748533749666]],[[-93.35957999047749,42.55748533749666],[-93.39361637944747,42.55754705151938]],[[-93.38329728900933,42.908024694937865],[-93.300261,42.907685],[-93.16801695880866,42.90763435343596]],[[-93.16801695880866,42.90763435343596],[-93.38329728900933,42.908024694937865]],[[-93.12460148527697,42.90755563346592],[-93.1111306296253,42.907531208410354]],[[-93.1111306296253,42.907531208410354],[-93.12460148527697,42.90755563346592]],[[-93.02699903376075,42.55688230911023],[-93.02581993339933,42.55688017119171]],[[-93.02581993339933,42.55688017119171],[-93.02581993339933,42.754425713477815]],[[-93.02581993339933,42.754425713477815],[-93.02699903376075,42.55688230911023]],[[-93.02581993339933,42.785828747021036],[-93.02581993339933,42.791885316127114]],[[-93.02581993339933,42.791885316127114],[-93.02581993339933,42.785828747021036]],[[-91.59728092420924,42.296585084940844],[-91.36397681466815,42.296585084940844]],[[-91.36397681466815,42.296585084940844],[-91.31747825317339,42.29641387046919]],[[-91.31672508635047,42.29641109719932],[-91.31553232825397,42.296406705290394]],[[-91.31036887252381,42.296387692694815],[-91.29979748831559,42.29634876731941]],[[-91.27998412030091,42.296275811614386],[-91.27651678404364,42.29626304437759]],[[-91.27327460071459,42.296251106186645],[-91.26160664298948,42.296208143067936]],[[-91.24709950951353,42.29615472569085],[-91.18381169903601,42.29592169076062]],[[-91.18358733914246,42.29592086463484],[-91.13936467198131,42.29575803033739]],[[-91.13067308255518,42.295762881295694],[-91.13426199911999,42.646222379013786]],[[-91.13426199911999,42.646222379013786],[-91.60804880618805,42.64364519994199]],[[-91.60804880618805,42.64364519994199],[-91.60804880618805,42.46925608275082],[-91.59728092420924,42.46925608275082],[-91.59728092420924,42.296585084940844]],[[-92.06388914329143,42.29744414463144],[-91.83058503375034,42.29916226401264]],[[-91.83058503375034,42.29916226401264],[-91.59728092420924,42.296585084940844]],[[-91.60804880618805,42.64364519994199],[-92.08183561325613,42.6419270805608]],[[-92.7123293567108,41.508937777714955],[-92.7565081422067,41.50882763472829]],[[-92.67498271763856,41.509030887344906],[-92.68537156123864,41.50900498671751]],[[-92.64506104302518,41.509105485652015],[-92.65571107226577,41.50907893385763]],[[-92.62960080839758,41.50914402986271],[-92.63319113251163,41.50913507875605]],[[-92.4120492347375,41.509548195323184],[-92.4120506606066,41.50968640835408]],[[-92.4120506606066,41.50968640835408],[-92.62393869243586,41.50915814619379]],[[-93.49891129889112,42.47097420213201],[-93.463713800538,42.47080441055705]],[[-93.463713800538,42.47080441055705],[-93.49891129889112,42.47097420213201]],[[-93.463713800538,42.47080441055705],[-93.462635,42.470802],[-93.462956,42.408073],[-93.462881,42.311593],[-93.463043,42.209302],[-93.366103,42.209307],[-93.23183871876128,42.20896099649996]],[[-93.23183871876128,42.20896099649996],[-93.07882229123666,42.20896099649996]],[[-93.07882229123666,42.20896099649996],[-93.00069929161528,42.20928337018981]],[[-93.00069929161528,42.20928337018981],[-93.00428416944169,42.47097420213201],[-93.02581993339933,42.47097420213201],[-93.02581993339933,42.55688017119171]],[[-93.02699903376075,42.55688230911023],[-93.153158,42.556768],[-93.35957999047749,42.55748533749666]],[[-93.39361637944747,42.55754705151938],[-93.40582248175761,42.55756918335234]],[[-93.40951998195365,42.55757588757738],[-93.499485,42.5577],[-93.49891129889112,42.47097420213201]],[[-92.76675936863583,41.60160579524795],[-92.75662288392884,41.60160579524795],[-92.75662288392884,41.52455452683581]],[[-92.4120506606066,41.50968640835408],[-92.34803130823876,41.50968640835408]],[[-92.34749908310644,41.50968640835408],[-92.34452649137886,41.50968640835408]],[[-92.34400882973928,41.50968640835408],[-92.33838588639065,41.50968640835408]],[[-92.29760212880603,41.54002305647346],[-92.29843118895182,41.60153536715583]],[[-92.29997900143583,41.716375675035586],[-92.30078254682546,41.77599491243912],[-92.29860425917173,41.82865128198563]],[[-92.29816407296634,41.8627599411894],[-92.76595294861782,41.8627599411894]],[[-92.76595294861782,41.8627599411894],[-92.765999,41.862373]],[[-93.16801695880866,42.90763435343596],[-93.12460148527697,42.90755563346592]],[[-93.1111306296253,42.907531208410354],[-93.02581993339933,42.90755403161233]],[[-93.02581993339933,42.90755403161233],[-93.02581993339933,43.255295699646986]],[[-93.02581993339933,43.255295699646986],[-93.49601744647445,43.255295699646986]],[[-93.49775293175576,43.08748617429359],[-93.497769,42.999958],[-93.498617,42.908512],[-93.38329728900933,42.908024694937865]],[[-91.36397681466815,42.296585084940844],[-91.36756610866108,41.9478068505585]],[[-93.02581993339933,43.21320177480774],[-92.5556224203242,43.21320177480774]],[[-92.55203312633125,43.50012771146711],[-93.02581993339933,43.49926865177651]],[[-93.02581993339933,43.49926865177651],[-93.02581993339933,43.21320177480774]],[[-92.08183561325613,42.6419270805608],[-92.08183561325613,42.90737652495524]],[[-92.08183561325613,42.90737652495524],[-92.5556224203242,42.90737652495524]],[[-92.5556224203242,42.90737652495524],[-92.5556224203242,42.6419270805608]],[[-93.00069929161528,42.20928337018981],[-92.874153,42.210061],[-92.767463,42.21014],[-92.76749797847106,42.20981966141829]],[[-92.76739076590765,42.20982005619055],[-92.76739076590765,42.296585084940844]],[[-92.76739076590765,42.296585084940844],[-92.53408665636655,42.296585084940844]],[[-92.5556224203242,42.46925608275082],[-92.5556224203242,42.55602111150111]],[[-92.5556224203242,42.55602111150111],[-93.02581993339933,42.55688017119171]],[[-91.83058503375034,41.861900881498805],[-91.82167319676682,41.86186781244047]],[[-91.63364835766721,41.86117011067776],[-91.36756610866108,41.86018276211762]],[[-91.36756610866108,41.86018276211762],[-91.36756610866108,41.9478068505585]],[[-91.83058503375034,42.29916226401264],[-91.83417432774327,41.949524969939695],[-91.83058503375034,41.861900881498805]],[[-91.60804880618805,42.64364519994199],[-91.60445951219512,43.081765642146415]],[[-91.60445951219512,43.081765642146415],[-92.08183561325613,43.08262470183701]],[[-92.08183561325613,43.08262470183701],[-92.08183561325613,42.6419270805608]],[[-93.23183871876128,42.20896099649996],[-93.23040969099691,42.20888304254884]],[[-93.23040969099691,42.20896099649996],[-93.23183871876128,42.20896099649996]],[[-90.84782733237321,42.29486696555965],[-90.82594577647338,42.29486696555965]],[[-90.79803868211381,42.29486696555965],[-90.78978232108136,42.29486696555965]],[[-90.78265459270015,42.29486696555965],[-90.77699855289642,42.29486696555965]],[[-90.75442203614439,42.29486696555965],[-90.73596811776676,42.29486696555965]],[[-90.71391878650446,42.29486696555965],[-90.68785959646188,42.29486696555965]],[[-90.68614776274423,42.29486696555965],[-90.66554986433022,42.29486696555965]],[[-90.66406448604485,42.38215209641065],[-90.66406448604485,42.38249105400053],[-90.57071911331818,42.382069521336]],[[-90.49239722532275,42.38171583230811],[-90.47400631943407,42.38163278194004]],[[-90.47400631943407,42.38163278194004],[-90.487154,42.385141],[-90.49339576504997,42.389775305377235],[-90.55638566625666,42.415994381933814],[-90.56285208967056,42.43611409578446],[-90.56626757449325,42.43935926990912],[-90.590416,42.447493],[-90.606328,42.451505],[-90.624328,42.458904],[-90.64252872208722,42.46839702306023],[-90.65112,42.475189],[-90.656302,42.483691],[-90.656462,42.490962],[-90.64252872208722,42.50881319012542],[-90.64252872208722,42.53283612675601],[-90.644033,42.53986],[-90.654127,42.5499],[-90.659127,42.5579],[-90.661527,42.567999],[-90.679375,42.581503],[-90.686975,42.591774],[-90.687999,42.599198],[-90.693999,42.614509],[-90.70713601396014,42.63419554334543],[-90.8348879042985,42.66188707718031],[-90.852497,42.664822],[-90.862493,42.66769],[-90.88743,42.67247],[-90.89736859558595,42.67522274765615]],[[-90.89736859558595,42.67522274765615],[-90.89736859558595,42.64536331932319],[-91.13426199911999,42.646222379013786]],[[-91.60445951219512,43.081765642146415],[-91.611638100181,43.34206072839728],[-91.611638100181,43.50012771146711]],[[-91.611638100181,43.50012771146711],[-91.68154198937103,43.50063470416951],[-91.761252,43.500829],[-91.807175,43.500647],[-91.90972,43.500819],[-92.07825001097021,43.50069077481569]],[[-92.08183561325613,43.21320177480774],[-92.08183561325613,43.08262470183701]],[[-91.83058503375034,41.861900881498805],[-91.83058430607485,41.861847936415096]],[[-91.36756610866108,41.860065066915254],[-91.36756610866108,41.86018276211762]],[[-91.98575994405286,41.86218656980214],[-91.98773681828325,41.86219020937148]],[[-91.98073535099138,41.86217731916063],[-91.98552852154323,41.86218614373646]],[[-91.83058503375034,41.861900881498805],[-91.98027031762246,41.86217646300035]],[[-92.29719325283253,42.29744414463144],[-92.29719325283253,41.86280578590921]],[[-90.89736859558595,42.67522274765615],[-90.92899490646722,42.68431625430367],[-90.941567,42.683844],[-90.952415,42.686778],[-90.965048,42.693233],[-90.974237,42.695249],[-91.0141793003112,42.71946424237256],[-91.026786,42.724228],[-91.03063820946018,42.729476544596466],[-91.04504661632339,42.73824148295135],[-91.053733,42.738238],[-91.05482004961857,42.74418686894448],[-91.06606541325412,42.751027661266605],[-91.08738628571253,42.82961272363661],[-91.09406,42.830813],[-91.095114,42.834966],[-91.09207171689107,42.84688241567734],[-91.097656,42.859871],[-91.09868412115257,42.871254598491106],[-91.10195835318353,42.88332285361853],[-91.14502988109881,42.904799345883454],[-91.15396548105849,42.97394876021775],[-91.156893,42.980815],[-91.15749,42.991475],[-91.169572,43.022153],[-91.174692,43.038713],[-91.179382,43.068624],[-91.17733352703527,43.08004752276522]],[[-91.17733352703527,43.08004752276522],[-91.60445951219512,43.081765642146415]],[[-90.473798,42.381458],[-90.47400631943407,42.38163278194004]],[[-92.08183561325613,42.90737652495524],[-92.08183561325613,43.21320177480774]],[[-92.5556224203242,43.21320177480774],[-92.5556224203242,42.90737652495524]],[[-93.49601744647445,43.255295699646986],[-93.49601744647445,43.49926865177651]],[[-93.49601744647445,43.49926865177651],[-93.49734651654636,43.49926865177651]],[[-93.49734651654636,43.49926865177651],[-93.497821,43.4083],[-93.497505,43.368435],[-93.49763157113725,43.255295699646986]],[[-92.5556224203242,42.55602111150111],[-92.5556224203242,42.90737652495524]],[[-92.5556224203242,42.90737652495524],[-93.0251451297492,42.90737652495524]],[[-93.0251451297492,42.90737652495524],[-93.02581993339933,42.791885316127114]],[[-93.02581993339933,42.785828747021036],[-93.02581993339933,42.754425713477815]],[[-93.02581993339933,42.90755403161233],[-93.0251451297492,42.90737652495524]],[[-93.02581993339933,43.21320177480774],[-93.02581993339933,42.90755403161233]],[[-93.02581993339933,43.255295699646986],[-93.02581993339933,43.49926865177651]],[[-93.02581993339933,43.49926865177651],[-93.49601744647445,43.49926865177651]],[[-92.76739076590765,42.204362592637445],[-92.766796,42.126133],[-92.765667,41.939677],[-92.76595294861782,41.8627599411894]],[[-92.76739076590765,42.296585084940844],[-92.76739076590765,42.204362592637445]],[[-91.17733352703527,43.08004752276522],[-91.17733352703527,43.11629070681475],[-91.177932,43.128875],[-91.175253,43.134665],[-91.16652361440526,43.13849040730824],[-91.14926539256196,43.14950527002395],[-91.143283,43.156413],[-91.138649,43.169993],[-91.13438750387444,43.17428375731479],[-91.12349411714116,43.1968796406864],[-91.06040611649502,43.247211134309815],[-91.05943432836936,43.249189296844676],[-91.06722901731926,43.260095744975786],[-91.072649,43.262129],[-91.07201244378864,43.266788788535656],[-91.10114625576465,43.30755326434998],[-91.11082650758536,43.315630315046874],[-91.20245858498585,43.34893320592205],[-91.20662,43.352524],[-91.21477,43.365874],[-91.21473,43.368788],[-91.207367,43.373659],[-91.20398401930478,43.38033151593802],[-91.20604787897878,43.42281233931339],[-91.22875,43.445537],[-91.2347622309223,43.455456607556066],[-91.21820980726692,43.496657748423516],[-91.21780321393635,43.50012771146711],[-91.611638100181,43.50012771146711]],[[-92.64176547615476,41.160908173971734],[-92.63817618216181,40.898894968339675]],[[-92.63817618216181,40.898894968339675],[-92.17907126708633,40.89975342086342]],[[-92.17997507112074,41.16262169908217],[-92.40846136661366,41.16176723366233]],[[-92.40846136661366,41.16176723366233],[-92.64176547615476,41.160908173971734]],[[-93.79033955389554,41.16176723366233],[-93.55703544435444,41.160908173971734]],[[-93.55703544435444,41.160908173971734],[-93.49660548348427,41.160908173971734]],[[-93.79033955389554,41.35752455697714],[-93.79033955389554,41.16176723366233]],[[-93.76831289529657,41.51199184265254],[-93.79033955389554,41.51226358742587]],[[-93.79033955389554,41.51226358742587],[-93.79033955389554,41.51191701785593]],[[-93.44148313195102,41.50759407324874],[-93.46547432720122,41.50825569730519]],[[-93.43413144608752,41.503635089047314],[-93.44135467902478,41.50752489957687]],[[-93.41366187320021,41.492611941816115],[-93.4213777371937,41.49676704096177]],[[-93.38942250261556,41.49202571424604],[-93.3995830978193,41.49222836686123]],[[-93.3582191818923,41.491403365415074],[-93.3736329992928,41.49171079331113]],[[-93.328407,41.49080876278563],[-93.35074622451376,41.491254317615656]],[[-93.55703544435444,40.580226821317936],[-93.527274,40.580496],[-93.47340692939973,40.58018382312822],[-93.35926594586958,40.58036678421923],[-93.11653155327997,40.58338475402459],[-93.09760581325813,40.58399942646474]],[[-93.09760581325813,40.58399942646474],[-93.09760581325813,40.89803590864908]],[[-93.09760581325813,40.89803590864908],[-93.55703544435444,40.89803590864908]],[[-93.55703544435444,40.89803590864908],[-93.55703544435444,40.580226821317936]],[[-94.39693023870238,42.20896099649996],[-94.16470342906273,42.209816089415504]],[[-94.16470342906273,42.209816089415504],[-94.302298,42.209597],[-94.39693023870238,42.20912766194183]],[[-94.39693023870238,42.20912766194183],[-94.39693023870238,42.20896099649996]],[[-94.47230541255412,40.57081600558526],[-94.29417,40.571656],[-94.282994,40.571469],[-94.14195089063668,40.57266871992389],[-94.01646507545075,40.57417040529405]],[[-94.01646507545075,40.57417040529405],[-94.01646507545075,40.89717684895848]],[[-94.01646507545075,40.89717684895848],[-94.47230541255412,40.89975402803027]],[[-94.47230541255412,40.89975402803027],[-94.47230541255412,40.57081600558526]],[[-95.10015531760438,41.50498635730163],[-95.03941386343863,41.50453205021049]],[[-95.03941386343863,41.50453205021049],[-95.03941386343863,41.50468714533591]],[[-95.03941386343863,41.50468714533591],[-95.10015531760438,41.50498635730163]],[[-94.01646507545075,40.89717684895848],[-94.01287578145781,41.156612875518746]],[[-94.01287578145781,41.156612875518746],[-94.24259059700597,41.157471935209344]],[[-94.24259059700597,41.157471935209344],[-94.47230541255412,41.157471935209344]],[[-94.47230541255412,41.157471935209344],[-94.47230541255412,40.89975402803027]],[[-94.92814574965749,40.90061308772087],[-94.47230541255412,40.89975402803027]],[[-94.47230541255412,41.157471935209344],[-94.70202022810227,41.15833099489994]],[[-94.70202022810227,41.15833099489994],[-94.92814574965749,41.15833099489994]],[[-94.92814574965749,41.15833099489994],[-94.92814574965749,40.90061308772087]],[[-92.87148029170291,41.160908173971734],[-92.64176547615476,41.160908173971734]],[[-92.40846136661366,41.16176723366233],[-92.40846298564507,41.16192417039547]],[[-92.87148029170291,41.161067146543786],[-92.87148029170291,41.160908173971734]],[[-94.24259059700597,41.157471935209344],[-94.24259059700597,41.503672990519895]],[[-94.24259059700597,41.503672990519895],[-94.7006173434285,41.504529427041255]],[[-94.7006173434285,41.504529427041255],[-94.702011899798,41.504129405254936]],[[-94.702011899798,41.504129405254936],[-94.69843093410934,41.33100199270992],[-94.70202022810227,41.15833099489994]],[[-93.17714557383327,41.160908173971734],[-93.16706057886907,41.160908173971734]],[[-93.16450509813113,41.160908173971734],[-93.1394782963764,41.160908173971734]],[[-93.1255017326134,41.160908173971734],[-93.10821410409288,41.160908173971734]],[[-92.91181436642603,41.160908173971734],[-92.90204058653931,41.160908173971734]],[[-92.89757306051676,41.160908173971734],[-92.88556478135483,41.160908173971734]],[[-92.87750125576817,41.160908173971734],[-92.87148029170291,41.160908173971734]],[[-93.32868370494089,41.60074673555735],[-93.34885639276392,41.60074673555735],[-93.34885639276392,41.8627599411894]],[[-93.34885639276392,41.8627599411894],[-93.49988849735033,41.8631326003909]],[[-93.49988849735033,41.8631326003909],[-93.52218337268772,41.863187611148135]],[[-93.52218337268772,41.863187611148135],[-93.530296502939,41.86320762962467]],[[-93.530296502939,41.86320762962467],[-93.5316395670034,41.863210943523946]],[[-93.5316395670034,41.863210943523946],[-93.53166245573819,41.863211]],[[-93.53166245573819,41.863211],[-93.53169107239339,41.863211070609225]],[[-93.53169107239339,41.863211070609225],[-93.53220599386121,41.863212341135274]],[[-93.53220599386121,41.863212341135274],[-93.53663700707042,41.863223274293155]],[[-93.53663700707042,41.863223274293155],[-93.53706797518682,41.86322433767127]],[[-93.53706797518682,41.86322433767127],[-93.81546461184611,41.863419047588216]],[[-93.81546461184611,41.863419047588216],[-93.81546461184611,41.60074673555735],[-93.79033955389554,41.60074673555735],[-93.79033955389554,41.51226358742587]],[[-94.01287578145781,41.156612875518746],[-93.79033955389554,41.16176723366233]],[[-93.79033955389554,41.51226358742587],[-93.89801837368373,41.502813930829305],[-94.24259059700597,41.503672990519895]],[[-92.1787465510655,40.85946677850702],[-92.1787465510655,40.663407550138814]],[[-94.6298191674836,41.8627599411894],[-94.2820728309283,41.8627599411894]],[[-94.2820728309283,41.8627599411894],[-94.16442268167972,41.86361322371483]],[[-94.16442268167972,41.86361322371483],[-94.164521,42.008061],[-94.164906,42.153856],[-94.16470342906273,42.209816089415504]],[[-94.39693023870238,42.20896099649996],[-94.42661474357054,42.209070299167706]],[[-94.42661474357054,42.209070299167706],[-94.42672961097671,42.209070722126214]],[[-94.42672961097671,42.209070722126214],[-94.49204726571847,42.20931123123847]],[[-94.49204726571847,42.20931123123847],[-94.628586,42.209569],[-94.62908,42.157454],[-94.628919,42.091663],[-94.629332,41.951465],[-94.629636,41.908227],[-94.628724,41.862763],[-94.6298191674836,41.8627599411894]],[[-95.38398608676086,40.90147214741147],[-94.92814574965749,40.90061308772087]],[[-94.92814574965749,41.15833099489994],[-95.1542712712127,41.15919005459054]],[[-95.1542712712127,41.15919005459054],[-95.1675890800359,41.159239858921616]],[[-95.1675890800359,41.159239858921616],[-95.31778995876346,41.15980156200594]],[[-95.31778995876346,41.15980156200594],[-95.34511415411025,41.15990374572772]],[[-95.34511415411025,41.15990374572772],[-95.3475806881276,41.15991296977339]],[[-95.3475806881276,41.15991296977339],[-95.36904208502233,41.15999322851043]],[[-95.36904208502233,41.15999322851043],[-95.36981989862579,41.15999613728369]],[[-95.36981989862579,41.15999613728369],[-95.37096091609644,41.16000040432286]],[[-95.37096091609644,41.16000040432286],[-95.38398608676086,41.160013726108836]],[[-95.38398608676086,41.160013726108836],[-95.38398608676086,40.90147214741147]],[[-92.63817618216181,40.590847968823],[-92.587073,40.591966],[-92.485216,40.595085],[-92.438154,40.595338],[-92.35103266272662,40.59736501694016],[-92.17978009006507,40.6007806418136]],[[-92.63817618216181,40.898894968339675],[-92.63817618216181,40.590847968823]],[[-95.03941386343863,41.50453205021049],[-94.93268483093074,41.50453205021049]],[[-94.93268483093074,41.50453205021049],[-95.03941386343863,41.50468714533591]],[[-94.87326342446804,41.50453205021049],[-94.85319577707706,41.50453205021049]],[[-94.85319577707706,41.50453205021049],[-94.87326342446804,41.50453205021049]],[[-94.70202022810227,41.60221395753093],[-94.74419862248317,41.60246485493854]],[[-94.74419862248317,41.60246485493854],[-94.70202022810227,41.60221395753093]],[[-95.36981989862579,41.15999613728369],[-95.37096091609644,41.16000040432286]],[[-95.3475806881276,41.15991296977339],[-95.36904208502233,41.15999322851043]],[[-95.31778995876346,41.15980156200594],[-95.34511415411025,41.15990374572772]],[[-95.1542712712127,41.15919005459054],[-95.1542712712127,41.505216219357344]],[[-95.1542712712127,41.505216219357344],[-95.155293,41.500035],[-95.154614,41.388455],[-95.155661,41.356965],[-95.155078,41.323837],[-95.155851,41.159236],[-95.1675890800359,41.159239858921616]],[[-95.38495881067985,40.90147214741147],[-95.38398608676086,40.90147214741147]],[[-95.38398608676086,41.160013726108836],[-95.384349,41.160011],[-95.384745,41.059975],[-95.384661,41.001931],[-95.38495881067985,40.90147214741147]],[[-93.34793503255324,41.8627599411894],[-93.34885639276392,41.8627599411894]],[[-93.53663700707042,41.863223274293155],[-93.53706797518682,41.86322433767127]],[[-93.53169107239339,41.863211070609225],[-93.53220599386121,41.863212341135274]],[[-93.5316395670034,41.863210943523946],[-93.53166245573819,41.863211]],[[-93.52218337268772,41.863187611148135],[-93.530296502939,41.86320762962467]],[[-93.347933,41.863104],[-93.49988849735033,41.8631326003909]],[[-93.09760581325813,40.58399942646474],[-93.0135,40.586297],[-92.961591,40.587337],[-92.8752,40.588392],[-92.781317,40.58859],[-92.67579965649442,40.590063740268825],[-92.63817618216181,40.590847968823]],[[-92.63817618216181,40.898894968339675],[-93.09760581325813,40.89803590864908]],[[-95.37576364173799,40.72830916071097],[-95.38398608676086,40.72880114960149],[-95.38398608676086,40.90147214741147]],[[-95.38495881067985,40.90147214741147],[-95.384658,40.846201],[-95.385254,40.728378],[-95.37576364173799,40.72830916071097]],[[-95.373923,40.580503],[-95.37321090002618,40.58048453353798]],[[-95.37321090002618,40.58048453353798],[-95.3696289107891,40.72794208991089],[-95.37061178381842,40.72800089998622]],[[-95.37061178381842,40.72800089998622],[-95.373883,40.655527],[-95.373923,40.580503]],[[-94.01646507545075,40.57417040529405],[-93.893148,40.575933],[-93.815485,40.577277],[-93.77598237792378,40.57760664405643],[-93.55703544435444,40.580226821317936]],[[-93.55703544435444,40.89803590864908],[-94.01646507545075,40.89717684895848]],[[-93.09760581325813,40.89803590864908],[-93.09760581325813,41.16086105892267]],[[-93.55703544435444,41.160908173971734],[-93.55703544435444,40.89803590864908]],[[-92.64176547615476,41.160908173971734],[-92.87750125576817,41.160908173971734]],[[-95.37576364173799,40.72830916071097],[-95.37061178381842,40.72800089998622]],[[-95.37321090002618,40.58048453353798],[-95.316288,40.57969],[-95.249191,40.579206],[-95.20151669876775,40.57847153371372],[-94.91378857368574,40.575051266744055]],[[-94.91378857368574,40.575051266744055],[-94.91378857368574,40.72708303022029],[-94.92814574965749,40.72708303022029],[-94.92814574965749,40.90061308772087]],[[-94.2820728309283,41.8627599411894],[-94.27848353693537,41.60160579524795],[-94.24259059700597,41.60074673555735],[-94.24259059700597,41.503672990519895]],[[-93.81546461184611,41.863419047588216],[-93.950511,41.863113],[-94.164428,41.863243],[-94.16442268167972,41.86361322371483]],[[-94.702011899798,41.504129405254936],[-94.85319577707706,41.50453205021049]],[[-94.87326342446804,41.50453205021049],[-94.93268483093074,41.50453205021049]],[[-95.10015531760438,41.50498635730163],[-95.1542712712127,41.505216219357344]],[[-94.42672961097671,42.209070722126214],[-94.49204726571847,42.20931123123847]],[[-94.39693023870238,42.20912766194183],[-94.42661474357054,42.209070299167706]],[[-94.70202022810227,41.60221395753093],[-94.700745,41.602184],[-94.7006173434285,41.504529427041255]],[[-94.6298191674836,41.8627599411894],[-94.744876,41.862394],[-94.744251,41.830395],[-94.743965,41.760561],[-94.744386,41.717499],[-94.744063,41.668478],[-94.74419862248317,41.60246485493854]],[[-94.91378857368574,40.575051266744055],[-94.63382364223642,40.571593226222255],[-94.47230541255412,40.57081600558526]],[[-93.96980425354253,42.90737652495524],[-93.4996067404674,42.90823558464584]],[[-93.4996067404674,42.90823558464584],[-93.49775293175576,43.08748617429359]],[[-93.49763157113725,43.255295699646986],[-93.96980425354253,43.255295699646986]],[[-93.96980425354253,43.255295699646986],[-93.96980425354253,42.90737652495524]],[[-93.23040969099691,41.8627599411894],[-93.23021344653847,41.8627599411894]],[[-93.22568822685139,41.8627599411894],[-93.22382210432008,41.8627599411894]],[[-93.21279027531067,41.8627599411894],[-93.21238893646205,41.8627599411894]],[[-93.21095664840072,41.8627599411894],[-93.19858305463408,41.8627599411894]],[[-93.19471117698143,41.8627599411894],[-93.19404031329002,41.8627599411894]],[[-93.1829749265199,41.8627599411894],[-92.76739076590765,41.8627599411894]],[[-92.76739076590765,41.8627599411894],[-92.76739076590765,42.204362592637445]],[[-92.76749797847106,42.20981966141829],[-93.00069487544874,42.20896099649996]],[[-93.00069487544874,42.20896099649996],[-93.07882229123666,42.20896099649996]],[[-93.23040969099691,42.20888304254884],[-93.23040969099691,41.8627599411894]],[[-93.4996067404674,42.557739230882305],[-93.40951998195365,42.55757588757738]],[[-93.40582248175761,42.55756918335234],[-93.39361637944747,42.55754705151938]],[[-93.35957999047749,42.55748533749666],[-93.02699903376075,42.55688230911023]],[[-93.02581993339933,42.754425713477815],[-93.02581993339933,42.785828747021036]],[[-93.02581993339933,42.791885316127114],[-93.02581993339933,42.90737652495524]],[[-93.02581993339933,42.90737652495524],[-93.1111306296253,42.907531208410354]],[[-93.12460148527697,42.90755563346592],[-93.16801695880866,42.90763435343596]],[[-93.38329728900933,42.908024694937865],[-93.4996067404674,42.90823558464584]],[[-93.4996067404674,42.90823558464584],[-93.4996067404674,42.557739230882305]],[[-94.4435910606106,42.473551381203805],[-94.39693023870238,42.473551381203805],[-94.39693023870238,42.20912766194183]],[[-94.16470342906273,42.209816089415504],[-94.16362612916129,42.20982005619055]],[[-94.16362612916129,42.20982005619055],[-93.93032201962019,42.20982005619055]],[[-93.93032201962019,42.20982005619055],[-93.93032201962019,42.47183326182261],[-93.97339354753547,42.47183326182261],[-93.96980425354253,42.557739230882305]],[[-93.96980425354253,42.557739230882305],[-93.97339354753547,42.64450425963259]],[[-93.97339354753547,42.64450425963259],[-94.4435910606106,42.64536331932319]],[[-94.4435910606106,42.64536331932319],[-94.4435910606106,42.473551381203805]],[[-94.16362612916129,41.86361900088],[-93.6970179100791,41.86361900088]],[[-93.6970179100791,41.86361900088],[-93.6970179100791,42.20896099649996]],[[-93.6970179100791,42.20896099649996],[-93.93032201962019,42.20982005619055]],[[-94.16362612916129,42.20982005619055],[-94.16362612916129,41.86361900088]],[[-95.49884349453494,41.50625016959169],[-95.1542712712127,41.50539110990109]],[[-95.1542712712127,41.50539110990109],[-95.10015531760438,41.50498635730163]],[[-95.03941386343863,41.50468714533591],[-95.03941386343863,41.60246485493854],[-95.09325327333273,41.60246485493854],[-95.09325327333273,41.86361900088]],[[-95.09325327333273,41.86361900088],[-95.55627219842198,41.86361900088]],[[-95.55627219842198,41.86361900088],[-95.55986149241492,41.60246485493854],[-95.49884349453494,41.60246485493854],[-95.49884349453494,41.50625016959169]],[[-94.70202022810227,41.50453205021049],[-94.702011899798,41.504129405254936]],[[-94.7006173434285,41.504529427041255],[-94.70202022810227,41.50453205021049]],[[-93.6970179100791,42.20896099649996],[-93.463713800538,42.20896099649996]],[[-93.463713800538,42.20896099649996],[-93.463713800538,42.47080441055705]],[[-93.49891129889112,42.47097420213201],[-93.4996067404674,42.47097420213201],[-93.4996067404674,42.557739230882305]],[[-93.4996067404674,42.557739230882305],[-93.96980425354253,42.557739230882305]],[[-93.463713800538,42.20896099649996],[-93.23183871876128,42.20896099649996]],[[-93.00069487544874,42.20896099649996],[-93.00069929161528,42.20928337018981]],[[-95.67112960619606,42.21153817557175],[-95.32296808888088,42.21067911588115]],[[-95.32296808888088,42.21067911588115],[-95.32296808888088,42.4744104408944],[-95.3875753807538,42.4744104408944],[-95.3875753807538,42.562034529335286]],[[-95.3875753807538,42.562034529335286],[-95.74291548605486,42.56117546964469]],[[-95.74291548605486,42.56117546964469],[-95.74291548605486,42.475269500585],[-95.66754031220312,42.4744104408944],[-95.67112960619606,42.21153817557175]],[[-92.76595294861782,41.8627599411894],[-92.76739076590765,41.8627599411894]],[[-92.76739076590765,41.8627599411894],[-92.76739076590765,41.862381943399306]],[[-93.53706797518682,41.86322433767127],[-93.6970179100791,41.86361900088]],[[-93.6970179100791,41.86361900088],[-93.81546461184611,41.86361900088]],[[-93.81546461184611,41.86361900088],[-93.81546461184611,41.863419047588216]],[[-93.53220599386121,41.863212341135274],[-93.53663700707042,41.863223274293155]],[[-93.53166245573819,41.863211],[-93.53169107239339,41.863211070609225]],[[-93.530296502939,41.86320762962467],[-93.5316395670034,41.863210943523946]],[[-93.49988849735033,41.8631326003909],[-93.52218337268772,41.863187611148135]],[[-93.02581993339933,42.90737652495524],[-93.02581993339933,42.90755403161233]],[[-93.96980425354253,42.90737652495524],[-93.97339354753547,42.64450425963259]],[[-95.09325327333273,41.86361900088],[-94.74509175601756,41.8627599411894]],[[-94.74509175601756,41.8627599411894],[-94.63023434824348,41.8627599411894]],[[-94.63023434824348,41.8627599411894],[-94.63023434824348,42.20982005619055]],[[-94.63023434824348,42.20982005619055],[-94.85994916379164,42.20982005619055]],[[-94.85994916379164,42.20982005619055],[-95.08966397933979,42.21067911588115]],[[-95.08966397933979,42.21067911588115],[-95.09325327333273,41.86361900088]],[[-94.63023434824348,41.8627599411894],[-94.6298191674836,41.8627599411894]],[[-94.49204726571847,42.20931123123847],[-94.63023434824348,42.20982005619055]],[[-94.42661474357054,42.209070299167706],[-94.42672961097671,42.209070722126214]],[[-94.16442268167972,41.86361322371483],[-94.16362612916129,41.86361900088]],[[-94.91378857368574,43.255295699646986],[-94.4435910606106,43.255295699646986]],[[-94.4435910606106,43.255295699646986],[-94.4435910606106,43.50041672137278]],[[-94.4435910606106,43.50041672137278],[-94.620603,43.500686],[-94.73988145993555,43.500986771157706],[-94.85721403618135,43.50092421260403],[-94.91378857368574,43.50012771146711]],[[-94.91378857368574,43.50012771146711],[-94.91378857368574,43.255295699646986]],[[-95.37096091609644,41.16000040432286],[-95.38398608676086,41.160049114281136]],[[-95.38398608676086,41.160049114281136],[-95.38398608676086,41.160013726108836]],[[-95.36904208502233,41.15999322851043],[-95.36981989862579,41.15999613728369]],[[-95.34511415411025,41.15990374572772],[-95.3475806881276,41.15991296977339]],[[-95.1675890800359,41.159239858921616],[-95.31778995876346,41.15980156200594]],[[-95.85777289382894,42.909094644336434],[-95.3875753807538,42.90995370402703]],[[-95.3875753807538,42.90995370402703],[-95.3875753807538,43.255295699646986]],[[-95.3875753807538,43.255295699646986],[-95.86136218782187,43.25787287871878]],[[-95.86136218782187,43.25787287871878],[-95.86136218782187,42.99671873277732],[-95.85777289382894,42.909094644336434]],[[-94.91378857368574,42.56031640995409],[-94.4435910606106,42.558598290572895]],[[-94.4435910606106,42.558598290572895],[-94.4435910606106,42.90823558464584]],[[-94.4435910606106,42.90823558464584],[-94.91378857368574,42.90995370402703]],[[-94.91378857368574,42.90995370402703],[-94.91378857368574,42.56031640995409]],[[-95.67112960619606,41.8627599411894],[-95.55627219842198,41.86361900088]],[[-95.08966397933979,42.21067911588115],[-95.32296808888088,42.21067911588115]],[[-95.67112960619606,42.21153817557175],[-95.67112960619606,41.8627599411894]],[[-94.93268483093074,41.50453205021049],[-94.87326342446804,41.50453205021049]],[[-94.85319577707706,41.50453205021049],[-94.70202022810227,41.50453205021049]],[[-94.70202022810227,41.50453205021049],[-94.70202022810227,41.60221395753093]],[[-94.74419862248317,41.60246485493854],[-94.74509175601756,41.60246485493854],[-94.74509175601756,41.8627599411894]],[[-94.85994916379164,42.20982005619055],[-94.8563598697987,42.4744104408944],[-94.91378857368574,42.4744104408944],[-94.91378857368574,42.56031640995409]],[[-94.91378857368574,42.56031640995409],[-95.3875753807538,42.562034529335286]],[[-96.3566436567559,42.214974208316285],[-95.67112960619606,42.21153817557175]],[[-95.74291548605486,42.56117546964469],[-95.86136218782187,42.56031640995409]],[[-95.86136218782187,42.56031640995409],[-96.49863989995399,42.5611732959333]],[[-96.49863989995399,42.5611732959333],[-96.47696,42.555972],[-96.476733,42.545383],[-96.479949,42.524246],[-96.490598,42.520404],[-96.4930779305793,42.51736342542425],[-96.44641710867108,42.49073257501574],[-96.401962,42.48644],[-96.396124,42.484361],[-96.386013,42.474506],[-96.381305,42.461695],[-96.380705,42.446393],[-96.387608,42.432494],[-96.407383,42.415945],[-96.41411346273462,42.40671329489316],[-96.41411346273462,42.39127118368852],[-96.408436,42.376092],[-96.41411346273462,42.36575895064485],[-96.41411346273462,42.343814190852264],[-96.3923493296746,42.32924144818181],[-96.384169,42.325874],[-96.37581608098404,42.318809202163365],[-96.369969,42.310878],[-96.36859058956574,42.30418224911324],[-96.35668475884758,42.276826712057115],[-96.341387,42.269087],[-96.331312,42.259408],[-96.327706,42.249992],[-96.32987,42.239748],[-96.322868,42.233637],[-96.323723,42.229887],[-96.337025,42.217463],[-96.345033,42.217495],[-96.3566436567559,42.214974208316285]],[[-95.87930865778657,41.160049114281136],[-95.38398608676086,41.160049114281136]],[[-95.1542712712127,41.505216219357344],[-95.1542712712127,41.50539110990109]],[[-95.49884349453494,41.50625016959169],[-95.99611431748819,41.50710640362672]],[[-95.99611431748819,41.50710640362672],[-95.99821943722417,41.5048877872891],[-96.00493394753947,41.47274684165841],[-95.94776061691304,41.465904924582944],[-95.93634,41.465304],[-95.92451,41.458914],[-95.919989,41.452604],[-95.920857,41.443428],[-95.932311,41.432071],[-95.932255,41.423073],[-95.929478,41.415329],[-95.932439,41.404],[-95.93637194807039,41.398570092121155],[-95.93738240588284,41.389283556649325],[-95.930575,41.377676],[-95.928774,41.37008],[-95.930965,41.364495],[-95.936923,41.359247],[-95.94895251283906,41.35605335866097],[-95.95432026293894,41.340636785655576],[-95.95299967632047,41.339048425100174],[-95.89788362308755,41.32123997234151],[-95.885554,41.318097],[-95.874184,41.307924],[-95.871442,41.293408],[-95.877481,41.284583],[-95.891,41.27804],[-95.90284,41.274374],[-95.912581,41.279527],[-95.907177,41.284938],[-95.90487995126634,41.29980508900792],[-95.92876188973311,41.28177805041161],[-95.915937,41.272725],[-95.922395,41.26546],[-95.921364,41.258181],[-95.911296,41.239442],[-95.91161230372303,41.22705577014769],[-95.92238018570185,41.190975263142626],[-95.89396783097436,41.18535770854254],[-95.880658,41.187663],[-95.867624,41.188416],[-95.856125,41.186949],[-95.847241,41.183351],[-95.84165845981582,41.175015350388925],[-95.843443,41.169096],[-95.853451,41.165518],[-95.86083478508726,41.16688238287832],[-95.87930865778657,41.160049114281136]],[[-95.81331622394606,40.90147214741147],[-95.38495881067985,40.90147214741147]],[[-95.87930865778657,41.160049114281136],[-95.87430402741488,41.13220013554596],[-95.867228,41.121493],[-95.867072,41.108379],[-95.862427,41.089687],[-95.86495148181481,41.080156563055624],[-95.87930865778657,41.05352571264712],[-95.860862,41.038547],[-95.859918,41.025403],[-95.8673648821518,41.014648523814756],[-95.86167496649837,40.99612775349356],[-95.842754,40.988812],[-95.832055,40.98114],[-95.828329,40.972378],[-95.829829,40.963857],[-95.83574126395676,40.95447001973613],[-95.83982642386424,40.94012983348833],[-95.81759608804093,40.90592599820442],[-95.81331622394606,40.90147214741147]],[[-95.3875753807538,43.255295699646986],[-95.3875753807538,43.50012771146711]],[[-95.3875753807538,43.50012771146711],[-95.433839,43.500113],[-95.454614,43.500647],[-95.478276,43.500024],[-95.689309,43.499881],[-95.86136218782187,43.500037265265455]],[[-95.86136218782187,43.500037265265455],[-95.86136218782187,43.25787287871878]],[[-93.24663066117965,41.8627599411894],[-93.25390654421786,41.8627599411894]],[[-93.23021344653847,41.8627599411894],[-93.2332322697684,41.8627599411894]],[[-93.2332322697684,41.8627599411894],[-93.23040969099691,41.8627599411894]],[[-93.23183871876128,42.20896099649996],[-93.6970179100791,42.20896099649996]],[[-95.86136218782187,42.56031640995409],[-95.85777289382894,42.909094644336434]],[[-95.85777289382894,42.909094644336434],[-96.53614945849458,42.909094644336434]],[[-96.53614945849458,42.909094644336434],[-96.53720994379331,42.90059180900371],[-96.528536,42.897666],[-96.527163,42.890628],[-96.53854199112355,42.88991162407537],[-96.54332804648045,42.85153764506644],[-96.55504247095986,42.847459501002525],[-96.548598,42.840891],[-96.552778,42.835961],[-96.558942,42.83965],[-96.562671,42.836839],[-96.563042,42.8283],[-96.574424,42.837978],[-96.582391,42.834282],[-96.577531,42.828136],[-96.585808,42.823776],[-96.59357816238162,42.793121586105855],[-96.607993,42.784434],[-96.63306039630396,42.77078603415033],[-96.63255197619623,42.76153797455459],[-96.625601,42.754433],[-96.623023,42.758365],[-96.620306,42.753499],[-96.63042,42.750207],[-96.63162248085771,42.74463064112327],[-96.63054986999164,42.72512006500418],[-96.624691,42.725626],[-96.628011,42.717798],[-96.624315,42.71518],[-96.629333,42.709015],[-96.62606488739925,42.70403006270948],[-96.623881,42.707555],[-96.61973532669164,42.70130321813981],[-96.61406666540653,42.69886109633127],[-96.609436,42.702421],[-96.604528,42.698565],[-96.61099566364163,42.69753807489695],[-96.6050493897243,42.6949763545043],[-96.60113,42.699114],[-96.594336,42.694579],[-96.596453,42.691472],[-96.586342,42.689794],[-96.58542069533674,42.68652009645215],[-96.57461687508001,42.68144564189639],[-96.54980021093233,42.66048232297567],[-96.543482,42.661433],[-96.537976,42.655976],[-96.5377712828694,42.65032115652086],[-96.51461369453695,42.63075930458304],[-96.51114553946925,42.61395046068186],[-96.504653,42.604998],[-96.499086,42.588425],[-96.491492,42.586103],[-96.496026,42.580382],[-96.486198,42.575784],[-96.486146,42.573149],[-96.49863989995399,42.5611732959333]],[[-95.37061178381842,40.72800089998622],[-95.37576364173799,40.72830916071097]],[[-95.81331622394606,40.90147214741147],[-95.809775,40.895447],[-95.812083,40.884239],[-95.815933,40.879846],[-95.824989,40.875],[-95.83989881532126,40.8716490402337],[-95.84271071690645,40.84775757535968],[-95.837186,40.835347],[-95.838601,40.826175],[-95.843921,40.817686],[-95.84442756529715,40.80633580254336],[-95.83264783587835,40.78378096979969],[-95.836903,40.776477],[-95.850144,40.766663],[-95.86755741047507,40.760643385494106],[-95.87932373563412,40.75278805954584],[-95.88603401624351,40.723076413044936],[-95.88379558112624,40.71857862232962],[-95.877015,40.714287],[-95.861798,40.709242],[-95.852615,40.702262],[-95.847581,40.692954],[-95.84636394557742,40.683937668048216],[-95.8332126220558,40.67176682939334],[-95.81324619532603,40.66552897716537],[-95.795489,40.662384],[-95.78598701397013,40.65749919528194],[-95.776251,40.647463],[-95.77071294095563,40.637027340204796],[-95.75009407404073,40.60939185260852],[-95.748858,40.599965],[-95.753148,40.59284],[-95.7644512500125,40.58533818127181],[-95.68747127483633,40.58432399710004],[-95.647973,40.584398],[-95.610881,40.583491],[-95.488514,40.581735],[-95.373923,40.580503]],[[-95.3875753807538,42.90995370402703],[-94.91378857368574,42.90995370402703]],[[-94.91378857368574,42.90995370402703],[-94.91378857368574,43.255295699646986]],[[-94.91378857368574,43.255295699646986],[-95.3875753807538,43.255295699646986]],[[-94.4435910606106,42.90823558464584],[-93.96980425354253,42.90737652495524]],[[-93.96980425354253,42.90737652495524],[-93.96980425354253,43.49926865177651]],[[-93.96980425354253,43.49926865177651],[-94.2461798909989,43.50012771146711],[-94.4435910606106,43.50041672137278]],[[-94.4435910606106,43.50041672137278],[-94.4435910606106,42.90823558464584]],[[-96.13773782527825,41.86619617995179],[-96.132615,41.862053],[-96.120152,41.857188],[-96.111252,41.850229],[-96.107617,41.8404],[-96.110797,41.832157],[-96.109746,41.823992],[-96.1064090453817,41.81946668944271],[-96.09015671692926,41.812011194331795],[-96.076294,41.808268],[-96.06595194541946,41.80090764346643],[-96.064897,41.791673],[-96.07010444085277,41.78566851782763],[-96.07671982739826,41.76139089769897],[-96.087361,41.752176],[-96.09671311088559,41.74942794345197],[-96.10484520177133,41.742941013717314],[-96.0965533049578,41.72507981067127],[-96.08647,41.72186],[-96.077498,41.716485],[-96.0731,41.709169],[-96.073225,41.704062],[-96.077712,41.700022],[-96.12254484328689,41.68352562068753],[-96.11062606676714,41.667189922558016],[-96.100055,41.661077],[-96.096116,41.654472],[-96.09549793993862,41.646026994484586],[-96.100709,41.635451],[-96.10762150819708,41.62986066826621],[-96.11818431621985,41.61577555762571],[-96.11795617457734,41.61207535677262],[-96.08030912139121,41.580129302983025],[-96.09091489842885,41.53274619168304],[-96.08981446566979,41.53145790013599],[-96.037616302571,41.50813748369702],[-96.03005900549005,41.53975349752497],[-96.02349,41.543438],[-96.013876,41.545315],[-96.005112,41.54325],[-95.9977553595536,41.53889443783437],[-95.9977553595536,41.533275917131874],[-95.992777,41.514596],[-95.99611431748819,41.50710640362672]],[[-95.67112960619606,41.8627599411894],[-96.13773782527825,41.86619617995179]],[[-94.4435910606106,42.90823558464584],[-94.4435910606106,42.64536331932319]],[[-95.86136218782187,43.25787287871878],[-96.09825559135591,43.25701381902818],[-96.5536672452499,43.25958857445883]],[[-96.5536672452499,43.25958857445883],[-96.549534,43.248372],[-96.5568747970122,43.245956593601065],[-96.56105840314282,43.22542990183331],[-96.555281,43.226666],[-96.540119,43.225655],[-96.535823,43.227606],[-96.52558092120613,43.2233016900536],[-96.4981681158994,43.22248156929687],[-96.485653,43.224222],[-96.4751314606146,43.22179237171371],[-96.47404038634168,43.21095518087343],[-96.470811,43.207543],[-96.47331736359219,43.203773694046525],[-96.47147687454078,43.18549287523833],[-96.465247,43.182916],[-96.466036,43.170725],[-96.4687911649711,43.15881682955484],[-96.463968,43.156199],[-96.46804198312181,43.15137551517651],[-96.460824,43.144177],[-96.450598,43.142521],[-96.443134,43.133636],[-96.44140049589473,43.125776405838614],[-96.43564922669226,43.120423328223275],[-96.45359569665696,43.08348376152761],[-96.455324,43.075469],[-96.460742,43.064337],[-96.467345,43.06196],[-96.47674,43.062697],[-96.488727,43.054165],[-96.489201,43.051494],[-96.504363,43.048735],[-96.51092329414094,43.04970940757146],[-96.4983766056507,43.01607672973548],[-96.491981,43.010197],[-96.4930779305793,43.0018730909209],[-96.52056674199201,42.9788460403206],[-96.515992,42.972988],[-96.50516,42.971095],[-96.503005,42.968279],[-96.50203938891842,42.957261569825526],[-96.53614945849458,42.909094644336434]],[[-93.81546461184611,41.86361900088],[-94.16362612916129,41.86361900088]],[[-96.3566436567559,42.214974208316285],[-96.35504235481515,42.20396783563765],[-96.348474,42.196146],[-96.347278,42.185774],[-96.350268,42.177943],[-96.34711513779091,42.16541038803553],[-96.27054170301703,42.118759728987285],[-96.267486,42.10978],[-96.26838,42.09524],[-96.2720337872858,42.089119213447766],[-96.27406754084814,42.04871834244546],[-96.27303810766092,42.0470218220877],[-96.25416293911648,42.039492534303136],[-96.246832,42.041616],[-96.234356,42.040712],[-96.225656,42.035217],[-96.22029158711587,42.02598128240282],[-96.227867,42.018651],[-96.23823805708057,42.012236327353264],[-96.21227308023153,42.007679068734646],[-96.206083,42.009267],[-96.194556,42.008662],[-96.184711,42.004972],[-96.18780089101138,41.97835793463216],[-96.177204,41.976308],[-96.158049,41.980275],[-96.142715,41.978491],[-96.133203,41.974944],[-96.1289,41.969727],[-96.13377390164214,41.95493380915543],[-96.13847701986415,41.93016968996173],[-96.136133,41.92353],[-96.14132711927118,41.915162582315816],[-96.1617402102223,41.90620554229894],[-96.15640821444786,41.89556100862787],[-96.148186,41.887166],[-96.1467578557251,41.88038290344848],[-96.13773782527825,41.86619617995179]],[[-94.4435910606106,42.473551381203805],[-94.4435910606106,42.558598290572895]],[[-94.6298191674836,41.8627599411894],[-94.74509175601756,41.8627599411894]],[[-93.49734651654636,43.49926865177651],[-93.96980425354253,43.49926865177651]],[[-93.96980425354253,43.49926865177651],[-93.96980425354253,43.255295699646986]],[[-94.91378857368574,43.50012771146711],[-95.3875753807538,43.50012771146711]],[[-93.0251451297492,42.90737652495524],[-93.02581993339933,42.90737652495524]],[[-95.3875753807538,42.562034529335286],[-95.3875753807538,42.90995370402703]],[[-94.4435910606106,42.90823558464584],[-94.4435910606106,43.255295699646986]],[[-95.86136218782187,43.500037265265455],[-95.993077,43.500124],[-96.59716745637456,43.50012771146711],[-96.57922098640987,43.48122839827398],[-96.585319,43.471257],[-96.582402,43.466739],[-96.59470826696574,43.46163574924043],[-96.60088321898405,43.45382394088213],[-96.60118978123349,43.44724560916503],[-96.57897707769516,43.43177978662501],[-96.569922,43.428005],[-96.57002968038043,43.42555006952525],[-96.52987668706604,43.3975931363235],[-96.525242,43.396072],[-96.52172,43.386755],[-96.524405,43.379175],[-96.521349,43.375696],[-96.52637427272457,43.368328318183764],[-96.5289708705087,43.29996680355803],[-96.538764,43.298544],[-96.541156,43.295392],[-96.553082,43.292835],[-96.554712,43.296509],[-96.56438,43.294639],[-96.57922098640987,43.29567150510504],[-96.5536672452499,43.25958857445883]]]}